; generated by Slic3r 1.3.1-dev (Build (Unknown revision)) on 2026-05-30 at 00:47:40

; external perimeters extrusion width = 0.55mm (4.37mm^3/s)
; perimeters extrusion width = 0.70mm (11.44mm^3/s)
; infill extrusion width = 0.62mm (13.45mm^3/s)
; solid infill extrusion width = 0.70mm (3.81mm^3/s)
; top infill extrusion width = 0.70mm (2.86mm^3/s)
; support material extrusion width = 0.55mm (8.74mm^3/s)

M107
G92 E0
M104 S200 ; set temperature
G28 ; home all axes
G1 Z5 F5000 ; lift nozzle


Filament gcode\n
M109 S200 ; set temperature and wait for it to be reached
G21 ; set units to millimeters
G90 ; use absolute coordinates
M82 ; use absolute distances for extrusion
G92 E0
G1 Z0.200 F7800.000
G1 E-2.00000 F2400.00000
G92 E0
G1 X83.128 Y84.472 F7800.000
G1 E2.00000 F2400.00000
G1 F1800.000
G1 X84.906 Y82.817 E2.02455
G1 X87.124 Y81.824 E2.04909
G1 X88.622 Y81.591 E2.06442
G1 X98.388 Y81.082 E2.16322
G1 X101.093 Y81.081 E2.19055
G1 X111.359 Y81.590 E2.29439
G1 X113.733 Y82.106 E2.31894
G1 X115.814 Y83.360 E2.34349
G1 X117.379 Y85.218 E2.36803
G1 X118.261 Y87.482 E2.39258
G1 X118.419 Y89.009 E2.40809
G1 X118.419 Y110.991 E2.63018
G1 X118.022 Y113.388 E2.65472
G1 X116.872 Y115.528 E2.67927
G1 X115.094 Y117.183 E2.70382
G1 X112.876 Y118.176 E2.72836
G1 X110.991 Y118.419 E2.74757
G1 X89.009 Y118.419 E2.96966
G1 X86.612 Y118.022 E2.99420
G1 X84.472 Y116.872 E3.01875
G1 X82.817 Y115.094 E3.04330
G1 X81.824 Y112.876 E3.06784
G1 X81.581 Y110.991 E3.08705
G1 X81.581 Y89.009 E3.30914
G1 X81.978 Y86.612 E3.33368
G1 X83.092 Y84.538 E3.35747
G1 X83.482 Y84.599 F7800.000
G1 F1800.000
G1 X85.250 Y83.020 E3.38142
G1 X87.440 Y82.114 E3.40536
G1 X88.641 Y81.948 E3.41761
G1 X98.407 Y81.438 E3.51641
G1 X101.075 Y81.437 E3.54338
G1 X111.341 Y81.947 E3.64722
G1 X113.655 Y82.459 E3.67117
G1 X115.670 Y83.707 E3.69511
G1 X117.159 Y85.551 E3.71906
G1 X117.955 Y87.784 E3.74300
G1 X118.062 Y89.009 E3.75543
G1 X118.062 Y110.991 E3.97752
G1 X117.665 Y113.327 E4.00146
G1 X116.518 Y115.401 E4.02541
G1 X114.750 Y116.980 E4.04935
G1 X112.560 Y117.886 E4.07330
G1 X110.991 Y118.062 E4.08925
G1 X89.009 Y118.062 E4.31134
G1 X86.673 Y117.665 E4.33529
G1 X84.599 Y116.518 E4.35923
G1 X83.020 Y114.750 E4.38318
G1 X82.114 Y112.560 E4.40712
G1 X81.938 Y110.991 E4.42308
G1 X81.938 Y89.009 E4.64516
G1 X82.335 Y86.673 E4.66911
G1 X83.446 Y84.664 E4.69229
G1 X83.836 Y84.729 F7800.000
G1 F1800.000
G1 X85.592 Y83.230 E4.71562
G1 X88.659 Y82.304 E4.74799
G1 X98.775 Y81.786 E4.85033
G1 X101.058 Y81.794 E4.87339
G1 X111.324 Y82.303 E4.97724
G1 X113.576 Y82.813 E5.00056
G1 X115.522 Y84.055 E5.02389
G1 X116.933 Y85.883 E5.04722
G1 X117.705 Y89.009 E5.07976
G1 X117.705 Y110.991 E5.30184
G1 X117.308 Y113.265 E5.32517
G1 X116.164 Y115.271 E5.34850
G1 X114.408 Y116.770 E5.37183
G1 X112.248 Y117.586 E5.39516
G1 X110.991 Y117.705 E5.40791
G1 X89.009 Y117.705 E5.63000
G1 X86.735 Y117.308 E5.65333
G1 X84.729 Y116.164 E5.67666
G1 X83.230 Y114.408 E5.69999
G1 X82.414 Y112.248 E5.72332
G1 X82.295 Y110.991 E5.73607
G1 X82.295 Y89.009 E5.95816
G1 X82.692 Y86.735 E5.98149
G1 X83.799 Y84.794 E6.00406
G1 X84.190 Y84.863 F7800.000
G1 F1800.000
G1 X85.933 Y83.446 E6.02675
G1 X88.678 Y82.661 E6.05560
G1 X98.775 Y82.143 E6.15775
G1 X101.040 Y82.151 E6.18063
G1 X111.306 Y82.660 E6.28448
G1 X113.494 Y83.166 E6.30717
G1 X115.370 Y84.401 E6.32987
G1 X116.700 Y86.212 E6.35256
G1 X117.348 Y89.009 E6.38157
G1 X117.348 Y110.991 E6.60366
G1 X116.951 Y113.202 E6.62635
G1 X115.810 Y115.137 E6.64905
G1 X114.067 Y116.554 E6.67174
G1 X110.991 Y117.348 E6.70384
G1 X89.009 Y117.348 E6.92593
G1 X86.798 Y116.951 E6.94863
G1 X84.863 Y115.810 E6.97132
G1 X83.446 Y114.067 E6.99401
G1 X82.652 Y110.991 E7.02612
G1 X82.652 Y89.009 E7.24820
G1 X83.049 Y86.798 E7.27090
G1 X84.152 Y84.928 E7.29283
G1 E5.29283 F2400.00000
G92 E0
G1 X89.028 Y110.971 F7800.000
G1 E2.00000 F2400.00000
G1 F1800.000
G1 X110.972 Y110.971 E2.31483
G1 X110.972 Y110.461 E2.32215
G1 X89.028 Y110.461 E2.63698
G1 X89.028 Y109.951 E2.64430
G1 X110.972 Y109.951 E2.95912
G1 X110.972 Y109.441 E2.96645
G1 X89.028 Y109.441 E3.28127
G1 X89.028 Y108.930 E3.28859
G1 X110.972 Y108.930 E3.60342
G1 X110.972 Y108.420 E3.61074
G1 X89.028 Y108.420 E3.92557
G1 X89.028 Y107.910 E3.93289
G1 X110.972 Y107.910 E4.24772
G1 X110.972 Y107.399 E4.25504
G1 X89.028 Y107.399 E4.56987
G1 X89.028 Y106.889 E4.57719
G1 X110.972 Y106.889 E4.89202
G1 X110.972 Y106.379 E4.89934
G1 X89.028 Y106.379 E5.21417
G1 X89.028 Y105.868 E5.22149
G1 X110.972 Y105.868 E5.53631
G1 X110.972 Y105.358 E5.54364
G1 X89.028 Y105.358 E5.85846
G1 X89.028 Y104.848 E5.86578
G1 X110.972 Y104.848 E6.18061
G1 X110.972 Y104.338 E6.18793
G1 X89.028 Y104.338 E6.50276
G1 X89.028 Y103.827 E6.51008
G1 X110.972 Y103.827 E6.82491
G1 X110.972 Y103.317 E6.83223
G1 X89.028 Y103.317 E7.14706
G1 X89.028 Y102.807 E7.15438
G1 X110.972 Y102.807 E7.46921
G1 X110.972 Y102.296 E7.47653
G1 X89.028 Y102.296 E7.79135
G1 X89.028 Y101.786 E7.79868
G1 X110.972 Y101.786 E8.11350
G1 X110.972 Y101.276 E8.12082
G1 X89.028 Y101.276 E8.43565
G1 X89.028 Y100.765 E8.44297
G1 X110.972 Y100.765 E8.75780
G1 X110.972 Y100.255 E8.76512
G1 X89.028 Y100.255 E9.07995
G1 X89.028 Y99.745 E9.08727
G1 X110.972 Y99.745 E9.40210
G1 X110.972 Y99.235 E9.40942
G1 X89.028 Y99.235 E9.72425
G1 X89.028 Y98.724 E9.73157
G1 X110.972 Y98.724 E10.04639
G1 X110.972 Y98.214 E10.05372
G1 X89.028 Y98.214 E10.36854
G1 X89.028 Y97.704 E10.37586
G1 X110.972 Y97.704 E10.69069
G1 X110.972 Y97.193 E10.69801
G1 X89.028 Y97.193 E11.01284
G1 X89.028 Y96.683 E11.02016
G1 X110.972 Y96.683 E11.33499
G1 X110.972 Y96.173 E11.34231
G1 X89.028 Y96.173 E11.65714
G1 X89.028 Y95.662 E11.66446
G1 X110.972 Y95.662 E11.97929
G1 X110.972 Y95.152 E11.98661
G1 X89.028 Y95.152 E12.30144
G1 X89.028 Y94.642 E12.30876
G1 X110.972 Y94.642 E12.62358
G1 X110.972 Y94.132 E12.63091
G1 X89.028 Y94.132 E12.94573
G1 X89.028 Y93.621 E12.95305
G1 X110.972 Y93.621 E13.26788
G1 X110.972 Y93.111 E13.27520
G1 X89.028 Y93.111 E13.59003
G1 X89.028 Y92.601 E13.59735
G1 X110.972 Y92.601 E13.91218
G1 X110.972 Y92.090 E13.91950
G1 X89.028 Y92.090 E14.23433
G1 X89.028 Y91.580 E14.24165
G1 X110.972 Y91.580 E14.55648
G1 X110.972 Y91.070 E14.56380
G1 X89.028 Y91.070 E14.87862
G1 X89.028 Y90.559 E14.88595
G1 X110.972 Y90.559 E15.20077
G1 X110.972 Y90.049 E15.20809
G1 X89.028 Y90.049 E15.52292
G1 X89.028 Y89.539 E15.53024
G1 X110.972 Y89.539 E15.84507
G1 X110.972 Y89.029 E15.85239
G1 X89.028 Y89.028 E16.16722
G1 X110.972 Y89.029 E16.48205
G1 Z0.570 F7800.000
G1 E14.48205 F2400.00000
G92 E0
G1 X110.990 Y110.990 F7800.000
G1 E2.00000 F2400.00000
G1 F3600.000
G1 X110.990 Y89.010 E2.54143
G1 X110.512 Y89.010 E2.55320
G1 X110.512 Y110.990 E3.09462
G1 X110.034 Y110.990 E3.10639
G1 X110.034 Y89.010 E3.64782
G1 X109.556 Y89.010 E3.65959
G1 X109.556 Y110.990 E4.20101
G1 X109.078 Y110.990 E4.21278
G1 X109.078 Y89.010 E4.75421
G1 X108.601 Y89.010 E4.76598
G1 X108.601 Y110.990 E5.30740
G1 X108.123 Y110.990 E5.31917
G1 X108.123 Y89.010 E5.86060
G1 X107.645 Y89.010 E5.87237
G1 X107.645 Y110.990 E6.41379
G1 X107.167 Y110.990 E6.42556
G1 X107.167 Y89.010 E6.96699
G1 X106.689 Y89.010 E6.97876
G1 X106.689 Y110.990 E7.52018
G1 X106.212 Y110.990 E7.53195
G1 X106.212 Y89.010 E8.07338
G1 X105.734 Y89.010 E8.08515
G1 X105.734 Y110.990 E8.62657
G1 X105.256 Y110.990 E8.63834
G1 X105.256 Y89.010 E9.17977
G1 X104.778 Y89.010 E9.19154
G1 X104.778 Y110.990 E9.73297
G1 X104.300 Y110.990 E9.74474
G1 X104.300 Y89.010 E10.28616
G1 X103.823 Y89.010 E10.29793
G1 X103.823 Y110.990 E10.83936
G1 X103.345 Y110.990 E10.85113
G1 X103.345 Y89.010 E11.39255
G1 X102.867 Y89.010 E11.40432
G1 X102.867 Y110.990 E11.94575
G1 X102.389 Y110.990 E11.95752
G1 X102.389 Y89.010 E12.49894
G1 X101.911 Y89.010 E12.51071
G1 X101.911 Y110.990 E13.05214
G1 X101.433 Y110.990 E13.06391
G1 X101.433 Y89.010 E13.60533
G1 X100.956 Y89.010 E13.61710
G1 X100.956 Y110.990 E14.15853
G1 X100.478 Y110.990 E14.17030
G1 X100.478 Y89.010 E14.71172
G1 X100.000 Y89.010 E14.72349
G1 X100.000 Y110.990 E15.26492
G1 X99.522 Y110.990 E15.27669
G1 X99.522 Y89.010 E15.81812
G1 X99.044 Y89.010 E15.82989
G1 X99.044 Y110.990 E16.37131
G1 X98.567 Y110.990 E16.38308
G1 X98.567 Y89.010 E16.92451
G1 X98.089 Y89.010 E16.93628
G1 X98.089 Y110.990 E17.47770
G1 X97.611 Y110.990 E17.48947
G1 X97.611 Y89.010 E18.03090
G1 X97.133 Y89.010 E18.04267
G1 X97.133 Y110.990 E18.58409
G1 X96.655 Y110.990 E18.59586
G1 X96.655 Y89.010 E19.13729
G1 X96.178 Y89.010 E19.14906
G1 X96.177 Y110.990 E19.69048
G1 X95.700 Y110.990 E19.70225
G1 X95.700 Y89.010 E20.24368
G1 X95.222 Y89.010 E20.25545
G1 X95.222 Y110.990 E20.79687
G1 X94.744 Y110.990 E20.80864
G1 X94.744 Y89.010 E21.35007
G1 X94.266 Y89.010 E21.36184
G1 X94.266 Y110.990 E21.90326
G1 X93.788 Y110.990 E21.91503
G1 X93.788 Y89.010 E22.45646
G1 X93.311 Y89.010 E22.46823
G1 X93.311 Y110.990 E23.00966
G1 X92.833 Y110.990 E23.02143
G1 X92.833 Y89.010 E23.56285
G1 X92.355 Y89.010 E23.57462
G1 X92.355 Y110.990 E24.11605
G1 X91.877 Y110.990 E24.12782
G1 X91.877 Y89.010 E24.66924
G1 X91.399 Y89.010 E24.68101
G1 X91.399 Y110.990 E25.22244
G1 X90.922 Y110.990 E25.23421
G1 X90.922 Y89.010 E25.77563
G1 X90.444 Y89.010 E25.78740
G1 X90.444 Y110.990 E26.32883
G1 X89.966 Y110.990 E26.34060
G1 X89.966 Y89.010 E26.88202
G1 X89.488 Y89.010 E26.89379
G1 X89.488 Y110.990 E27.43522
G1 X89.010 Y110.990 E27.44699
G1 X89.010 Y89.010 E27.98841
G1 Z0.950 F7800.000
G1 E25.98841 F2400.00000
G92 E0
G1 X110.991 Y89.009 F7800.000
G1 E2.00000 F2400.00000
G1 F3600.000
G1 X89.009 Y89.009 E2.55358
G1 X89.009 Y89.487 E2.56561
G1 X110.991 Y89.487 E3.11919
G1 X110.991 Y89.965 E3.13122
G1 X89.009 Y89.965 E3.68480
G1 X89.009 Y90.443 E3.69683
G1 X110.991 Y90.443 E4.25041
G1 X110.991 Y90.921 E4.26244
G1 X89.009 Y90.921 E4.81602
G1 X89.009 Y91.399 E4.82806
G1 X110.991 Y91.399 E5.38163
G1 X110.991 Y91.876 E5.39367
G1 X89.009 Y91.876 E5.94724
G1 X89.009 Y92.354 E5.95928
G1 X110.991 Y92.354 E6.51285
G1 X110.991 Y92.832 E6.52489
G1 X89.009 Y92.832 E7.07847
G1 X89.009 Y93.310 E7.09050
G1 X110.991 Y93.310 E7.64408
G1 X110.991 Y93.788 E7.65611
G1 X89.009 Y93.788 E8.20969
G1 X89.009 Y94.266 E8.22172
G1 X110.991 Y94.266 E8.77530
G1 X110.991 Y94.744 E8.78733
G1 X89.009 Y94.744 E9.34091
G1 X89.009 Y95.221 E9.35294
G1 X110.991 Y95.221 E9.90652
G1 X110.991 Y95.699 E9.91855
G1 X89.009 Y95.699 E10.47213
G1 X89.009 Y96.177 E10.48417
G1 X110.991 Y96.177 E11.03774
G1 X110.991 Y96.655 E11.04978
G1 X89.009 Y96.655 E11.60335
G1 X89.009 Y97.133 E11.61539
G1 X110.991 Y97.133 E12.16896
G1 X110.991 Y97.611 E12.18100
G1 X89.009 Y97.611 E12.73458
G1 X89.009 Y98.089 E12.74661
G1 X110.991 Y98.089 E13.30019
G1 X110.991 Y98.566 E13.31222
G1 X89.009 Y98.566 E13.86580
G1 X89.009 Y99.044 E13.87783
G1 X110.991 Y99.044 E14.43141
G1 X110.991 Y99.522 E14.44344
G1 X89.009 Y99.522 E14.99702
G1 X89.009 Y100.000 E15.00905
G1 X110.991 Y100.000 E15.56263
G1 X110.991 Y100.478 E15.57467
G1 X89.009 Y100.478 E16.12824
G1 X89.009 Y100.956 E16.14028
G1 X110.991 Y100.956 E16.69385
G1 X110.991 Y101.434 E16.70589
G1 X89.009 Y101.434 E17.25946
G1 X89.009 Y101.911 E17.27150
G1 X110.991 Y101.911 E17.82508
G1 X110.991 Y102.389 E17.83711
G1 X89.009 Y102.389 E18.39069
G1 X89.009 Y102.867 E18.40272
G1 X110.991 Y102.867 E18.95630
G1 X110.991 Y103.345 E18.96833
G1 X89.009 Y103.345 E19.52191
G1 X89.009 Y103.823 E19.53394
G1 X110.991 Y103.823 E20.08752
G1 X110.991 Y104.301 E20.09955
G1 X89.009 Y104.301 E20.65313
G1 X89.009 Y104.779 E20.66516
G1 X110.991 Y104.779 E21.21874
G1 X110.991 Y105.256 E21.23078
G1 X89.009 Y105.256 E21.78435
G1 X89.009 Y105.734 E21.79639
G1 X110.991 Y105.734 E22.34996
G1 X110.991 Y106.212 E22.36200
G1 X89.009 Y106.212 E22.91557
G1 X89.009 Y106.690 E22.92761
G1 X110.991 Y106.690 E23.48119
G1 X110.991 Y107.168 E23.49322
G1 X89.009 Y107.168 E24.04680
G1 X89.009 Y107.646 E24.05883
G1 X110.991 Y107.646 E24.61241
G1 X110.991 Y108.124 E24.62444
G1 X89.009 Y108.124 E25.17802
G1 X89.009 Y108.601 E25.19005
G1 X110.991 Y108.601 E25.74363
G1 X110.991 Y109.079 E25.75566
G1 X89.009 Y109.079 E26.30924
G1 X89.009 Y109.557 E26.32127
G1 X110.991 Y109.557 E26.87485
G1 X110.991 Y110.035 E26.88689
G1 X89.009 Y110.035 E27.44046
G1 X89.009 Y110.513 E27.45250
G1 X110.991 Y110.513 E28.00607
G1 X110.991 Y110.991 E28.01811
G1 X89.009 Y110.991 E28.57168
M106 S229.5
G1 Z1.450 F7800.000
G1 E26.57168 F2400.00000
G92 E0
G1 X100.725 Y89.175 F7800.000
G1 E2.00000 F2400.00000
G1 F3600.000
G1 X100.725 Y88.500 E2.02114
G1 X98.775 Y88.500 E2.08220
G1 X98.775 Y89.175 E2.10334
G1 X100.725 Y89.175 E2.16440
G1 Z1.650 F7800.000
G1 E0.16440 F2400.00000
G92 E0
G1 X108.877 Y108.877 F7800.000
G1 E2.00000 F2400.00000
M106 S255

G1 F3600.000
G1 X91.123 Y108.877 E2.49317
G1 X91.123 Y91.123 E2.98634
G1 X108.877 Y91.123 E3.47952
G1 X108.877 Y108.802 E3.97061
M106 S229.5

G1 X109.295 Y109.295 F7800.000
M106 S255

G1 F3600.000
G1 X90.705 Y109.295 E4.48698
G1 X90.705 Y90.705 E5.00336
G1 X109.295 Y90.705 E5.51974
G1 X109.295 Y109.220 E6.03403
M106 S229.5

G1 X109.725 Y109.725 F7800.000
M106 S255

G1 F3600.000
G1 X90.275 Y109.725 E6.57431
G1 X90.275 Y90.275 E7.11459
G1 X109.725 Y90.275 E7.65487
G1 X109.725 Y109.650 E8.19306
M106 S229.5

G1 E6.19306 F2400.00000
G92 E0
G1 X108.581 Y91.795 F7800.000
G1 E2.00000 F2400.00000
M106 S255

G1 F3600.000
G1 X108.205 Y91.419 E2.01491
G1 X107.424 Y91.419 E2.03678
G1 X108.581 Y92.576 E2.08262
G1 X108.581 Y93.357 E2.10449
G1 X106.643 Y91.419 E2.18126
G1 X105.863 Y91.419 E2.20313
G1 X108.581 Y94.137 E2.31082
G1 X108.581 Y94.918 E2.33269
G1 X105.082 Y91.419 E2.47131
G1 X104.301 Y91.419 E2.49318
G1 X108.581 Y95.699 E2.66273
G1 X108.581 Y96.480 E2.68460
G1 X103.520 Y91.419 E2.88508
G1 X102.740 Y91.419 E2.90695
G1 X108.581 Y97.260 E3.13835
G1 X108.581 Y98.041 E3.16022
G1 X101.959 Y91.419 E3.42255
G1 X101.178 Y91.419 E3.44442
G1 X108.581 Y98.822 E3.73767
G1 X108.581 Y99.603 E3.75954
G1 X100.397 Y91.419 E4.08373
G1 X99.617 Y91.419 E4.10560
G1 X108.581 Y100.383 E4.46071
G1 X108.581 Y101.164 E4.48258
G1 X98.836 Y91.419 E4.86862
G1 X98.055 Y91.419 E4.89049
G1 X108.581 Y101.945 E5.30745
G1 X108.581 Y102.726 E5.32932
G1 X97.274 Y91.419 E5.77722
G1 X96.494 Y91.419 E5.79908
G1 X108.581 Y103.506 E6.27791
G1 X108.581 Y104.287 E6.29977
G1 X95.713 Y91.419 E6.80952
G1 X94.932 Y91.419 E6.83139
G1 X108.581 Y105.068 E7.37207
G1 X108.581 Y105.849 E7.39394
G1 X94.151 Y91.419 E7.96554
G1 X93.370 Y91.419 E7.98741
G1 X108.581 Y106.630 E8.58994
G1 X108.581 Y107.410 E8.61181
G1 X92.590 Y91.419 E9.24526
G1 X91.809 Y91.419 E9.26713
G1 X108.581 Y108.191 E9.93151
G1 X108.581 Y108.581 E9.94245
G1 X108.191 Y108.581 E9.95338
G1 X91.419 Y91.809 E10.61777
G1 X91.419 Y92.590 E10.63964
G1 X107.410 Y108.581 E11.27310
G1 X106.630 Y108.581 E11.29497
G1 X91.419 Y93.370 E11.89750
G1 X91.419 Y94.151 E11.91937
G1 X105.849 Y108.581 E12.49097
G1 X105.068 Y108.581 E12.51284
G1 X91.419 Y94.932 E13.05352
G1 X91.419 Y95.713 E13.07539
G1 X104.287 Y108.581 E13.58514
G1 X103.507 Y108.581 E13.60701
G1 X91.419 Y96.493 E14.08583
G1 X91.419 Y97.274 E14.10770
G1 X102.726 Y108.581 E14.55559
G1 X101.945 Y108.581 E14.57746
G1 X91.419 Y98.055 E14.99443
G1 X91.419 Y98.836 E15.01630
G1 X101.164 Y108.581 E15.40234
G1 X100.383 Y108.581 E15.42421
G1 X91.419 Y99.617 E15.77932
G1 X91.419 Y100.397 E15.80119
G1 X99.603 Y108.581 E16.12538
G1 X98.822 Y108.581 E16.14725
G1 X91.419 Y101.178 E16.44051
G1 X91.419 Y101.959 E16.46238
G1 X98.041 Y108.581 E16.72471
G1 X97.260 Y108.581 E16.74658
G1 X91.419 Y102.740 E16.97798
G1 X91.419 Y103.520 E16.99985
G1 X96.480 Y108.581 E17.20033
G1 X95.699 Y108.581 E17.22220
G1 X91.419 Y104.301 E17.39175
G1 X91.419 Y105.082 E17.41362
G1 X94.918 Y108.581 E17.55224
G1 X94.137 Y108.581 E17.57411
G1 X91.419 Y105.863 E17.68181
G1 X91.419 Y106.643 E17.70368
G1 X93.357 Y108.581 E17.78045
G1 X92.576 Y108.581 E17.80232
G1 X91.419 Y107.424 E17.84816
G1 X91.419 Y108.205 E17.87003
G1 X91.795 Y108.581 E17.88494
M106 S229.5

M106 S186.15
G1 Z1.950 F7800.000
G1 X108.529 Y108.529 F7800.000
G1 F3600.000
G1 X91.471 Y108.529 E18.34509
G1 X91.471 Y91.471 E18.80524
G1 X108.529 Y91.471 E19.26539
G1 X108.529 Y108.454 E19.72352
G1 X109.164 Y109.164 F7800.000
G1 F3600.000
G1 X90.836 Y109.164 E20.21797
G1 X90.836 Y90.836 E20.71242
G1 X109.164 Y90.836 E21.20686
G1 X109.164 Y109.089 E21.69929
G1 X109.725 Y109.725 F7800.000
G1 F1800.000
G1 X90.275 Y109.725 E22.10016
G1 X90.275 Y90.275 E22.50103
G1 X109.725 Y90.275 E22.90190
G1 X109.725 Y109.650 E23.30122
G1 X109.242 Y109.596 F7800.000
G1 X107.646 Y108.140 F7800.000
G1 F1200.000
G1 X108.140 Y107.646 E23.32016
G1 X108.140 Y106.744 E23.34458
G1 X106.744 Y108.140 E23.39805
G1 X105.842 Y108.140 E23.42247
G1 X108.140 Y105.842 E23.51047
G1 X108.140 Y104.940 E23.53489
G1 X104.940 Y108.140 E23.65743
G1 X104.038 Y108.140 E23.68185
G1 X108.140 Y104.038 E23.83893
G1 X108.140 Y103.135 E23.86335
G1 X103.135 Y108.140 E24.05496
G1 X102.233 Y108.140 E24.07938
G1 X108.140 Y102.233 E24.30553
G1 X108.140 Y101.331 E24.32995
G1 X101.331 Y108.140 E24.59063
G1 X100.429 Y108.140 E24.61505
G1 X108.140 Y100.429 E24.91027
G1 X108.140 Y99.527 E24.93469
G1 X99.527 Y108.140 E25.26444
G1 X98.625 Y108.140 E25.28886
G1 X108.140 Y98.625 E25.65315
G1 X108.140 Y97.723 E25.67757
G1 X97.723 Y108.140 E26.07640
G1 X96.821 Y108.140 E26.10082
G1 X108.140 Y96.821 E26.53418
G1 X108.140 Y95.919 E26.55860
G1 X95.919 Y108.140 E27.02649
G1 X95.017 Y108.140 E27.05091
G1 X108.140 Y95.017 E27.55334
G1 X108.140 Y94.115 E27.57776
G1 X94.115 Y108.140 E28.11473
G1 X93.213 Y108.140 E28.13915
G1 X108.140 Y93.213 E28.71065
G1 X108.140 Y92.311 E28.73507
G1 X92.311 Y108.140 E29.34111
G1 X91.860 Y108.140 E29.35332
G1 X91.860 Y107.689 E29.36553
G1 X107.689 Y91.860 E29.97157
G1 X106.787 Y91.860 E29.99599
G1 X91.860 Y106.787 E30.56750
G1 X91.860 Y105.885 E30.59192
G1 X105.885 Y91.860 E31.12888
G1 X104.983 Y91.860 E31.15330
G1 X91.860 Y104.983 E31.65574
G1 X91.860 Y104.081 E31.68016
G1 X104.081 Y91.860 E32.14805
G1 X103.179 Y91.860 E32.17247
G1 X91.860 Y103.179 E32.60583
G1 X91.860 Y102.277 E32.63025
G1 X102.277 Y91.860 E33.02908
G1 X101.375 Y91.860 E33.05350
G1 X91.860 Y101.375 E33.41779
G1 X91.860 Y100.473 E33.44221
G1 X100.473 Y91.860 E33.77196
G1 X99.571 Y91.860 E33.79638
G1 X91.860 Y99.571 E34.09160
G1 X91.860 Y98.669 E34.11602
G1 X98.669 Y91.860 E34.37671
G1 X97.767 Y91.860 E34.40113
G1 X91.860 Y97.767 E34.62727
G1 X91.860 Y96.865 E34.65169
G1 X96.865 Y91.860 E34.84331
G1 X95.962 Y91.860 E34.86773
G1 X91.860 Y95.962 E35.02480
G1 X91.860 Y95.060 E35.04922
G1 X95.060 Y91.860 E35.17176
G1 X94.158 Y91.860 E35.19618
G1 X91.860 Y94.158 E35.28419
G1 X91.860 Y93.256 E35.30861
G1 X93.256 Y91.860 E35.36208
G1 X92.354 Y91.860 E35.38650
G1 X91.860 Y92.354 E35.40543
G1 Z1.950 F7800.000
G1 E33.40543 F2400.00000
G92 E0
G1 X100.725 Y89.175 F7800.000
G1 E2.00000 F2400.00000
G1 F3600.000
G1 X100.725 Y88.500 E2.02114
G1 X98.775 Y88.500 E2.08220
G1 X98.775 Y89.175 E2.10334
G1 X100.725 Y89.175 E2.16440
G1 Z2.250 F7800.000
G1 E0.16440 F2400.00000
G92 E0
G1 X108.529 Y108.529 F7800.000
G1 E2.00000 F2400.00000
G1 F3600.000
G1 X91.471 Y108.529 E2.46015
G1 X91.471 Y91.471 E2.92031
G1 X108.529 Y91.471 E3.38046
G1 X108.529 Y108.454 E3.83859
G1 X109.164 Y109.164 F7800.000
G1 F3600.000
G1 X90.836 Y109.164 E4.33303
G1 X90.836 Y90.836 E4.82748
G1 X109.164 Y90.836 E5.32193
G1 X109.164 Y109.089 E5.81435
G1 X109.725 Y109.725 F7800.000
G1 F1800.000
G1 X90.275 Y109.725 E6.21522
G1 X90.275 Y90.275 E6.61609
G1 X109.725 Y90.275 E7.01696
G1 X109.725 Y109.650 E7.41629
G1 X109.242 Y109.596 F7800.000
G1 X108.140 Y92.354 F7800.000
G1 F1200.000
G1 X107.646 Y91.860 E7.43522
G1 X106.744 Y91.860 E7.45964
G1 X108.140 Y93.256 E7.51311
G1 X108.140 Y94.158 E7.53753
G1 X105.842 Y91.860 E7.62554
G1 X104.940 Y91.860 E7.64996
G1 X108.140 Y95.060 E7.77250
G1 X108.140 Y95.962 E7.79692
G1 X104.038 Y91.860 E7.95399
G1 X103.135 Y91.860 E7.97841
G1 X108.140 Y96.865 E8.17002
G1 X108.140 Y97.767 E8.19444
G1 X102.233 Y91.860 E8.42059
G1 X101.331 Y91.860 E8.44501
G1 X108.140 Y98.669 E8.70569
G1 X108.140 Y99.571 E8.73011
G1 X100.429 Y91.860 E9.02533
G1 X99.527 Y91.860 E9.04975
G1 X108.140 Y100.473 E9.37951
G1 X108.140 Y101.375 E9.40393
G1 X98.625 Y91.860 E9.76821
G1 X97.723 Y91.860 E9.79264
G1 X108.140 Y102.277 E10.19146
G1 X108.140 Y103.179 E10.21588
G1 X96.821 Y91.860 E10.64924
G1 X95.919 Y91.860 E10.67366
G1 X108.140 Y104.081 E11.14156
G1 X108.140 Y104.983 E11.16598
G1 X95.017 Y91.860 E11.66841
G1 X94.115 Y91.860 E11.69283
G1 X108.140 Y105.885 E12.22980
G1 X108.140 Y106.787 E12.25422
G1 X93.213 Y91.860 E12.82572
G1 X92.311 Y91.860 E12.85014
G1 X108.140 Y107.689 E13.45618
G1 X108.140 Y108.140 E13.46839
G1 X107.689 Y108.140 E13.48060
G1 X91.860 Y92.311 E14.08664
G1 X91.860 Y93.213 E14.11106
G1 X106.787 Y108.140 E14.68256
G1 X105.885 Y108.140 E14.70698
G1 X91.860 Y94.115 E15.24395
G1 X91.860 Y95.017 E15.26837
G1 X104.983 Y108.140 E15.77080
G1 X104.081 Y108.140 E15.79522
G1 X91.860 Y95.919 E16.26312
G1 X91.860 Y96.821 E16.28754
G1 X103.179 Y108.140 E16.72090
G1 X102.277 Y108.140 E16.74532
G1 X91.860 Y97.723 E17.14414
G1 X91.860 Y98.625 E17.16856
G1 X101.375 Y108.140 E17.53285
G1 X100.473 Y108.140 E17.55727
G1 X91.860 Y99.527 E17.88703
G1 X91.860 Y100.429 E17.91145
G1 X99.571 Y108.140 E18.20667
G1 X98.669 Y108.140 E18.23109
G1 X91.860 Y101.331 E18.49177
G1 X91.860 Y102.233 E18.51619
G1 X97.767 Y108.140 E18.74234
G1 X96.865 Y108.140 E18.76676
G1 X91.860 Y103.135 E18.95837
G1 X91.860 Y104.038 E18.98279
G1 X95.962 Y108.140 E19.13987
G1 X95.060 Y108.140 E19.16429
G1 X91.860 Y104.940 E19.28683
G1 X91.860 Y105.842 E19.31125
G1 X94.158 Y108.140 E19.39925
G1 X93.256 Y108.140 E19.42367
G1 X91.860 Y106.744 E19.47714
G1 X91.860 Y107.646 E19.50156
G1 X92.354 Y108.140 E19.52049
G1 Z2.450 F7800.000
G1 E17.52049 F2400.00000
G92 E0
G1 X100.725 Y89.175 F7800.000
G1 E2.00000 F2400.00000
G1 F3600.000
G1 X100.725 Y88.500 E2.02114
G1 X98.775 Y88.500 E2.08220
G1 X98.775 Y89.175 E2.10334
G1 X100.725 Y89.175 E2.16440
M106 S242.25
G1 Z2.550 F7800.000
G1 E0.16440 F2400.00000
G92 E0
G1 X108.529 Y108.529 F7800.000
G1 E2.00000 F2400.00000
G1 F3600.000
G1 X91.471 Y108.529 E2.46015
G1 X91.471 Y91.471 E2.92031
G1 X108.529 Y91.471 E3.38046
G1 X108.529 Y108.454 E3.83859
G1 X109.164 Y109.164 F7800.000
G1 F3600.000
G1 X90.836 Y109.164 E4.33303
G1 X90.836 Y90.836 E4.82748
G1 X109.164 Y90.836 E5.32193
G1 X109.164 Y109.089 E5.81435
G1 X109.725 Y109.725 F7800.000
G1 F1800.000
G1 X90.275 Y109.725 E6.21522
G1 X90.275 Y90.275 E6.61609
G1 X109.725 Y90.275 E7.01696
G1 X109.725 Y109.650 E7.41629
G1 X109.242 Y109.596 F7800.000
G1 X107.931 Y107.388 F7800.000
G1 F4800.000
G1 X107.931 Y105.802 E7.45402
G1 X107.581 Y106.152 E7.46579
G1 X106.955 Y105.985 E7.48119
G1 X105.811 Y107.129 E7.51970
G1 X105.979 Y107.754 E7.53510
G1 X105.802 Y107.931 E7.54104
G1 X107.388 Y107.931 E7.57877
G1 X107.931 Y107.388 E7.59703
G1 X107.931 Y103.924 F7800.000
G1 F4800.000
G1 X107.931 Y101.838 E7.64667
G1 X106.972 Y102.797 E7.67893
G1 X107.139 Y103.422 E7.69433
G1 X105.995 Y104.566 E7.73284
G1 X105.370 Y104.399 E7.74824
G1 X104.225 Y105.543 E7.78674
G1 X104.393 Y106.169 E7.80215
G1 X103.249 Y107.313 E7.84065
G1 X102.623 Y107.145 E7.85606
G1 X101.838 Y107.931 E7.88248
G1 X103.704 Y107.931 E7.92689
G1 X103.645 Y107.709 E7.93234
G1 X104.789 Y106.565 E7.97084
G1 X105.415 Y106.733 E7.98625
G1 X106.559 Y105.588 E8.02475
G1 X106.392 Y104.963 E8.04016
G1 X107.536 Y103.819 E8.07866
G1 X107.931 Y103.924 E8.08839
G1 X107.931 Y100.252 F7800.000
G1 F4800.000
G1 X107.931 Y99.460 E8.10725
G1 X107.156 Y100.234 E8.13332
G1 X106.531 Y100.067 E8.14872
G1 X105.386 Y101.211 E8.18723
G1 X105.554 Y101.836 E8.20263
G1 X104.409 Y102.981 E8.24114
G1 X103.784 Y102.813 E8.25654
G1 X102.640 Y103.958 E8.29505
G1 X102.807 Y104.583 E8.31045
G1 X101.663 Y105.727 E8.34896
G1 X101.038 Y105.560 E8.36436
G1 X99.893 Y106.704 E8.40287
G1 X100.061 Y107.329 E8.41827
G1 X99.460 Y107.931 E8.43850
G1 X100.252 Y107.931 E8.45737
G1 X100.457 Y107.726 E8.46426
G1 X101.083 Y107.893 E8.47966
G1 X102.227 Y106.749 E8.51817
G1 X102.059 Y106.124 E8.53357
G1 X103.204 Y104.979 E8.57208
G1 X103.829 Y105.147 E8.58748
G1 X104.973 Y104.003 E8.62599
G1 X104.806 Y103.377 E8.64139
G1 X105.950 Y102.233 E8.67990
G1 X106.576 Y102.400 E8.69530
G1 X107.720 Y101.256 E8.73380
G1 X107.552 Y100.631 E8.74921
G1 X107.931 Y100.252 E8.76194
G1 X107.931 Y95.799 F7800.000
G1 F4800.000
G1 X107.691 Y95.735 E8.76783
G1 X106.547 Y96.879 E8.80634
G1 X106.715 Y97.504 E8.82174
G1 X105.570 Y98.649 E8.86025
G1 X104.945 Y98.481 E8.87565
G1 X103.801 Y99.625 E8.91416
G1 X103.968 Y100.251 E8.92956
G1 X102.824 Y101.395 E8.96807
G1 X102.198 Y101.228 E8.98347
G1 X101.054 Y102.372 E9.02197
G1 X101.222 Y102.997 E9.03738
G1 X100.077 Y104.142 E9.07588
G1 X99.452 Y103.974 E9.09129
G1 X98.308 Y105.118 E9.12979
G1 X98.475 Y105.744 E9.14520
G1 X97.331 Y106.888 E9.18370
G1 X96.706 Y106.721 E9.19910
G1 X95.561 Y107.865 E9.23761
G1 X95.579 Y107.931 E9.23923
G1 X97.874 Y107.931 E9.29384
G1 X97.895 Y107.910 E9.29454
G1 X97.727 Y107.284 E9.30995
G1 X98.872 Y106.140 E9.34845
G1 X99.497 Y106.308 E9.36385
G1 X100.641 Y105.163 E9.40236
G1 X100.474 Y104.538 E9.41776
G1 X101.618 Y103.394 E9.45627
G1 X102.243 Y103.561 E9.47167
G1 X103.388 Y102.417 E9.51018
G1 X103.220 Y101.792 E9.52558
G1 X104.365 Y100.647 E9.56409
G1 X104.990 Y100.815 E9.57949
G1 X106.134 Y99.670 E9.61800
G1 X105.967 Y99.045 E9.63340
G1 X107.111 Y97.901 E9.67191
G1 X107.736 Y98.068 E9.68731
G1 X107.931 Y97.874 E9.69385
G1 X107.931 Y95.799 E9.74322
G1 X107.931 Y93.910 F7800.000
G1 F4800.000
G1 X107.931 Y92.324 E9.78095
G1 X107.708 Y92.547 E9.78845
G1 X107.875 Y93.172 E9.80385
G1 X106.731 Y94.317 E9.84236
G1 X106.106 Y94.149 E9.85776
G1 X104.961 Y95.293 E9.89627
G1 X105.129 Y95.919 E9.91167
G1 X103.985 Y97.063 E9.95018
G1 X103.359 Y96.895 E9.96558
G1 X102.215 Y98.040 E10.00409
G1 X102.382 Y98.665 E10.01949
G1 X101.238 Y99.809 E10.05800
G1 X100.613 Y99.642 E10.07340
G1 X99.468 Y100.786 E10.11191
G1 X99.636 Y101.412 E10.12731
G1 X98.492 Y102.556 E10.16581
G1 X97.866 Y102.388 E10.18122
G1 X96.722 Y103.533 E10.21972
G1 X96.890 Y104.158 E10.23513
G1 X95.745 Y105.302 E10.27363
G1 X95.120 Y105.135 E10.28904
G1 X93.976 Y106.279 E10.32754
G1 X94.143 Y106.904 E10.34294
G1 X93.117 Y107.931 E10.37747
G1 X93.910 Y107.931 E10.39634
G1 X94.539 Y107.301 E10.41753
G1 X95.165 Y107.468 E10.43293
G1 X96.309 Y106.324 E10.47144
G1 X96.142 Y105.699 E10.48684
G1 X97.286 Y104.554 E10.52535
G1 X97.911 Y104.722 E10.54075
G1 X99.056 Y103.578 E10.57926
G1 X98.888 Y102.952 E10.59466
G1 X100.032 Y101.808 E10.63317
G1 X100.658 Y101.976 E10.64857
G1 X101.802 Y100.831 E10.68707
G1 X101.635 Y100.206 E10.70248
G1 X102.779 Y99.062 E10.74098
G1 X103.404 Y99.229 E10.75639
G1 X104.549 Y98.085 E10.79489
G1 X104.381 Y97.459 E10.81030
G1 X105.525 Y96.315 E10.84880
G1 X106.151 Y96.483 E10.86420
G1 X107.295 Y95.338 E10.90271
G1 X107.127 Y94.713 E10.91811
G1 X107.931 Y93.910 E10.94514
G1 X107.311 Y92.150 F7800.000
G1 F4800.000
G1 X107.393 Y92.069 E10.94787
G1 X107.009 Y92.069 E10.95700
G1 X107.311 Y92.150 E10.96446
G1 X105.542 Y93.127 F7800.000
G1 F4800.000
G1 X106.600 Y92.069 E11.00006
G1 X105.807 Y92.069 E11.01892
G1 X105.145 Y92.731 E11.04118
G1 X104.520 Y92.563 E11.05659
G1 X103.376 Y93.708 E11.09509
G1 X103.543 Y94.333 E11.11050
G1 X102.399 Y95.477 E11.14900
G1 X101.774 Y95.310 E11.16440
G1 X100.629 Y96.454 E11.20291
G1 X100.797 Y97.079 E11.21831
G1 X99.652 Y98.224 E11.25682
G1 X99.027 Y98.056 E11.27222
G1 X97.883 Y99.201 E11.31073
G1 X98.050 Y99.826 E11.32613
G1 X96.906 Y100.970 E11.36464
G1 X96.281 Y100.803 E11.38004
G1 X95.136 Y101.947 E11.41855
G1 X95.304 Y102.572 E11.43395
G1 X94.160 Y103.717 E11.47246
G1 X93.534 Y103.549 E11.48786
G1 X92.390 Y104.694 E11.52637
G1 X92.557 Y105.319 E11.54177
G1 X92.069 Y105.807 E11.55819
G1 X92.069 Y106.600 E11.57706
G1 X92.954 Y105.715 E11.60682
G1 X93.579 Y105.883 E11.62222
G1 X94.723 Y104.738 E11.66073
G1 X94.556 Y104.113 E11.67613
G1 X95.700 Y102.969 E11.71464
G1 X96.326 Y103.136 E11.73004
G1 X97.470 Y101.992 E11.76854
G1 X97.302 Y101.367 E11.78395
G1 X98.447 Y100.222 E11.82245
G1 X99.072 Y100.390 E11.83786
G1 X100.216 Y99.245 E11.87636
G1 X100.049 Y98.620 E11.89177
G1 X101.193 Y97.476 E11.93027
G1 X101.818 Y97.643 E11.94567
G1 X102.963 Y96.499 E11.98418
G1 X102.795 Y95.874 E11.99958
G1 X103.940 Y94.729 E12.03809
G1 X104.565 Y94.897 E12.05349
G1 X105.709 Y93.753 E12.09200
G1 X105.542 Y93.127 E12.10740
G1 X104.124 Y92.167 F7800.000
G1 F4800.000
G1 X104.098 Y92.069 E12.10981
G1 X101.843 Y92.069 E12.16345
G1 X101.790 Y92.122 E12.16523
G1 X101.958 Y92.747 E12.18063
G1 X100.813 Y93.892 E12.21914
G1 X100.188 Y93.724 E12.23454
G1 X99.044 Y94.868 E12.27304
G1 X99.211 Y95.494 E12.28845
G1 X98.067 Y96.638 E12.32695
G1 X97.441 Y96.471 E12.34236
G1 X96.297 Y97.615 E12.38086
G1 X96.465 Y98.240 E12.39627
G1 X95.320 Y99.385 E12.43477
G1 X94.695 Y99.217 E12.45017
G1 X93.551 Y100.361 E12.48868
G1 X93.718 Y100.987 E12.50408
G1 X92.574 Y102.131 E12.54259
G1 X92.069 Y101.996 E12.55502
G1 X92.069 Y104.221 E12.60797
G1 X93.138 Y103.153 E12.64392
G1 X92.970 Y102.527 E12.65932
G1 X94.115 Y101.383 E12.69783
G1 X94.740 Y101.551 E12.71323
G1 X95.884 Y100.406 E12.75174
G1 X95.717 Y99.781 E12.76714
G1 X96.861 Y98.637 E12.80565
G1 X97.486 Y98.804 E12.82105
G1 X98.631 Y97.660 E12.85955
G1 X98.463 Y97.035 E12.87496
G1 X99.608 Y95.890 E12.91346
G1 X100.233 Y96.058 E12.92887
G1 X101.377 Y94.913 E12.96737
G1 X101.210 Y94.288 E12.98278
G1 X102.354 Y93.144 E13.02128
G1 X102.979 Y93.311 E13.03668
G1 X104.124 Y92.167 E13.07519
G1 X99.624 Y92.702 F7800.000
G1 F4800.000
G1 X100.257 Y92.069 E13.09649
G1 X99.464 Y92.069 E13.11536
G1 X99.228 Y92.306 E13.12332
G1 X98.602 Y92.138 E13.13872
G1 X97.458 Y93.283 E13.17723
G1 X97.625 Y93.908 E13.19263
G1 X96.481 Y95.052 E13.23114
G1 X95.856 Y94.885 E13.24654
G1 X94.711 Y96.029 E13.28505
G1 X94.879 Y96.655 E13.30045
G1 X93.735 Y97.799 E13.33896
G1 X93.109 Y97.631 E13.35436
G1 X92.069 Y98.671 E13.38935
G1 X92.069 Y99.165 E13.40110
G1 X92.133 Y99.401 E13.40691
G1 X92.069 Y99.464 E13.40904
G1 X92.069 Y100.257 E13.42790
G1 X92.529 Y99.797 E13.44337
G1 X93.154 Y99.965 E13.45877
G1 X94.299 Y98.821 E13.49728
G1 X94.131 Y98.195 E13.51268
G1 X95.275 Y97.051 E13.55119
G1 X95.901 Y97.219 E13.56659
G1 X97.045 Y96.074 E13.60510
G1 X96.878 Y95.449 E13.62050
G1 X98.022 Y94.305 E13.65900
G1 X98.647 Y94.472 E13.67441
G1 X99.792 Y93.328 E13.71291
G1 X99.624 Y92.702 E13.72832
G1 X97.061 Y92.886 F7800.000
G1 F4800.000
G1 X97.879 Y92.069 E13.75581
G1 X95.972 Y92.069 E13.80117
G1 X96.040 Y92.322 E13.80741
G1 X94.895 Y93.467 E13.84591
G1 X94.270 Y93.299 E13.86131
G1 X93.126 Y94.444 E13.89982
G1 X93.293 Y95.069 E13.91522
G1 X92.149 Y96.213 E13.95373
G1 X92.069 Y96.192 E13.95569
G1 X92.069 Y97.879 E13.99582
G1 X92.713 Y97.235 E14.01748
G1 X92.545 Y96.610 E14.03288
G1 X93.690 Y95.465 E14.07139
G1 X94.315 Y95.633 E14.08679
G1 X95.459 Y94.488 E14.12530
G1 X95.292 Y93.863 E14.14070
G1 X96.436 Y92.719 E14.17920
G1 X97.061 Y92.886 E14.19461
G1 X93.706 Y92.278 F7800.000
G1 F4800.000
G1 X93.914 Y92.069 E14.20161
G1 X92.329 Y92.069 E14.23934
G1 X92.069 Y92.329 E14.24807
G1 X92.069 Y93.914 E14.28580
G1 X92.104 Y93.880 E14.28696
G1 X92.729 Y94.047 E14.30237
G1 X93.874 Y92.903 E14.34087
G1 X93.706 Y92.278 E14.35628
G1 X92.558 Y107.931 F7800.000
G1 F4800.000
G1 X92.373 Y107.881 E14.36081
G1 X92.324 Y107.931 E14.36247
G1 X92.558 Y107.931 E14.36803
G1 Z2.850 F7800.000
G1 X108.529 Y108.529 F7800.000
G1 F3600.000
G1 X91.471 Y108.529 E14.82819
G1 X91.471 Y91.471 E15.28834
G1 X108.529 Y91.471 E15.74849
G1 X108.529 Y108.454 E16.20662
G1 X109.164 Y109.164 F7800.000
G1 F3600.000
G1 X90.836 Y109.164 E16.70107
G1 X90.836 Y90.836 E17.19551
G1 X109.164 Y90.836 E17.68996
G1 X109.164 Y109.089 E18.18238
G1 X109.725 Y109.725 F7800.000
G1 F1800.000
G1 X90.275 Y109.725 E18.58325
G1 X90.275 Y90.275 E18.98412
G1 X109.725 Y90.275 E19.38500
G1 X109.725 Y109.650 E19.78432
G1 X109.242 Y109.596 F7800.000
G1 X107.931 Y92.295 F7800.000
G1 F4800.000
G1 X107.931 Y95.799 E19.86768
G1 X107.691 Y95.735 E19.87357
G1 X107.273 Y94.171 E19.91208
G1 X107.730 Y93.714 E19.92748
G1 X107.311 Y92.150 E19.96599
G1 X107.009 Y92.069 E19.97344
G1 X107.870 Y92.069 E19.99394
G1 X107.931 Y92.295 E19.99951
G1 X106.145 Y92.128 F7800.000
G1 F4800.000
G1 X105.687 Y92.586 E20.01491
G1 X106.106 Y94.149 E20.05342
G1 X106.731 Y94.317 E20.06882
G1 X107.150 Y95.880 E20.10733
G1 X106.692 Y96.337 E20.12273
G1 X107.111 Y97.901 E20.16123
G1 X107.736 Y98.068 E20.17664
G1 X107.931 Y98.794 E20.19450
G1 X107.931 Y99.856 E20.21978
G1 X107.697 Y100.089 E20.22763
G1 X107.931 Y100.960 E20.24907
G1 X107.931 Y103.924 E20.31961
G1 X107.536 Y103.819 E20.32933
G1 X107.117 Y102.255 E20.36784
G1 X107.575 Y101.798 E20.38324
G1 X107.156 Y100.234 E20.42175
G1 X106.531 Y100.067 E20.43715
G1 X106.112 Y98.504 E20.47566
G1 X106.569 Y98.046 E20.49106
G1 X106.151 Y96.483 E20.52957
G1 X105.525 Y96.315 E20.54497
G1 X105.106 Y94.752 E20.58348
G1 X105.564 Y94.294 E20.59888
G1 X105.145 Y92.731 E20.63739
G1 X104.520 Y92.563 E20.65279
G1 X104.388 Y92.069 E20.66496
G1 X106.129 Y92.069 E20.70639
G1 X106.145 Y92.128 E20.70783
G1 X103.979 Y92.708 F7800.000
G1 F4800.000
G1 X103.521 Y93.166 E20.72323
G1 X103.940 Y94.729 E20.76174
G1 X104.565 Y94.897 E20.77714
G1 X104.984 Y96.460 E20.81565
G1 X104.526 Y96.918 E20.83105
G1 X104.945 Y98.481 E20.86956
G1 X105.570 Y98.649 E20.88496
G1 X105.989 Y100.212 E20.92347
G1 X105.531 Y100.670 E20.93887
G1 X105.950 Y102.233 E20.97738
G1 X106.576 Y102.400 E20.99278
G1 X106.994 Y103.964 E21.03129
G1 X106.537 Y104.421 E21.04669
G1 X106.955 Y105.985 E21.08519
G1 X107.581 Y106.152 E21.10060
G1 X107.931 Y107.458 E21.13276
G1 X107.931 Y107.784 E21.14053
G1 X107.784 Y107.931 E21.14545
G1 X106.316 Y107.931 E21.18039
G1 X105.956 Y106.587 E21.21347
G1 X106.414 Y106.130 E21.22888
G1 X105.995 Y104.566 E21.26738
G1 X105.370 Y104.399 E21.28279
G1 X104.951 Y102.836 E21.32129
G1 X105.409 Y102.378 E21.33669
G1 X104.990 Y100.815 E21.37520
G1 X104.365 Y100.647 E21.39060
G1 X103.946 Y99.084 E21.42911
G1 X104.403 Y98.626 E21.44451
G1 X103.985 Y97.063 E21.48302
G1 X103.359 Y96.895 E21.49842
G1 X102.940 Y95.332 E21.53693
G1 X103.398 Y94.874 E21.55233
G1 X102.979 Y93.311 E21.59084
G1 X102.354 Y93.144 E21.60624
G1 X102.066 Y92.069 E21.63270
G1 X103.807 Y92.069 E21.67413
G1 X103.979 Y92.708 E21.68988
G1 X101.812 Y93.289 F7800.000
G1 F4800.000
G1 X101.355 Y93.747 E21.70528
G1 X101.774 Y95.310 E21.74378
G1 X102.399 Y95.477 E21.75919
G1 X102.818 Y97.041 E21.79769
G1 X102.360 Y97.498 E21.81310
G1 X102.779 Y99.062 E21.85160
G1 X103.404 Y99.229 E21.86701
G1 X103.823 Y100.792 E21.90551
G1 X103.365 Y101.250 E21.92091
G1 X103.784 Y102.813 E21.95942
G1 X104.409 Y102.981 E21.97482
G1 X104.828 Y104.544 E22.01333
G1 X104.371 Y105.002 E22.02873
G1 X104.789 Y106.565 E22.06724
G1 X105.415 Y106.733 E22.08264
G1 X105.736 Y107.931 E22.11215
G1 X103.995 Y107.931 E22.15358
G1 X103.790 Y107.168 E22.17237
G1 X104.248 Y106.710 E22.18778
G1 X103.829 Y105.147 E22.22628
G1 X103.204 Y104.979 E22.24169
G1 X102.785 Y103.416 E22.28019
G1 X103.243 Y102.958 E22.29560
G1 X102.824 Y101.395 E22.33410
G1 X102.198 Y101.228 E22.34950
G1 X101.780 Y99.664 E22.38801
G1 X102.237 Y99.207 E22.40341
G1 X101.818 Y97.643 E22.44192
G1 X101.193 Y97.476 E22.45732
G1 X100.774 Y95.913 E22.49583
G1 X101.232 Y95.455 E22.51123
G1 X100.813 Y93.892 E22.54974
G1 X100.188 Y93.724 E22.56514
G1 X99.769 Y92.161 E22.60365
G1 X99.861 Y92.069 E22.60673
G1 X101.486 Y92.069 E22.64539
G1 X101.812 Y93.289 E22.67543
G1 X98.602 Y92.138 F7800.000
G1 F4800.000
G1 X99.228 Y92.306 E22.69084
G1 X99.646 Y93.869 E22.72934
G1 X99.189 Y94.327 E22.74475
G1 X99.608 Y95.890 E22.78325
G1 X100.233 Y96.058 E22.79865
G1 X100.652 Y97.621 E22.83716
G1 X100.194 Y98.079 E22.85256
G1 X100.613 Y99.642 E22.89107
G1 X101.238 Y99.809 E22.90647
G1 X101.657 Y101.373 E22.94498
G1 X101.199 Y101.830 E22.96038
G1 X101.618 Y103.394 E22.99889
G1 X102.243 Y103.561 E23.01429
G1 X102.662 Y105.124 E23.05280
G1 X102.204 Y105.582 E23.06820
G1 X102.623 Y107.145 E23.10671
G1 X103.249 Y107.313 E23.12211
G1 X103.414 Y107.931 E23.13733
G1 X101.673 Y107.931 E23.17875
G1 X101.624 Y107.748 E23.18325
G1 X102.082 Y107.290 E23.19865
G1 X101.663 Y105.727 E23.23716
G1 X101.038 Y105.560 E23.25256
G1 X100.619 Y103.996 E23.29107
G1 X101.077 Y103.539 E23.30647
G1 X100.658 Y101.976 E23.34498
G1 X100.032 Y101.808 E23.36038
G1 X99.614 Y100.245 E23.39888
G1 X100.071 Y99.787 E23.41429
G1 X99.652 Y98.224 E23.45279
G1 X99.027 Y98.056 E23.46820
G1 X98.608 Y96.493 E23.50670
G1 X99.066 Y96.035 E23.52211
G1 X98.647 Y94.472 E23.56061
G1 X98.022 Y94.305 E23.57601
G1 X97.603 Y92.741 E23.61452
G1 X98.061 Y92.284 E23.62992
G1 X98.003 Y92.069 E23.63520
G1 X98.584 Y92.069 E23.64901
G1 X98.602 Y92.138 E23.65071
G1 X96.436 Y92.719 F7800.000
G1 F4800.000
G1 X97.061 Y92.886 E23.66611
G1 X97.480 Y94.450 E23.70462
G1 X97.023 Y94.907 E23.72002
G1 X97.441 Y96.471 E23.75853
G1 X98.067 Y96.638 E23.77393
G1 X98.486 Y98.201 E23.81244
G1 X98.028 Y98.659 E23.82784
G1 X98.447 Y100.222 E23.86635
G1 X99.072 Y100.390 E23.88175
G1 X99.491 Y101.953 E23.92026
G1 X99.033 Y102.411 E23.93566
G1 X99.452 Y103.974 E23.97417
G1 X100.077 Y104.142 E23.98957
G1 X100.496 Y105.705 E24.02807
G1 X100.038 Y106.163 E24.04348
G1 X100.457 Y107.726 E24.08198
G1 X101.083 Y107.893 E24.09739
G1 X101.093 Y107.931 E24.09831
G1 X99.856 Y107.931 E24.12773
G1 X99.916 Y107.871 E24.12974
G1 X99.497 Y106.308 E24.16825
G1 X98.872 Y106.140 E24.18365
G1 X98.453 Y104.577 E24.22216
G1 X98.911 Y104.119 E24.23756
G1 X98.492 Y102.556 E24.27607
G1 X97.866 Y102.388 E24.29147
G1 X97.447 Y100.825 E24.32997
G1 X97.905 Y100.367 E24.34538
G1 X97.486 Y98.804 E24.38388
G1 X96.861 Y98.637 E24.39929
G1 X96.442 Y97.073 E24.43779
G1 X96.900 Y96.616 E24.45320
G1 X96.481 Y95.052 E24.49170
G1 X95.856 Y94.885 E24.50710
G1 X95.437 Y93.322 E24.54561
G1 X95.895 Y92.864 E24.56101
G1 X95.682 Y92.069 E24.58059
G1 X96.262 Y92.069 E24.59440
G1 X96.436 Y92.719 E24.61039
G1 X94.270 Y93.299 F7800.000
G1 F4800.000
G1 X94.895 Y93.467 E24.62580
G1 X95.314 Y95.030 E24.66430
G1 X94.857 Y95.488 E24.67971
G1 X95.275 Y97.051 E24.71821
G1 X95.901 Y97.219 E24.73362
G1 X96.320 Y98.782 E24.77212
G1 X95.862 Y99.239 E24.78752
G1 X96.281 Y100.803 E24.82603
G1 X96.906 Y100.970 E24.84143
G1 X97.325 Y102.533 E24.87994
G1 X96.867 Y102.991 E24.89534
G1 X97.286 Y104.554 E24.93385
G1 X97.911 Y104.722 E24.94925
G1 X98.330 Y106.285 E24.98776
G1 X97.872 Y106.743 E25.00316
G1 X98.191 Y107.931 E25.03242
G1 X97.610 Y107.931 E25.04623
G1 X97.331 Y106.888 E25.07191
G1 X96.706 Y106.720 E25.08731
G1 X96.287 Y105.157 E25.12582
G1 X96.744 Y104.700 E25.14122
G1 X96.326 Y103.136 E25.17973
G1 X95.700 Y102.969 E25.19513
G1 X95.281 Y101.406 E25.23364
G1 X95.739 Y100.948 E25.24904
G1 X95.320 Y99.385 E25.28755
G1 X94.695 Y99.217 E25.30295
G1 X94.276 Y97.654 E25.34146
G1 X94.734 Y97.196 E25.35686
G1 X94.315 Y95.633 E25.39536
G1 X93.690 Y95.465 E25.41077
G1 X93.271 Y93.902 E25.44927
G1 X93.729 Y93.444 E25.46468
G1 X93.360 Y92.069 E25.49855
G1 X93.941 Y92.069 E25.51236
G1 X94.270 Y93.299 E25.54265
G1 X92.104 Y93.880 F7800.000
G1 F4800.000
G1 X92.729 Y94.047 E25.55805
G1 X93.148 Y95.610 E25.59656
G1 X92.690 Y96.068 E25.61196
G1 X93.109 Y97.631 E25.65047
G1 X93.735 Y97.799 E25.66587
G1 X94.153 Y99.362 E25.70438
G1 X93.696 Y99.820 E25.71978
G1 X94.115 Y101.383 E25.75829
G1 X94.740 Y101.551 E25.77369
G1 X95.159 Y103.114 E25.81220
G1 X94.701 Y103.572 E25.82760
G1 X95.120 Y105.135 E25.86611
G1 X95.745 Y105.302 E25.88151
G1 X96.164 Y106.866 E25.92001
G1 X95.706 Y107.323 E25.93542
G1 X95.869 Y107.931 E25.95038
G1 X95.289 Y107.931 E25.96419
G1 X95.165 Y107.468 E25.97557
G1 X94.539 Y107.301 E25.99098
G1 X94.121 Y105.738 E26.02948
G1 X94.578 Y105.280 E26.04488
G1 X94.160 Y103.717 E26.08339
G1 X93.534 Y103.549 E26.09879
G1 X93.115 Y101.986 E26.13730
G1 X93.573 Y101.528 E26.15270
G1 X93.154 Y99.965 E26.19121
G1 X92.529 Y99.797 E26.20661
G1 X92.110 Y98.234 E26.24512
G1 X92.568 Y97.776 E26.26052
G1 X92.149 Y96.213 E26.29903
G1 X92.069 Y96.192 E26.30099
G1 X92.069 Y93.750 E26.35909
G1 X92.104 Y93.880 E26.36228
G1 X92.574 Y102.131 F7800.000
G1 F4800.000
G1 X92.993 Y103.694 E26.40079
G1 X92.535 Y104.152 E26.41619
G1 X92.954 Y105.715 E26.45470
G1 X93.579 Y105.883 E26.47010
G1 X93.998 Y107.446 E26.50860
G1 X93.540 Y107.904 E26.52401
G1 X93.547 Y107.931 E26.52467
G1 X92.558 Y107.931 E26.54822
G1 X92.373 Y107.881 E26.55276
G1 X92.069 Y106.746 E26.58071
G1 X92.069 Y106.203 E26.59364
G1 X92.412 Y105.860 E26.60518
G1 X92.069 Y104.580 E26.63671
G1 X92.069 Y101.996 E26.69820
G1 X92.574 Y102.131 E26.71063
G1 Z2.950 F7800.000
G1 E24.71063 F2400.00000
G92 E0
G1 X100.725 Y89.175 F7800.000
G1 E2.00000 F2400.00000
G1 F3600.000
G1 X100.725 Y88.500 E2.02114
G1 X98.775 Y88.500 E2.08220
G1 X98.775 Y89.175 E2.10334
G1 X100.725 Y89.175 E2.16440
G1 Z3.150 F7800.000
G1 E0.16440 F2400.00000
G92 E0
G1 X108.529 Y108.529 F7800.000
G1 E2.00000 F2400.00000
G1 F3600.000
G1 X91.471 Y108.529 E2.46015
G1 X91.471 Y91.471 E2.92031
G1 X108.529 Y91.471 E3.38046
G1 X108.529 Y108.454 E3.83859
G1 X109.164 Y109.164 F7800.000
G1 F3600.000
G1 X90.836 Y109.164 E4.33303
G1 X90.836 Y90.836 E4.82748
G1 X109.164 Y90.836 E5.32193
G1 X109.164 Y109.089 E5.81435
G1 X109.725 Y109.725 F7800.000
G1 F1800.000
G1 X90.275 Y109.725 E6.21522
G1 X90.275 Y90.275 E6.61609
G1 X109.725 Y90.275 E7.01696
G1 X109.725 Y109.650 E7.41629
G1 X109.242 Y109.596 F7800.000
G1 X95.561 Y107.865 F7800.000
G1 F4800.000
G1 X93.998 Y107.446 E7.45479
G1 X93.540 Y107.904 E7.47020
G1 X92.069 Y107.510 E7.50643
G1 X92.069 Y107.931 E7.51645
G1 X95.579 Y107.931 E7.59995
G1 X95.561 Y107.865 E7.60157
G1 X92.390 Y104.694 F7800.000
G1 F4800.000
G1 X92.069 Y104.608 E7.60947
G1 X92.069 Y106.203 E7.64743
G1 X92.412 Y105.860 E7.65897
G1 X93.976 Y106.279 E7.69748
G1 X94.143 Y106.904 E7.71288
G1 X95.706 Y107.323 E7.75139
G1 X96.164 Y106.866 E7.76679
G1 X97.727 Y107.284 E7.80530
G1 X97.895 Y107.910 E7.82070
G1 X97.973 Y107.931 E7.82262
G1 X99.856 Y107.931 E7.86743
G1 X99.916 Y107.871 E7.86944
G1 X100.139 Y107.931 E7.87494
G1 X103.704 Y107.931 E7.95977
G1 X103.645 Y107.709 E7.96522
G1 X102.082 Y107.290 E8.00373
G1 X101.624 Y107.748 E8.01913
G1 X100.061 Y107.329 E8.05764
G1 X99.893 Y106.704 E8.07304
G1 X98.330 Y106.285 E8.11155
G1 X97.872 Y106.743 E8.12695
G1 X96.309 Y106.324 E8.16546
G1 X96.142 Y105.699 E8.18086
G1 X94.578 Y105.280 E8.21937
G1 X94.121 Y105.738 E8.23477
G1 X92.557 Y105.319 E8.27327
G1 X92.390 Y104.694 E8.28868
G1 X92.970 Y102.527 F7800.000
G1 F4800.000
G1 X92.069 Y102.286 E8.31087
G1 X92.069 Y104.027 E8.35230
G1 X92.535 Y104.152 E8.36377
G1 X92.993 Y103.694 E8.37917
G1 X94.556 Y104.113 E8.41768
G1 X94.723 Y104.738 E8.43308
G1 X96.287 Y105.157 E8.47159
G1 X96.744 Y104.700 E8.48699
G1 X98.308 Y105.118 E8.52549
G1 X98.475 Y105.744 E8.54090
G1 X100.038 Y106.163 E8.57940
G1 X100.496 Y105.705 E8.59481
G1 X102.059 Y106.124 E8.63331
G1 X102.227 Y106.749 E8.64872
G1 X103.790 Y107.168 E8.68722
G1 X104.248 Y106.710 E8.70262
G1 X105.811 Y107.129 E8.74113
G1 X105.979 Y107.754 E8.75653
G1 X106.637 Y107.931 E8.77275
G1 X107.784 Y107.931 E8.80005
G1 X107.931 Y107.784 E8.80497
G1 X107.931 Y106.536 E8.83467
G1 X106.414 Y106.130 E8.87203
G1 X105.956 Y106.587 E8.88744
G1 X104.393 Y106.169 E8.92594
G1 X104.225 Y105.543 E8.94134
G1 X102.662 Y105.124 E8.97985
G1 X102.204 Y105.582 E8.99525
G1 X100.641 Y105.163 E9.03376
G1 X100.474 Y104.538 E9.04916
G1 X98.911 Y104.119 E9.08767
G1 X98.453 Y104.577 E9.10307
G1 X96.890 Y104.158 E9.14158
G1 X96.722 Y103.533 E9.15698
G1 X95.159 Y103.114 E9.19549
G1 X94.701 Y103.572 E9.21089
G1 X93.138 Y103.153 E9.24940
G1 X92.970 Y102.527 E9.26480
G1 X93.551 Y100.361 F7800.000
G1 F4800.000
G1 X92.069 Y99.964 E9.30129
G1 X92.069 Y101.706 E9.34272
G1 X93.115 Y101.986 E9.36848
G1 X93.573 Y101.528 E9.38389
G1 X95.136 Y101.947 E9.42239
G1 X95.304 Y102.572 E9.43779
G1 X96.867 Y102.991 E9.47630
G1 X97.325 Y102.533 E9.49170
G1 X98.888 Y102.952 E9.53021
G1 X99.056 Y103.578 E9.54561
G1 X100.619 Y103.996 E9.58412
G1 X101.077 Y103.539 E9.59952
G1 X102.640 Y103.958 E9.63803
G1 X102.807 Y104.583 E9.65343
G1 X104.371 Y105.002 E9.69194
G1 X104.828 Y104.544 E9.70734
G1 X106.392 Y104.963 E9.74585
G1 X106.559 Y105.588 E9.76125
G1 X107.931 Y105.956 E9.79504
G1 X107.931 Y104.214 E9.83646
G1 X106.994 Y103.964 E9.85953
G1 X106.537 Y104.421 E9.87493
G1 X104.973 Y104.002 E9.91344
G1 X104.806 Y103.377 E9.92884
G1 X103.243 Y102.958 E9.96735
G1 X102.785 Y103.416 E9.98275
G1 X101.222 Y102.997 E10.02125
G1 X101.054 Y102.372 E10.03666
G1 X99.491 Y101.953 E10.07516
G1 X99.033 Y102.411 E10.09057
G1 X97.470 Y101.992 E10.12907
G1 X97.302 Y101.367 E10.14448
G1 X95.739 Y100.948 E10.18298
G1 X95.281 Y101.406 E10.19838
G1 X93.718 Y100.987 E10.23689
G1 X93.551 Y100.361 E10.25229
G1 X94.131 Y98.195 F7800.000
G1 F4800.000
G1 X92.568 Y97.776 E10.29080
G1 X92.110 Y98.234 E10.30620
G1 X92.069 Y98.223 E10.30721
G1 X92.069 Y99.165 E10.32962
G1 X92.133 Y99.401 E10.33543
G1 X93.696 Y99.820 E10.37393
G1 X94.153 Y99.362 E10.38934
G1 X95.717 Y99.781 E10.42784
G1 X95.884 Y100.406 E10.44324
G1 X97.447 Y100.825 E10.48175
G1 X97.905 Y100.367 E10.49715
G1 X99.468 Y100.786 E10.53566
G1 X99.636 Y101.412 E10.55106
G1 X101.199 Y101.830 E10.58957
G1 X101.657 Y101.373 E10.60497
G1 X103.220 Y101.792 E10.64348
G1 X103.388 Y102.417 E10.65888
G1 X104.951 Y102.836 E10.69739
G1 X105.409 Y102.378 E10.71279
G1 X106.972 Y102.797 E10.75130
G1 X107.139 Y103.422 E10.76670
G1 X107.931 Y103.634 E10.78619
G1 X107.931 Y101.893 E10.82762
G1 X107.575 Y101.798 E10.83638
G1 X107.117 Y102.255 E10.85179
G1 X105.554 Y101.836 E10.89029
G1 X105.386 Y101.211 E10.90570
G1 X103.823 Y100.792 E10.94420
G1 X103.365 Y101.250 E10.95960
G1 X101.802 Y100.831 E10.99811
G1 X101.635 Y100.206 E11.01351
G1 X100.071 Y99.787 E11.05202
G1 X99.614 Y100.245 E11.06742
G1 X98.050 Y99.826 E11.10593
G1 X97.883 Y99.201 E11.12133
G1 X96.320 Y98.782 E11.15984
G1 X95.862 Y99.239 E11.17524
G1 X94.299 Y98.821 E11.21375
G1 X94.131 Y98.195 E11.22915
G1 X94.711 Y96.029 F7800.000
G1 F4800.000
G1 X93.148 Y95.610 E11.26766
G1 X92.690 Y96.068 E11.28306
G1 X92.069 Y95.902 E11.29836
G1 X92.069 Y96.482 E11.31217
G1 X92.545 Y96.610 E11.32389
G1 X92.713 Y97.235 E11.33930
G1 X94.276 Y97.654 E11.37780
G1 X94.734 Y97.196 E11.39321
G1 X96.297 Y97.615 E11.43171
G1 X96.465 Y98.240 E11.44712
G1 X98.028 Y98.659 E11.48562
G1 X98.486 Y98.201 E11.50102
G1 X100.049 Y98.620 E11.53953
G1 X100.216 Y99.245 E11.55493
G1 X101.780 Y99.664 E11.59344
G1 X102.237 Y99.207 E11.60884
G1 X103.801 Y99.625 E11.64735
G1 X103.968 Y100.251 E11.66275
G1 X105.531 Y100.670 E11.70126
G1 X105.989 Y100.212 E11.71666
G1 X107.552 Y100.631 E11.75517
G1 X107.720 Y101.256 E11.77057
G1 X107.931 Y101.313 E11.77576
G1 X107.931 Y99.856 E11.81042
G1 X107.697 Y100.089 E11.81827
G1 X106.134 Y99.670 E11.85677
G1 X105.967 Y99.045 E11.87218
G1 X104.403 Y98.626 E11.91068
G1 X103.946 Y99.084 E11.92608
G1 X102.382 Y98.665 E11.96459
G1 X102.215 Y98.040 E11.97999
G1 X100.652 Y97.621 E12.01850
G1 X100.194 Y98.079 E12.03390
G1 X98.631 Y97.660 E12.07241
G1 X98.463 Y97.035 E12.08781
G1 X96.900 Y96.616 E12.12632
G1 X96.442 Y97.073 E12.14172
G1 X94.879 Y96.655 E12.18023
G1 X94.711 Y96.029 E12.19563
G1 X95.292 Y93.863 F7800.000
G1 F4800.000
G1 X93.729 Y93.444 E12.23414
G1 X93.271 Y93.902 E12.24954
G1 X92.069 Y93.580 E12.27914
G1 X92.069 Y94.161 E12.29295
G1 X93.126 Y94.444 E12.31897
G1 X93.293 Y95.069 E12.33437
G1 X94.857 Y95.488 E12.37288
G1 X95.314 Y95.030 E12.38828
G1 X96.878 Y95.449 E12.42679
G1 X97.045 Y96.074 E12.44219
G1 X98.608 Y96.493 E12.48070
G1 X99.066 Y96.035 E12.49610
G1 X100.629 Y96.454 E12.53461
G1 X100.797 Y97.079 E12.55001
G1 X102.360 Y97.498 E12.58851
G1 X102.818 Y97.041 E12.60392
G1 X104.381 Y97.459 E12.64242
G1 X104.549 Y98.085 E12.65783
G1 X106.112 Y98.504 E12.69633
G1 X106.569 Y98.046 E12.71174
G1 X107.931 Y98.411 E12.74526
G1 X107.931 Y97.830 E12.75907
G1 X106.715 Y97.504 E12.78903
G1 X106.547 Y96.879 E12.80443
G1 X104.984 Y96.460 E12.84294
G1 X104.526 Y96.918 E12.85834
G1 X102.963 Y96.499 E12.89685
G1 X102.795 Y95.874 E12.91225
G1 X101.232 Y95.455 E12.95076
G1 X100.774 Y95.913 E12.96616
G1 X99.211 Y95.494 E13.00467
G1 X99.044 Y94.868 E13.02007
G1 X97.480 Y94.450 E13.05857
G1 X97.023 Y94.907 E13.07398
G1 X95.459 Y94.488 E13.11248
G1 X95.292 Y93.863 E13.12789
G1 X96.040 Y92.322 F7800.000
G1 F4800.000
G1 X95.972 Y92.069 E13.13412
G1 X92.929 Y92.069 E13.20652
G1 X93.706 Y92.278 E13.22565
G1 X93.874 Y92.903 E13.24106
G1 X95.437 Y93.322 E13.27956
G1 X95.895 Y92.864 E13.29497
G1 X97.458 Y93.283 E13.33347
G1 X97.625 Y93.908 E13.34888
G1 X99.189 Y94.327 E13.38738
G1 X99.646 Y93.869 E13.40278
G1 X101.210 Y94.288 E13.44129
G1 X101.377 Y94.913 E13.45669
G1 X102.940 Y95.332 E13.49520
G1 X103.398 Y94.874 E13.51060
G1 X104.961 Y95.293 E13.54911
G1 X105.129 Y95.919 E13.56451
G1 X106.692 Y96.337 E13.60302
G1 X107.150 Y95.880 E13.61842
G1 X107.931 Y96.089 E13.63765
G1 X107.931 Y95.509 E13.65146
G1 X107.295 Y95.338 E13.66712
G1 X107.127 Y94.713 E13.68252
G1 X105.564 Y94.294 E13.72103
G1 X105.106 Y94.752 E13.73643
G1 X103.543 Y94.333 E13.77494
G1 X103.376 Y93.708 E13.79034
G1 X101.812 Y93.289 E13.82885
G1 X101.355 Y93.747 E13.84425
G1 X99.792 Y93.328 E13.88276
G1 X99.624 Y92.702 E13.89816
G1 X98.061 Y92.284 E13.93667
G1 X97.603 Y92.741 E13.95207
G1 X96.040 Y92.322 E13.99058
G1 X99.769 Y92.161 F7800.000
G1 F4800.000
G1 X99.861 Y92.069 E13.99366
G1 X99.427 Y92.069 E14.00396
G1 X99.769 Y92.161 E14.01238
G1 X104.124 Y92.167 F7800.000
G1 F4800.000
G1 X104.098 Y92.069 E14.01478
G1 X101.594 Y92.069 E14.07436
G1 X101.790 Y92.122 E14.07920
G1 X101.958 Y92.747 E14.09460
G1 X103.521 Y93.166 E14.13311
G1 X103.979 Y92.708 E14.14851
G1 X105.542 Y93.127 E14.18702
G1 X105.709 Y93.753 E14.20242
G1 X107.273 Y94.171 E14.24093
G1 X107.730 Y93.714 E14.25633
G1 X107.931 Y93.767 E14.26127
G1 X107.931 Y93.187 E14.27508
G1 X107.875 Y93.172 E14.27644
G1 X107.708 Y92.547 E14.29184
G1 X106.145 Y92.128 E14.33035
G1 X105.687 Y92.586 E14.34575
G1 X104.124 Y92.167 E14.38426
G1 Z3.450 F7800.000
G1 X108.529 Y108.529 F7800.000
G1 F3600.000
G1 X91.471 Y108.529 E14.84441
G1 X91.471 Y91.471 E15.30456
G1 X108.529 Y91.471 E15.76471
G1 X108.529 Y108.454 E16.22284
G1 X109.164 Y109.164 F7800.000
G1 F3600.000
G1 X90.836 Y109.164 E16.71729
G1 X90.836 Y90.836 E17.21174
G1 X109.164 Y90.836 E17.70618
G1 X109.164 Y109.089 E18.19861
G1 X109.725 Y109.725 F7800.000
G1 F1800.000
G1 X90.275 Y109.725 E18.59948
G1 X90.275 Y90.275 E19.00035
G1 X109.725 Y90.275 E19.40122
G1 X109.725 Y109.650 E19.80054
G1 X109.242 Y109.596 F7800.000
G1 X107.931 Y107.388 F7800.000
G1 F4800.000
G1 X107.931 Y105.802 E19.83827
G1 X107.581 Y106.152 E19.85004
G1 X106.955 Y105.985 E19.86545
G1 X105.811 Y107.129 E19.90395
G1 X105.979 Y107.754 E19.91936
G1 X105.802 Y107.931 E19.92529
G1 X107.388 Y107.931 E19.96302
G1 X107.931 Y107.388 E19.98128
G1 X107.931 Y103.924 F7800.000
G1 F4800.000
G1 X107.931 Y101.838 E20.03092
G1 X106.972 Y102.797 E20.06318
G1 X107.139 Y103.422 E20.07858
G1 X105.995 Y104.566 E20.11709
G1 X105.370 Y104.399 E20.13249
G1 X104.225 Y105.543 E20.17100
G1 X104.393 Y106.169 E20.18640
G1 X103.249 Y107.313 E20.22491
G1 X102.623 Y107.145 E20.24031
G1 X101.838 Y107.931 E20.26674
G1 X103.704 Y107.931 E20.31114
G1 X103.645 Y107.709 E20.31659
G1 X104.789 Y106.565 E20.35510
G1 X105.415 Y106.733 E20.37050
G1 X106.559 Y105.588 E20.40901
G1 X106.392 Y104.963 E20.42441
G1 X107.536 Y103.819 E20.46292
G1 X107.931 Y103.924 E20.47264
G1 X107.931 Y100.252 F7800.000
G1 F4800.000
G1 X107.931 Y99.460 E20.49151
G1 X107.156 Y100.234 E20.51758
G1 X106.531 Y100.067 E20.53298
G1 X105.386 Y101.211 E20.57148
G1 X105.554 Y101.836 E20.58689
G1 X104.409 Y102.981 E20.62539
G1 X103.784 Y102.813 E20.64080
G1 X102.640 Y103.958 E20.67930
G1 X102.807 Y104.583 E20.69471
G1 X101.663 Y105.727 E20.73321
G1 X101.038 Y105.560 E20.74861
G1 X99.893 Y106.704 E20.78712
G1 X100.061 Y107.329 E20.80252
G1 X99.460 Y107.931 E20.82276
G1 X100.252 Y107.931 E20.84162
G1 X100.457 Y107.726 E20.84851
G1 X101.083 Y107.893 E20.86392
G1 X102.227 Y106.749 E20.90242
G1 X102.059 Y106.124 E20.91783
G1 X103.204 Y104.979 E20.95633
G1 X103.829 Y105.147 E20.97174
G1 X104.973 Y104.003 E21.01024
G1 X104.806 Y103.377 E21.02564
G1 X105.950 Y102.233 E21.06415
G1 X106.576 Y102.400 E21.07955
G1 X107.720 Y101.256 E21.11806
G1 X107.552 Y100.631 E21.13346
G1 X107.931 Y100.252 E21.14619
G1 X107.931 Y95.799 F7800.000
G1 F4800.000
G1 X107.691 Y95.735 E21.15209
G1 X106.547 Y96.879 E21.19059
G1 X106.715 Y97.504 E21.20600
G1 X105.570 Y98.649 E21.24450
G1 X104.945 Y98.481 E21.25991
G1 X103.801 Y99.625 E21.29841
G1 X103.968 Y100.251 E21.31381
G1 X102.824 Y101.395 E21.35232
G1 X102.198 Y101.228 E21.36772
G1 X101.054 Y102.372 E21.40623
G1 X101.222 Y102.997 E21.42163
G1 X100.077 Y104.142 E21.46014
G1 X99.452 Y103.974 E21.47554
G1 X98.308 Y105.118 E21.51405
G1 X98.475 Y105.744 E21.52945
G1 X97.331 Y106.888 E21.56796
G1 X96.706 Y106.721 E21.58336
G1 X95.561 Y107.865 E21.62187
G1 X95.579 Y107.931 E21.62349
G1 X97.874 Y107.931 E21.67809
G1 X97.895 Y107.910 E21.67880
G1 X97.727 Y107.284 E21.69420
G1 X98.872 Y106.140 E21.73271
G1 X99.497 Y106.308 E21.74811
G1 X100.641 Y105.163 E21.78662
G1 X100.474 Y104.538 E21.80202
G1 X101.618 Y103.394 E21.84053
G1 X102.243 Y103.561 E21.85593
G1 X103.388 Y102.417 E21.89443
G1 X103.220 Y101.792 E21.90984
G1 X104.365 Y100.647 E21.94834
G1 X104.990 Y100.815 E21.96375
G1 X106.134 Y99.670 E22.00225
G1 X105.967 Y99.045 E22.01766
G1 X107.111 Y97.901 E22.05616
G1 X107.736 Y98.068 E22.07156
G1 X107.931 Y97.874 E22.07810
G1 X107.931 Y95.799 E22.12748
G1 X107.931 Y93.910 F7800.000
G1 F4800.000
G1 X107.931 Y92.324 E22.16521
G1 X107.708 Y92.547 E22.17271
G1 X107.875 Y93.172 E22.18811
G1 X106.731 Y94.317 E22.22661
G1 X106.106 Y94.149 E22.24202
G1 X104.961 Y95.293 E22.28052
G1 X105.129 Y95.919 E22.29593
G1 X103.985 Y97.063 E22.33443
G1 X103.359 Y96.895 E22.34984
G1 X102.215 Y98.040 E22.38834
G1 X102.382 Y98.665 E22.40374
G1 X101.238 Y99.809 E22.44225
G1 X100.613 Y99.642 E22.45765
G1 X99.468 Y100.786 E22.49616
G1 X99.636 Y101.412 E22.51156
G1 X98.492 Y102.556 E22.55007
G1 X97.866 Y102.388 E22.56547
G1 X96.722 Y103.533 E22.60398
G1 X96.890 Y104.158 E22.61938
G1 X95.745 Y105.302 E22.65789
G1 X95.120 Y105.135 E22.67329
G1 X93.976 Y106.279 E22.71180
G1 X94.143 Y106.904 E22.72720
G1 X93.117 Y107.931 E22.76173
G1 X93.910 Y107.931 E22.78059
G1 X94.539 Y107.301 E22.80178
G1 X95.165 Y107.468 E22.81719
G1 X96.309 Y106.324 E22.85569
G1 X96.142 Y105.699 E22.87110
G1 X97.286 Y104.554 E22.90960
G1 X97.911 Y104.722 E22.92500
G1 X99.056 Y103.578 E22.96351
G1 X98.888 Y102.952 E22.97891
G1 X100.032 Y101.808 E23.01742
G1 X100.658 Y101.976 E23.03282
G1 X101.802 Y100.831 E23.07133
G1 X101.635 Y100.206 E23.08673
G1 X102.779 Y99.062 E23.12524
G1 X103.404 Y99.229 E23.14064
G1 X104.549 Y98.085 E23.17915
G1 X104.381 Y97.459 E23.19455
G1 X105.525 Y96.315 E23.23306
G1 X106.151 Y96.483 E23.24846
G1 X107.295 Y95.338 E23.28697
G1 X107.127 Y94.713 E23.30237
G1 X107.931 Y93.910 E23.32940
G1 X107.311 Y92.150 F7800.000
G1 F4800.000
G1 X107.393 Y92.069 E23.33213
G1 X107.009 Y92.069 E23.34126
G1 X107.311 Y92.150 E23.34872
G1 X105.542 Y93.127 F7800.000
G1 F4800.000
G1 X106.600 Y92.069 E23.38432
G1 X105.807 Y92.069 E23.40318
G1 X105.145 Y92.731 E23.42544
G1 X104.520 Y92.563 E23.44084
G1 X103.376 Y93.708 E23.47935
G1 X103.543 Y94.333 E23.49475
G1 X102.399 Y95.477 E23.53326
G1 X101.774 Y95.310 E23.54866
G1 X100.629 Y96.454 E23.58717
G1 X100.797 Y97.079 E23.60257
G1 X99.652 Y98.224 E23.64108
G1 X99.027 Y98.056 E23.65648
G1 X97.883 Y99.201 E23.69498
G1 X98.050 Y99.826 E23.71039
G1 X96.906 Y100.970 E23.74889
G1 X96.281 Y100.803 E23.76430
G1 X95.136 Y101.947 E23.80280
G1 X95.304 Y102.572 E23.81821
G1 X94.160 Y103.717 E23.85671
G1 X93.534 Y103.549 E23.87211
G1 X92.390 Y104.694 E23.91062
G1 X92.557 Y105.319 E23.92602
G1 X92.069 Y105.807 E23.94245
G1 X92.069 Y106.600 E23.96131
G1 X92.954 Y105.715 E23.99107
G1 X93.579 Y105.883 E24.00648
G1 X94.723 Y104.738 E24.04498
G1 X94.556 Y104.113 E24.06038
G1 X95.700 Y102.969 E24.09889
G1 X96.326 Y103.136 E24.11429
G1 X97.470 Y101.992 E24.15280
G1 X97.302 Y101.367 E24.16820
G1 X98.447 Y100.222 E24.20671
G1 X99.072 Y100.390 E24.22211
G1 X100.216 Y99.245 E24.26062
G1 X100.049 Y98.620 E24.27602
G1 X101.193 Y97.476 E24.31453
G1 X101.818 Y97.643 E24.32993
G1 X102.963 Y96.499 E24.36844
G1 X102.795 Y95.874 E24.38384
G1 X103.940 Y94.729 E24.42235
G1 X104.565 Y94.897 E24.43775
G1 X105.709 Y93.753 E24.47625
G1 X105.542 Y93.127 E24.49166
G1 X104.124 Y92.167 F7800.000
G1 F4800.000
G1 X104.098 Y92.069 E24.49406
G1 X101.843 Y92.069 E24.54771
G1 X101.790 Y92.122 E24.54948
G1 X101.958 Y92.747 E24.56488
G1 X100.813 Y93.892 E24.60339
G1 X100.188 Y93.724 E24.61879
G1 X99.044 Y94.868 E24.65730
G1 X99.211 Y95.494 E24.67270
G1 X98.067 Y96.638 E24.71121
G1 X97.441 Y96.471 E24.72661
G1 X96.297 Y97.615 E24.76512
G1 X96.465 Y98.240 E24.78052
G1 X95.320 Y99.385 E24.81903
G1 X94.695 Y99.217 E24.83443
G1 X93.551 Y100.361 E24.87294
G1 X93.718 Y100.987 E24.88834
G1 X92.574 Y102.131 E24.92685
G1 X92.069 Y101.996 E24.93927
G1 X92.069 Y104.221 E24.99222
G1 X93.138 Y103.153 E25.02817
G1 X92.970 Y102.527 E25.04358
G1 X94.115 Y101.383 E25.08208
G1 X94.740 Y101.551 E25.09749
G1 X95.884 Y100.406 E25.13599
G1 X95.717 Y99.781 E25.15139
G1 X96.861 Y98.637 E25.18990
G1 X97.486 Y98.804 E25.20530
G1 X98.631 Y97.660 E25.24381
G1 X98.463 Y97.035 E25.25921
G1 X99.608 Y95.890 E25.29772
G1 X100.233 Y96.058 E25.31312
G1 X101.377 Y94.913 E25.35163
G1 X101.210 Y94.288 E25.36703
G1 X102.354 Y93.144 E25.40554
G1 X102.979 Y93.311 E25.42094
G1 X104.124 Y92.167 E25.45945
G1 X99.624 Y92.702 F7800.000
G1 F4800.000
G1 X100.257 Y92.069 E25.48075
G1 X99.464 Y92.069 E25.49961
G1 X99.228 Y92.306 E25.50758
G1 X98.602 Y92.138 E25.52298
G1 X97.458 Y93.283 E25.56148
G1 X97.625 Y93.908 E25.57689
G1 X96.481 Y95.052 E25.61539
G1 X95.856 Y94.885 E25.63080
G1 X94.711 Y96.029 E25.66930
G1 X94.879 Y96.655 E25.68471
G1 X93.735 Y97.799 E25.72321
G1 X93.109 Y97.631 E25.73861
G1 X92.069 Y98.671 E25.77361
G1 X92.069 Y99.165 E25.78536
G1 X92.133 Y99.401 E25.79117
G1 X92.069 Y99.464 E25.79329
G1 X92.069 Y100.257 E25.81216
G1 X92.529 Y99.797 E25.82762
G1 X93.154 Y99.965 E25.84303
G1 X94.299 Y98.821 E25.88153
G1 X94.131 Y98.195 E25.89693
G1 X95.275 Y97.051 E25.93544
G1 X95.901 Y97.219 E25.95084
G1 X97.045 Y96.074 E25.98935
G1 X96.878 Y95.449 E26.00475
G1 X98.022 Y94.305 E26.04326
G1 X98.647 Y94.472 E26.05866
G1 X99.792 Y93.328 E26.09717
G1 X99.624 Y92.702 E26.11257
G1 X97.061 Y92.886 F7800.000
G1 F4800.000
G1 X97.879 Y92.069 E26.14006
G1 X95.972 Y92.069 E26.18543
G1 X96.040 Y92.322 E26.19166
G1 X94.895 Y93.467 E26.23017
G1 X94.270 Y93.299 E26.24557
G1 X93.126 Y94.444 E26.28408
G1 X93.293 Y95.069 E26.29948
G1 X92.149 Y96.213 E26.33799
G1 X92.069 Y96.192 E26.33995
G1 X92.069 Y97.879 E26.38008
G1 X92.713 Y97.235 E26.40173
G1 X92.545 Y96.610 E26.41714
G1 X93.690 Y95.465 E26.45564
G1 X94.315 Y95.633 E26.47104
G1 X95.459 Y94.488 E26.50955
G1 X95.292 Y93.863 E26.52495
G1 X96.436 Y92.719 E26.56346
G1 X97.061 Y92.886 E26.57886
G1 X93.706 Y92.278 F7800.000
G1 F4800.000
G1 X93.914 Y92.069 E26.58587
G1 X92.329 Y92.069 E26.62360
G1 X92.069 Y92.329 E26.63232
G1 X92.069 Y93.914 E26.67005
G1 X92.104 Y93.880 E26.67122
G1 X92.729 Y94.047 E26.68662
G1 X93.874 Y92.903 E26.72513
G1 X93.706 Y92.278 E26.74053
G1 X92.558 Y107.931 F7800.000
G1 F4800.000
G1 X92.373 Y107.881 E26.74507
G1 X92.324 Y107.931 E26.74673
G1 X92.558 Y107.931 E26.75229
G1 Z3.450 F7800.000
G1 E24.75229 F2400.00000
G92 E0
G1 X100.725 Y89.175 F7800.000
G1 E2.00000 F2400.00000
G1 F3600.000
G1 X100.725 Y88.500 E2.02114
G1 X98.775 Y88.500 E2.08220
G1 X98.775 Y89.175 E2.10334
G1 X100.725 Y89.175 E2.16440
G1 Z3.750 F7800.000
G1 E0.16440 F2400.00000
G92 E0
G1 X108.529 Y108.529 F7800.000
G1 E2.00000 F2400.00000
G1 F3600.000
G1 X91.471 Y108.529 E2.46015
G1 X91.471 Y91.471 E2.92031
G1 X108.529 Y91.471 E3.38046
G1 X108.529 Y108.454 E3.83859
G1 X109.164 Y109.164 F7800.000
G1 F3600.000
G1 X90.836 Y109.164 E4.33303
G1 X90.836 Y90.836 E4.82748
G1 X109.164 Y90.836 E5.32193
G1 X109.164 Y109.089 E5.81435
G1 X109.725 Y109.725 F7800.000
G1 F1800.000
G1 X90.275 Y109.725 E6.21522
G1 X90.275 Y90.275 E6.61609
G1 X109.725 Y90.275 E7.01696
G1 X109.725 Y109.650 E7.41629
G1 X109.242 Y109.596 F7800.000
G1 X107.931 Y92.295 F7800.000
G1 F4800.000
G1 X107.931 Y95.799 E7.49964
G1 X107.691 Y95.735 E7.50554
G1 X107.273 Y94.171 E7.54404
G1 X107.730 Y93.714 E7.55945
G1 X107.311 Y92.150 E7.59795
G1 X107.009 Y92.069 E7.60541
G1 X107.870 Y92.069 E7.62591
G1 X107.931 Y92.295 E7.63147
G1 X106.145 Y92.128 F7800.000
G1 F4800.000
G1 X105.687 Y92.586 E7.64688
G1 X106.106 Y94.149 E7.68538
G1 X106.731 Y94.317 E7.70079
G1 X107.150 Y95.880 E7.73929
G1 X106.692 Y96.337 E7.75470
G1 X107.111 Y97.901 E7.79320
G1 X107.736 Y98.068 E7.80860
G1 X107.931 Y98.794 E7.82647
G1 X107.931 Y99.856 E7.85175
G1 X107.697 Y100.089 E7.85960
G1 X107.931 Y100.960 E7.88104
G1 X107.931 Y103.924 E7.95158
G1 X107.536 Y103.819 E7.96130
G1 X107.117 Y102.255 E7.99981
G1 X107.575 Y101.798 E8.01521
G1 X107.156 Y100.234 E8.05372
G1 X106.531 Y100.067 E8.06912
G1 X106.112 Y98.504 E8.10763
G1 X106.569 Y98.046 E8.12303
G1 X106.151 Y96.483 E8.16154
G1 X105.525 Y96.315 E8.17694
G1 X105.106 Y94.752 E8.21544
G1 X105.564 Y94.294 E8.23085
G1 X105.145 Y92.731 E8.26935
G1 X104.520 Y92.563 E8.28476
G1 X104.388 Y92.069 E8.29692
G1 X106.129 Y92.069 E8.33835
G1 X106.145 Y92.128 E8.33980
G1 X103.979 Y92.708 F7800.000
G1 F4800.000
G1 X103.521 Y93.166 E8.35520
G1 X103.940 Y94.729 E8.39371
G1 X104.565 Y94.897 E8.40911
G1 X104.984 Y96.460 E8.44762
G1 X104.526 Y96.918 E8.46302
G1 X104.945 Y98.481 E8.50153
G1 X105.570 Y98.649 E8.51693
G1 X105.989 Y100.212 E8.55543
G1 X105.531 Y100.670 E8.57084
G1 X105.950 Y102.233 E8.60934
G1 X106.576 Y102.400 E8.62475
G1 X106.994 Y103.964 E8.66325
G1 X106.537 Y104.421 E8.67866
G1 X106.955 Y105.985 E8.71716
G1 X107.581 Y106.152 E8.73256
G1 X107.931 Y107.458 E8.76473
G1 X107.931 Y107.784 E8.77250
G1 X107.784 Y107.931 E8.77742
G1 X106.316 Y107.931 E8.81235
G1 X105.956 Y106.587 E8.84544
G1 X106.414 Y106.130 E8.86084
G1 X105.995 Y104.566 E8.89935
G1 X105.370 Y104.399 E8.91475
G1 X104.951 Y102.836 E8.95326
G1 X105.409 Y102.378 E8.96866
G1 X104.990 Y100.815 E9.00717
G1 X104.365 Y100.647 E9.02257
G1 X103.946 Y99.084 E9.06108
G1 X104.403 Y98.626 E9.07648
G1 X103.985 Y97.063 E9.11499
G1 X103.359 Y96.895 E9.13039
G1 X102.940 Y95.332 E9.16890
G1 X103.398 Y94.874 E9.18430
G1 X102.979 Y93.311 E9.22280
G1 X102.354 Y93.144 E9.23821
G1 X102.066 Y92.069 E9.26467
G1 X103.807 Y92.069 E9.30610
G1 X103.979 Y92.708 E9.32184
G1 X101.812 Y93.289 F7800.000
G1 F4800.000
G1 X101.355 Y93.747 E9.33725
G1 X101.774 Y95.310 E9.37575
G1 X102.399 Y95.477 E9.39115
G1 X102.818 Y97.041 E9.42966
G1 X102.360 Y97.498 E9.44506
G1 X102.779 Y99.062 E9.48357
G1 X103.404 Y99.229 E9.49897
G1 X103.823 Y100.792 E9.53748
G1 X103.365 Y101.250 E9.55288
G1 X103.784 Y102.813 E9.59139
G1 X104.409 Y102.981 E9.60679
G1 X104.828 Y104.544 E9.64530
G1 X104.371 Y105.002 E9.66070
G1 X104.789 Y106.565 E9.69921
G1 X105.415 Y106.733 E9.71461
G1 X105.736 Y107.931 E9.74412
G1 X103.995 Y107.931 E9.78555
G1 X103.790 Y107.168 E9.80434
G1 X104.248 Y106.710 E9.81974
G1 X103.829 Y105.147 E9.85825
G1 X103.204 Y104.979 E9.87365
G1 X102.785 Y103.416 E9.91216
G1 X103.243 Y102.958 E9.92756
G1 X102.824 Y101.395 E9.96607
G1 X102.198 Y101.228 E9.98147
G1 X101.780 Y99.664 E10.01998
G1 X102.237 Y99.207 E10.03538
G1 X101.818 Y97.643 E10.07389
G1 X101.193 Y97.476 E10.08929
G1 X100.774 Y95.913 E10.12780
G1 X101.232 Y95.455 E10.14320
G1 X100.813 Y93.892 E10.18171
G1 X100.188 Y93.724 E10.19711
G1 X99.769 Y92.161 E10.23561
G1 X99.861 Y92.069 E10.23869
G1 X101.486 Y92.069 E10.27736
G1 X101.812 Y93.289 E10.30740
G1 X98.602 Y92.138 F7800.000
G1 F4800.000
G1 X99.228 Y92.306 E10.32280
G1 X99.646 Y93.869 E10.36131
G1 X99.189 Y94.327 E10.37671
G1 X99.608 Y95.890 E10.41522
G1 X100.233 Y96.058 E10.43062
G1 X100.652 Y97.621 E10.46913
G1 X100.194 Y98.079 E10.48453
G1 X100.613 Y99.642 E10.52304
G1 X101.238 Y99.809 E10.53844
G1 X101.657 Y101.373 E10.57695
G1 X101.199 Y101.830 E10.59235
G1 X101.618 Y103.394 E10.63086
G1 X102.243 Y103.561 E10.64626
G1 X102.662 Y105.124 E10.68476
G1 X102.204 Y105.582 E10.70017
G1 X102.623 Y107.145 E10.73867
G1 X103.249 Y107.313 E10.75408
G1 X103.414 Y107.931 E10.76929
G1 X101.673 Y107.931 E10.81072
G1 X101.624 Y107.748 E10.81522
G1 X102.082 Y107.290 E10.83062
G1 X101.663 Y105.727 E10.86912
G1 X101.038 Y105.560 E10.88453
G1 X100.619 Y103.996 E10.92303
G1 X101.077 Y103.539 E10.93844
G1 X100.658 Y101.976 E10.97694
G1 X100.032 Y101.808 E10.99235
G1 X99.614 Y100.245 E11.03085
G1 X100.071 Y99.787 E11.04625
G1 X99.652 Y98.224 E11.08476
G1 X99.027 Y98.056 E11.10016
G1 X98.608 Y96.493 E11.13867
G1 X99.066 Y96.035 E11.15407
G1 X98.647 Y94.472 E11.19258
G1 X98.022 Y94.305 E11.20798
G1 X97.603 Y92.741 E11.24649
G1 X98.061 Y92.284 E11.26189
G1 X98.003 Y92.069 E11.26717
G1 X98.584 Y92.069 E11.28098
G1 X98.602 Y92.138 E11.28268
G1 X96.436 Y92.719 F7800.000
G1 F4800.000
G1 X97.061 Y92.886 E11.29808
G1 X97.480 Y94.450 E11.33659
G1 X97.023 Y94.907 E11.35199
G1 X97.441 Y96.471 E11.39050
G1 X98.067 Y96.638 E11.40590
G1 X98.486 Y98.201 E11.44441
G1 X98.028 Y98.659 E11.45981
G1 X98.447 Y100.222 E11.49832
G1 X99.072 Y100.390 E11.51372
G1 X99.491 Y101.953 E11.55222
G1 X99.033 Y102.411 E11.56763
G1 X99.452 Y103.974 E11.60613
G1 X100.077 Y104.142 E11.62154
G1 X100.496 Y105.705 E11.66004
G1 X100.038 Y106.163 E11.67545
G1 X100.457 Y107.726 E11.71395
G1 X101.083 Y107.893 E11.72935
G1 X101.093 Y107.931 E11.73027
G1 X99.856 Y107.931 E11.75970
G1 X99.916 Y107.871 E11.76171
G1 X99.497 Y106.308 E11.80021
G1 X98.872 Y106.140 E11.81562
G1 X98.453 Y104.577 E11.85412
G1 X98.911 Y104.119 E11.86953
G1 X98.492 Y102.556 E11.90803
G1 X97.866 Y102.388 E11.92344
G1 X97.447 Y100.825 E11.96194
G1 X97.905 Y100.367 E11.97735
G1 X97.486 Y98.804 E12.01585
G1 X96.861 Y98.637 E12.03125
G1 X96.442 Y97.073 E12.06976
G1 X96.900 Y96.616 E12.08516
G1 X96.481 Y95.052 E12.12367
G1 X95.856 Y94.885 E12.13907
G1 X95.437 Y93.322 E12.17758
G1 X95.895 Y92.864 E12.19298
G1 X95.682 Y92.069 E12.21255
G1 X96.262 Y92.069 E12.22636
G1 X96.436 Y92.719 E12.24236
G1 X94.270 Y93.299 F7800.000
G1 F4800.000
G1 X94.895 Y93.467 E12.25777
G1 X95.314 Y95.030 E12.29627
G1 X94.857 Y95.488 E12.31167
G1 X95.275 Y97.051 E12.35018
G1 X95.901 Y97.219 E12.36558
G1 X96.320 Y98.782 E12.40409
G1 X95.862 Y99.239 E12.41949
G1 X96.281 Y100.803 E12.45800
G1 X96.906 Y100.970 E12.47340
G1 X97.325 Y102.533 E12.51191
G1 X96.867 Y102.991 E12.52731
G1 X97.286 Y104.554 E12.56582
G1 X97.911 Y104.722 E12.58122
G1 X98.330 Y106.285 E12.61973
G1 X97.872 Y106.743 E12.63513
G1 X98.191 Y107.931 E12.66439
G1 X97.610 Y107.931 E12.67820
G1 X97.331 Y106.888 E12.70388
G1 X96.706 Y106.720 E12.71928
G1 X96.287 Y105.157 E12.75779
G1 X96.744 Y104.700 E12.77319
G1 X96.326 Y103.136 E12.81170
G1 X95.700 Y102.969 E12.82710
G1 X95.281 Y101.406 E12.86560
G1 X95.739 Y100.948 E12.88101
G1 X95.320 Y99.385 E12.91951
G1 X94.695 Y99.217 E12.93492
G1 X94.276 Y97.654 E12.97342
G1 X94.734 Y97.196 E12.98883
G1 X94.315 Y95.633 E13.02733
G1 X93.690 Y95.465 E13.04273
G1 X93.271 Y93.902 E13.08124
G1 X93.729 Y93.444 E13.09664
G1 X93.360 Y92.069 E13.13051
G1 X93.941 Y92.069 E13.14432
G1 X94.270 Y93.299 E13.17462
G1 X92.104 Y93.880 F7800.000
G1 F4800.000
G1 X92.729 Y94.047 E13.19002
G1 X93.148 Y95.610 E13.22853
G1 X92.690 Y96.068 E13.24393
G1 X93.109 Y97.631 E13.28244
G1 X93.735 Y97.799 E13.29784
G1 X94.153 Y99.362 E13.33635
G1 X93.696 Y99.820 E13.35175
G1 X94.115 Y101.383 E13.39025
G1 X94.740 Y101.551 E13.40566
G1 X95.159 Y103.114 E13.44416
G1 X94.701 Y103.572 E13.45957
G1 X95.120 Y105.135 E13.49807
G1 X95.745 Y105.302 E13.51348
G1 X96.164 Y106.866 E13.55198
G1 X95.706 Y107.323 E13.56738
G1 X95.869 Y107.931 E13.58234
G1 X95.289 Y107.931 E13.59615
G1 X95.165 Y107.468 E13.60754
G1 X94.539 Y107.301 E13.62294
G1 X94.121 Y105.738 E13.66145
G1 X94.578 Y105.280 E13.67685
G1 X94.160 Y103.717 E13.71536
G1 X93.534 Y103.549 E13.73076
G1 X93.115 Y101.986 E13.76927
G1 X93.573 Y101.528 E13.78467
G1 X93.154 Y99.965 E13.82318
G1 X92.529 Y99.797 E13.83858
G1 X92.110 Y98.234 E13.87709
G1 X92.568 Y97.776 E13.89249
G1 X92.149 Y96.213 E13.93099
G1 X92.069 Y96.192 E13.93296
G1 X92.069 Y93.750 E13.99106
G1 X92.104 Y93.880 E13.99425
G1 X92.574 Y102.131 F7800.000
G1 F4800.000
G1 X92.993 Y103.694 E14.03275
G1 X92.535 Y104.152 E14.04816
G1 X92.954 Y105.715 E14.08666
G1 X93.579 Y105.883 E14.10207
G1 X93.998 Y107.446 E14.14057
G1 X93.540 Y107.904 E14.15598
G1 X93.547 Y107.931 E14.15664
G1 X92.558 Y107.931 E14.18019
G1 X92.373 Y107.881 E14.18473
G1 X92.069 Y106.746 E14.21268
G1 X92.069 Y106.203 E14.22560
G1 X92.412 Y105.860 E14.23715
G1 X92.069 Y104.580 E14.26867
G1 X92.069 Y101.996 E14.33017
G1 X92.574 Y102.131 E14.34260
G1 Z3.950 F7800.000
G1 E12.34260 F2400.00000
G92 E0
G1 X100.725 Y89.175 F7800.000
G1 E2.00000 F2400.00000
G1 F3600.000
G1 X100.725 Y88.500 E2.02114
G1 X98.775 Y88.500 E2.08220
G1 X98.775 Y89.175 E2.10334
G1 X100.725 Y89.175 E2.16440
G1 Z4.050 F7800.000
G1 E0.16440 F2400.00000
G92 E0
G1 X108.529 Y108.529 F7800.000
G1 E2.00000 F2400.00000
G1 F3600.000
G1 X91.471 Y108.529 E2.46015
G1 X91.471 Y91.471 E2.92031
G1 X108.529 Y91.471 E3.38046
G1 X108.529 Y108.454 E3.83859
G1 X109.164 Y109.164 F7800.000
G1 F3600.000
G1 X90.836 Y109.164 E4.33303
G1 X90.836 Y90.836 E4.82748
G1 X109.164 Y90.836 E5.32193
G1 X109.164 Y109.089 E5.81435
G1 X109.725 Y109.725 F7800.000
G1 F1800.000
G1 X90.275 Y109.725 E6.21522
G1 X90.275 Y90.275 E6.61609
G1 X109.725 Y90.275 E7.01696
G1 X109.725 Y109.650 E7.41629
G1 X109.242 Y109.596 F7800.000
G1 X95.561 Y107.865 F7800.000
G1 F4800.000
G1 X93.998 Y107.446 E7.45479
G1 X93.540 Y107.904 E7.47020
G1 X92.069 Y107.510 E7.50643
G1 X92.069 Y107.931 E7.51645
G1 X95.579 Y107.931 E7.59995
G1 X95.561 Y107.865 E7.60157
G1 X92.390 Y104.694 F7800.000
G1 F4800.000
G1 X92.069 Y104.608 E7.60947
G1 X92.069 Y106.203 E7.64743
G1 X92.412 Y105.860 E7.65897
G1 X93.976 Y106.279 E7.69748
G1 X94.143 Y106.904 E7.71288
G1 X95.706 Y107.323 E7.75139
G1 X96.164 Y106.866 E7.76679
G1 X97.727 Y107.284 E7.80530
G1 X97.895 Y107.910 E7.82070
G1 X97.973 Y107.931 E7.82262
G1 X99.856 Y107.931 E7.86743
G1 X99.916 Y107.871 E7.86944
G1 X100.139 Y107.931 E7.87494
G1 X103.704 Y107.931 E7.95977
G1 X103.645 Y107.709 E7.96522
G1 X102.082 Y107.290 E8.00373
G1 X101.624 Y107.748 E8.01913
G1 X100.061 Y107.329 E8.05764
G1 X99.893 Y106.704 E8.07304
G1 X98.330 Y106.285 E8.11155
G1 X97.872 Y106.743 E8.12695
G1 X96.309 Y106.324 E8.16546
G1 X96.142 Y105.699 E8.18086
G1 X94.578 Y105.280 E8.21937
G1 X94.121 Y105.738 E8.23477
G1 X92.557 Y105.319 E8.27327
G1 X92.390 Y104.694 E8.28868
G1 X92.970 Y102.527 F7800.000
G1 F4800.000
G1 X92.069 Y102.286 E8.31087
G1 X92.069 Y104.027 E8.35230
G1 X92.535 Y104.152 E8.36377
G1 X92.993 Y103.694 E8.37917
G1 X94.556 Y104.113 E8.41768
G1 X94.723 Y104.738 E8.43308
G1 X96.287 Y105.157 E8.47159
G1 X96.744 Y104.700 E8.48699
G1 X98.308 Y105.118 E8.52549
G1 X98.475 Y105.744 E8.54090
G1 X100.038 Y106.163 E8.57940
G1 X100.496 Y105.705 E8.59481
G1 X102.059 Y106.124 E8.63331
G1 X102.227 Y106.749 E8.64872
G1 X103.790 Y107.168 E8.68722
G1 X104.248 Y106.710 E8.70262
G1 X105.811 Y107.129 E8.74113
G1 X105.979 Y107.754 E8.75653
G1 X106.637 Y107.931 E8.77275
G1 X107.784 Y107.931 E8.80005
G1 X107.931 Y107.784 E8.80497
G1 X107.931 Y106.536 E8.83467
G1 X106.414 Y106.130 E8.87203
G1 X105.956 Y106.587 E8.88744
G1 X104.393 Y106.169 E8.92594
G1 X104.225 Y105.543 E8.94134
G1 X102.662 Y105.124 E8.97985
G1 X102.204 Y105.582 E8.99525
G1 X100.641 Y105.163 E9.03376
G1 X100.474 Y104.538 E9.04916
G1 X98.911 Y104.119 E9.08767
G1 X98.453 Y104.577 E9.10307
G1 X96.890 Y104.158 E9.14158
G1 X96.722 Y103.533 E9.15698
G1 X95.159 Y103.114 E9.19549
G1 X94.701 Y103.572 E9.21089
G1 X93.138 Y103.153 E9.24940
G1 X92.970 Y102.527 E9.26480
G1 X93.551 Y100.361 F7800.000
G1 F4800.000
G1 X92.069 Y99.964 E9.30129
G1 X92.069 Y101.706 E9.34272
G1 X93.115 Y101.986 E9.36848
G1 X93.573 Y101.528 E9.38389
G1 X95.136 Y101.947 E9.42239
G1 X95.304 Y102.572 E9.43779
G1 X96.867 Y102.991 E9.47630
G1 X97.325 Y102.533 E9.49170
G1 X98.888 Y102.952 E9.53021
G1 X99.056 Y103.578 E9.54561
G1 X100.619 Y103.996 E9.58412
G1 X101.077 Y103.539 E9.59952
G1 X102.640 Y103.958 E9.63803
G1 X102.807 Y104.583 E9.65343
G1 X104.371 Y105.002 E9.69194
G1 X104.828 Y104.544 E9.70734
G1 X106.392 Y104.963 E9.74585
G1 X106.559 Y105.588 E9.76125
G1 X107.931 Y105.956 E9.79504
G1 X107.931 Y104.214 E9.83646
G1 X106.994 Y103.964 E9.85953
G1 X106.537 Y104.421 E9.87493
G1 X104.973 Y104.002 E9.91344
G1 X104.806 Y103.377 E9.92884
G1 X103.243 Y102.958 E9.96735
G1 X102.785 Y103.416 E9.98275
G1 X101.222 Y102.997 E10.02125
G1 X101.054 Y102.372 E10.03666
G1 X99.491 Y101.953 E10.07516
G1 X99.033 Y102.411 E10.09057
G1 X97.470 Y101.992 E10.12907
G1 X97.302 Y101.367 E10.14448
G1 X95.739 Y100.948 E10.18298
G1 X95.281 Y101.406 E10.19838
G1 X93.718 Y100.987 E10.23689
G1 X93.551 Y100.361 E10.25229
G1 X94.131 Y98.195 F7800.000
G1 F4800.000
G1 X92.568 Y97.776 E10.29080
G1 X92.110 Y98.234 E10.30620
G1 X92.069 Y98.223 E10.30721
G1 X92.069 Y99.165 E10.32962
G1 X92.133 Y99.401 E10.33543
G1 X93.696 Y99.820 E10.37393
G1 X94.153 Y99.362 E10.38934
G1 X95.717 Y99.781 E10.42784
G1 X95.884 Y100.406 E10.44324
G1 X97.447 Y100.825 E10.48175
G1 X97.905 Y100.367 E10.49715
G1 X99.468 Y100.786 E10.53566
G1 X99.636 Y101.412 E10.55106
G1 X101.199 Y101.830 E10.58957
G1 X101.657 Y101.373 E10.60497
G1 X103.220 Y101.792 E10.64348
G1 X103.388 Y102.417 E10.65888
G1 X104.951 Y102.836 E10.69739
G1 X105.409 Y102.378 E10.71279
G1 X106.972 Y102.797 E10.75130
G1 X107.139 Y103.422 E10.76670
G1 X107.931 Y103.634 E10.78619
G1 X107.931 Y101.893 E10.82762
G1 X107.575 Y101.798 E10.83638
G1 X107.117 Y102.255 E10.85179
G1 X105.554 Y101.836 E10.89029
G1 X105.386 Y101.211 E10.90570
G1 X103.823 Y100.792 E10.94420
G1 X103.365 Y101.250 E10.95960
G1 X101.802 Y100.831 E10.99811
G1 X101.635 Y100.206 E11.01351
G1 X100.071 Y99.787 E11.05202
G1 X99.614 Y100.245 E11.06742
G1 X98.050 Y99.826 E11.10593
G1 X97.883 Y99.201 E11.12133
G1 X96.320 Y98.782 E11.15984
G1 X95.862 Y99.239 E11.17524
G1 X94.299 Y98.821 E11.21375
G1 X94.131 Y98.195 E11.22915
G1 X94.711 Y96.029 F7800.000
G1 F4800.000
G1 X93.148 Y95.610 E11.26766
G1 X92.690 Y96.068 E11.28306
G1 X92.069 Y95.902 E11.29836
G1 X92.069 Y96.482 E11.31217
G1 X92.545 Y96.610 E11.32389
G1 X92.713 Y97.235 E11.33930
G1 X94.276 Y97.654 E11.37780
G1 X94.734 Y97.196 E11.39321
G1 X96.297 Y97.615 E11.43171
G1 X96.465 Y98.240 E11.44712
G1 X98.028 Y98.659 E11.48562
G1 X98.486 Y98.201 E11.50102
G1 X100.049 Y98.620 E11.53953
G1 X100.216 Y99.245 E11.55493
G1 X101.780 Y99.664 E11.59344
G1 X102.237 Y99.207 E11.60884
G1 X103.801 Y99.625 E11.64735
G1 X103.968 Y100.251 E11.66275
G1 X105.531 Y100.670 E11.70126
G1 X105.989 Y100.212 E11.71666
G1 X107.552 Y100.631 E11.75517
G1 X107.720 Y101.256 E11.77057
G1 X107.931 Y101.313 E11.77576
G1 X107.931 Y99.856 E11.81042
G1 X107.697 Y100.089 E11.81827
G1 X106.134 Y99.670 E11.85677
G1 X105.967 Y99.045 E11.87218
G1 X104.403 Y98.626 E11.91068
G1 X103.946 Y99.084 E11.92608
G1 X102.382 Y98.665 E11.96459
G1 X102.215 Y98.040 E11.97999
G1 X100.652 Y97.621 E12.01850
G1 X100.194 Y98.079 E12.03390
G1 X98.631 Y97.660 E12.07241
G1 X98.463 Y97.035 E12.08781
G1 X96.900 Y96.616 E12.12632
G1 X96.442 Y97.073 E12.14172
G1 X94.879 Y96.655 E12.18023
G1 X94.711 Y96.029 E12.19563
G1 X95.292 Y93.863 F7800.000
G1 F4800.000
G1 X93.729 Y93.444 E12.23414
G1 X93.271 Y93.902 E12.24954
G1 X92.069 Y93.580 E12.27914
G1 X92.069 Y94.161 E12.29295
G1 X93.126 Y94.444 E12.31897
G1 X93.293 Y95.069 E12.33437
G1 X94.857 Y95.488 E12.37288
G1 X95.314 Y95.030 E12.38828
G1 X96.878 Y95.449 E12.42679
G1 X97.045 Y96.074 E12.44219
G1 X98.608 Y96.493 E12.48070
G1 X99.066 Y96.035 E12.49610
G1 X100.629 Y96.454 E12.53461
G1 X100.797 Y97.079 E12.55001
G1 X102.360 Y97.498 E12.58851
G1 X102.818 Y97.041 E12.60392
G1 X104.381 Y97.459 E12.64242
G1 X104.549 Y98.085 E12.65783
G1 X106.112 Y98.504 E12.69633
G1 X106.569 Y98.046 E12.71174
G1 X107.931 Y98.411 E12.74526
G1 X107.931 Y97.830 E12.75907
G1 X106.715 Y97.504 E12.78903
G1 X106.547 Y96.879 E12.80443
G1 X104.984 Y96.460 E12.84294
G1 X104.526 Y96.918 E12.85834
G1 X102.963 Y96.499 E12.89685
G1 X102.795 Y95.874 E12.91225
G1 X101.232 Y95.455 E12.95076
G1 X100.774 Y95.913 E12.96616
G1 X99.211 Y95.494 E13.00467
G1 X99.044 Y94.868 E13.02007
G1 X97.480 Y94.450 E13.05857
G1 X97.023 Y94.907 E13.07398
G1 X95.459 Y94.488 E13.11248
G1 X95.292 Y93.863 E13.12789
G1 X96.040 Y92.322 F7800.000
G1 F4800.000
G1 X95.972 Y92.069 E13.13412
G1 X92.929 Y92.069 E13.20652
G1 X93.706 Y92.278 E13.22565
G1 X93.874 Y92.903 E13.24106
G1 X95.437 Y93.322 E13.27956
G1 X95.895 Y92.864 E13.29497
G1 X97.458 Y93.283 E13.33347
G1 X97.625 Y93.908 E13.34888
G1 X99.189 Y94.327 E13.38738
G1 X99.646 Y93.869 E13.40278
G1 X101.210 Y94.288 E13.44129
G1 X101.377 Y94.913 E13.45669
G1 X102.940 Y95.332 E13.49520
G1 X103.398 Y94.874 E13.51060
G1 X104.961 Y95.293 E13.54911
G1 X105.129 Y95.919 E13.56451
G1 X106.692 Y96.337 E13.60302
G1 X107.150 Y95.880 E13.61842
G1 X107.931 Y96.089 E13.63765
G1 X107.931 Y95.509 E13.65146
G1 X107.295 Y95.338 E13.66712
G1 X107.127 Y94.713 E13.68252
G1 X105.564 Y94.294 E13.72103
G1 X105.106 Y94.752 E13.73643
G1 X103.543 Y94.333 E13.77494
G1 X103.376 Y93.708 E13.79034
G1 X101.812 Y93.289 E13.82885
G1 X101.355 Y93.747 E13.84425
G1 X99.792 Y93.328 E13.88276
G1 X99.624 Y92.702 E13.89816
G1 X98.061 Y92.284 E13.93667
G1 X97.603 Y92.741 E13.95207
G1 X96.040 Y92.322 E13.99058
G1 X99.769 Y92.161 F7800.000
G1 F4800.000
G1 X99.861 Y92.069 E13.99366
G1 X99.427 Y92.069 E14.00396
G1 X99.769 Y92.161 E14.01238
G1 X104.124 Y92.167 F7800.000
G1 F4800.000
G1 X104.098 Y92.069 E14.01478
G1 X101.594 Y92.069 E14.07436
G1 X101.790 Y92.122 E14.07920
G1 X101.958 Y92.747 E14.09460
G1 X103.521 Y93.166 E14.13311
G1 X103.979 Y92.708 E14.14851
G1 X105.542 Y93.127 E14.18702
G1 X105.709 Y93.753 E14.20242
G1 X107.273 Y94.171 E14.24093
G1 X107.730 Y93.714 E14.25633
G1 X107.931 Y93.767 E14.26127
G1 X107.931 Y93.187 E14.27508
G1 X107.875 Y93.172 E14.27644
G1 X107.708 Y92.547 E14.29184
G1 X106.145 Y92.128 E14.33035
G1 X105.687 Y92.586 E14.34575
G1 X104.124 Y92.167 E14.38426
M106 S214.2
G1 Z4.350 F7800.000
G1 X108.529 Y108.529 F7800.000
G1 F3600.000
G1 X91.471 Y108.529 E14.84441
G1 X91.471 Y91.471 E15.30456
G1 X108.529 Y91.471 E15.76471
G1 X108.529 Y108.454 E16.22284
G1 X109.164 Y109.164 F7800.000
G1 F3600.000
G1 X90.836 Y109.164 E16.71729
G1 X90.836 Y90.836 E17.21174
G1 X109.164 Y90.836 E17.70618
G1 X109.164 Y109.089 E18.19861
G1 X109.725 Y109.725 F7800.000
G1 F1800.000
G1 X90.275 Y109.725 E18.59948
G1 X90.275 Y90.275 E19.00035
G1 X109.725 Y90.275 E19.40122
G1 X109.725 Y109.650 E19.80054
G1 X109.242 Y109.596 F7800.000
G1 X107.646 Y105.537 F7800.000
G1 F1200.000
G1 X108.140 Y105.042 E19.81954
G1 X108.140 Y104.137 E19.84414
G1 X106.741 Y105.536 E19.89790
G1 X105.836 Y105.536 E19.92249
G1 X108.140 Y103.231 E20.01102
G1 X108.140 Y102.326 E20.03561
G1 X104.931 Y105.535 E20.15891
G1 X104.026 Y105.535 E20.18350
G1 X108.140 Y101.421 E20.34156
G1 X108.140 Y100.516 E20.36615
G1 X103.121 Y105.535 E20.55898
G1 X103.023 Y105.535 E20.56167
G1 X103.023 Y104.728 E20.58359
G1 X108.140 Y99.610 E20.78020
G1 X108.140 Y98.705 E20.80479
G1 X103.023 Y103.822 E21.00139
G1 X103.024 Y102.916 E21.02599
G1 X108.140 Y97.800 E21.22257
G1 X108.140 Y96.895 E21.24717
G1 X103.024 Y102.011 E21.44373
G1 X103.025 Y101.105 E21.46834
G1 X108.140 Y95.989 E21.66489
G1 X108.140 Y95.084 E21.68948
G1 X103.025 Y100.199 E21.88601
G1 X103.025 Y99.294 E21.91062
G1 X108.140 Y94.179 E22.10714
G1 X108.140 Y93.274 E22.13173
G1 X103.026 Y98.388 E22.32823
G1 X103.026 Y97.482 E22.35284
G1 X108.140 Y92.368 E22.54932
G1 X108.140 Y91.860 E22.56314
G1 X107.744 Y91.860 E22.57392
G1 X102.682 Y96.921 E22.76838
G1 X101.777 Y96.921 E22.79297
G1 X106.838 Y91.860 E22.98743
G1 X105.933 Y91.860 E23.01202
G1 X100.872 Y96.921 E23.20648
G1 X99.967 Y96.921 E23.23107
G1 X105.028 Y91.860 E23.42553
G1 X104.123 Y91.860 E23.45013
G1 X99.061 Y96.921 E23.64459
G1 X98.156 Y96.921 E23.66918
G1 X103.217 Y91.860 E23.86364
G1 X102.312 Y91.860 E23.88823
G1 X97.251 Y96.921 E24.08269
G1 X96.346 Y96.921 E24.10728
G1 X101.407 Y91.860 E24.30174
G1 X100.502 Y91.860 E24.32634
G1 X95.440 Y96.921 E24.52079
G1 X94.535 Y96.921 E24.54539
G1 X99.596 Y91.860 E24.73985
G1 X98.691 Y91.860 E24.76444
G1 X93.630 Y96.921 E24.95890
G1 X92.725 Y96.921 E24.98349
G1 X97.786 Y91.860 E25.17795
G1 X96.881 Y91.860 E25.20255
G1 X91.860 Y96.881 E25.39545
G1 X91.860 Y95.975 E25.42005
G1 X95.975 Y91.860 E25.57817
G1 X95.070 Y91.860 E25.60277
G1 X91.860 Y95.070 E25.72611
G1 X91.860 Y94.165 E25.75070
G1 X94.165 Y91.860 E25.83927
G1 X93.260 Y91.860 E25.86386
G1 X91.860 Y93.259 E25.91764
G1 X91.860 Y92.354 E25.94224
G1 X92.354 Y91.860 E25.96124
G1 X92.069 Y97.879 F7800.000
G1 F4800.000
G1 X92.069 Y97.272 E25.97567
G1 X92.676 Y97.272 E25.99011
G1 X92.069 Y97.879 E26.01052
G1 X94.131 Y98.195 F7800.000
G1 F4800.000
G1 X94.299 Y98.821 E26.02592
G1 X93.154 Y99.965 E26.06443
G1 X92.529 Y99.797 E26.07983
G1 X92.069 Y100.257 E26.09530
G1 X92.069 Y99.464 E26.11416
G1 X92.133 Y99.401 E26.11629
G1 X92.069 Y99.165 E26.12210
G1 X92.069 Y98.671 E26.13385
G1 X93.109 Y97.631 E26.16884
G1 X93.735 Y97.799 E26.18425
G1 X94.262 Y97.272 E26.20198
G1 X95.054 Y97.272 E26.22084
G1 X94.131 Y98.195 E26.25192
G1 X98.631 Y97.660 F7800.000
G1 F4800.000
G1 X97.486 Y98.804 E26.29042
G1 X96.861 Y98.637 E26.30583
G1 X95.717 Y99.781 E26.34433
G1 X95.884 Y100.406 E26.35974
G1 X94.740 Y101.551 E26.39824
G1 X94.115 Y101.383 E26.41364
G1 X92.970 Y102.527 E26.45215
G1 X93.138 Y103.153 E26.46755
G1 X92.069 Y104.221 E26.50351
G1 X92.069 Y101.996 E26.55645
G1 X92.574 Y102.131 E26.56888
G1 X93.718 Y100.987 E26.60739
G1 X93.551 Y100.361 E26.62279
G1 X94.695 Y99.217 E26.66130
G1 X95.320 Y99.385 E26.67670
G1 X96.465 Y98.240 E26.71521
G1 X96.297 Y97.615 E26.73061
G1 X96.640 Y97.272 E26.74215
G1 X98.527 Y97.272 E26.78704
G1 X98.631 Y97.660 E26.79660
G1 X101.818 Y97.643 F7800.000
G1 F4800.000
G1 X101.193 Y97.476 E26.81200
G1 X100.049 Y98.620 E26.85051
G1 X100.216 Y99.245 E26.86591
G1 X99.072 Y100.390 E26.90442
G1 X98.447 Y100.222 E26.91982
G1 X97.302 Y101.367 E26.95832
G1 X97.470 Y101.992 E26.97373
G1 X96.326 Y103.136 E27.01223
G1 X95.700 Y102.969 E27.02764
G1 X94.556 Y104.113 E27.06614
G1 X94.723 Y104.738 E27.08155
G1 X93.579 Y105.883 E27.12005
G1 X92.954 Y105.715 E27.13545
G1 X92.069 Y106.600 E27.16522
G1 X92.069 Y105.807 E27.18408
G1 X92.557 Y105.319 E27.20050
G1 X92.390 Y104.694 E27.21591
G1 X93.534 Y103.549 E27.25441
G1 X94.160 Y103.717 E27.26982
G1 X95.304 Y102.572 E27.30832
G1 X95.136 Y101.947 E27.32372
G1 X96.281 Y100.803 E27.36223
G1 X96.906 Y100.970 E27.37763
G1 X98.050 Y99.826 E27.41614
G1 X97.883 Y99.201 E27.43154
G1 X99.027 Y98.056 E27.47005
G1 X99.652 Y98.224 E27.48545
G1 X100.604 Y97.272 E27.51748
G1 X102.190 Y97.272 E27.55521
G1 X101.818 Y97.643 E27.56771
G1 X102.674 Y99.166 F7800.000
G1 F4800.000
G1 X101.635 Y100.206 E27.60271
G1 X101.802 Y100.831 E27.61811
G1 X100.658 Y101.976 E27.65661
G1 X100.032 Y101.808 E27.67202
G1 X98.888 Y102.952 E27.71052
G1 X99.056 Y103.578 E27.72593
G1 X97.911 Y104.722 E27.76443
G1 X97.286 Y104.554 E27.77984
G1 X96.142 Y105.699 E27.81834
G1 X96.309 Y106.324 E27.83374
G1 X95.165 Y107.468 E27.87225
G1 X94.539 Y107.301 E27.88765
G1 X93.910 Y107.931 E27.90884
G1 X93.117 Y107.931 E27.92771
G1 X94.143 Y106.904 E27.96224
G1 X93.976 Y106.279 E27.97764
G1 X95.120 Y105.135 E28.01615
G1 X95.745 Y105.302 E28.03155
G1 X96.890 Y104.158 E28.07006
G1 X96.722 Y103.533 E28.08546
G1 X97.866 Y102.388 E28.12397
G1 X98.492 Y102.556 E28.13937
G1 X99.636 Y101.412 E28.17787
G1 X99.468 Y100.786 E28.19328
G1 X100.613 Y99.642 E28.23178
G1 X101.238 Y99.809 E28.24719
G1 X102.382 Y98.665 E28.28569
G1 X102.215 Y98.040 E28.30110
G1 X102.675 Y97.580 E28.31658
G1 X102.674 Y99.166 E28.35433
G1 X102.673 Y101.355 F7800.000
G1 F4800.000
G1 X102.673 Y103.132 E28.39661
G1 X102.243 Y103.561 E28.41105
G1 X101.618 Y103.394 E28.42646
G1 X100.474 Y104.538 E28.46496
G1 X100.641 Y105.163 E28.48037
G1 X99.497 Y106.308 E28.51887
G1 X98.872 Y106.140 E28.53428
G1 X97.727 Y107.284 E28.57278
G1 X97.895 Y107.910 E28.58818
G1 X97.874 Y107.931 E28.58889
G1 X95.579 Y107.931 E28.64350
G1 X95.561 Y107.865 E28.64512
G1 X96.706 Y106.721 E28.68362
G1 X97.331 Y106.888 E28.69903
G1 X98.475 Y105.744 E28.73753
G1 X98.308 Y105.118 E28.75293
G1 X99.452 Y103.974 E28.79144
G1 X100.077 Y104.142 E28.80684
G1 X101.222 Y102.997 E28.84535
G1 X101.054 Y102.372 E28.86075
G1 X102.198 Y101.228 E28.89926
G1 X102.673 Y101.355 E28.91096
G1 X102.672 Y104.079 F7800.000
G1 F4800.000
G1 X102.640 Y103.958 E28.91395
G1 X102.672 Y103.925 E28.91504
G1 X102.672 Y104.079 E28.91870
G1 X102.672 Y105.511 F7800.000
G1 F4800.000
G1 X102.059 Y106.124 E28.93930
G1 X102.227 Y106.749 E28.95470
G1 X101.083 Y107.893 E28.99321
G1 X100.457 Y107.726 E29.00861
G1 X100.252 Y107.931 E29.01551
G1 X99.460 Y107.931 E29.03437
G1 X100.061 Y107.329 E29.05460
G1 X99.893 Y106.704 E29.07001
G1 X101.038 Y105.560 E29.10851
G1 X101.663 Y105.727 E29.12392
G1 X102.672 Y104.718 E29.15787
G1 X102.672 Y105.511 E29.17674
G1 X106.260 Y105.887 F7800.000
G1 F4800.000
G1 X105.415 Y106.733 E29.20520
G1 X104.789 Y106.565 E29.22060
G1 X103.645 Y107.709 E29.25911
G1 X103.704 Y107.931 E29.26456
G1 X101.838 Y107.931 E29.30897
G1 X102.623 Y107.145 E29.33539
G1 X103.249 Y107.313 E29.35079
G1 X104.393 Y106.169 E29.38930
G1 X104.317 Y105.886 E29.39626
G1 X106.260 Y105.887 E29.44250
G1 X107.931 Y105.887 F7800.000
G1 F4800.000
G1 X107.931 Y107.388 E29.47820
G1 X107.388 Y107.931 E29.49646
G1 X105.802 Y107.931 E29.53419
G1 X105.979 Y107.754 E29.54012
G1 X105.811 Y107.129 E29.55553
G1 X106.955 Y105.985 E29.59403
G1 X107.581 Y106.152 E29.60944
G1 X107.845 Y105.887 E29.61834
G1 X107.931 Y105.887 E29.62037
G1 X92.558 Y107.931 F7800.000
G1 F4800.000
G1 X92.324 Y107.931 E29.62593
G1 X92.373 Y107.881 E29.62759
G1 X92.558 Y107.931 E29.63213
G1 Z4.450 F7800.000
G1 E27.63213 F2400.00000
G92 E0
G1 X100.725 Y89.175 F7800.000
G1 E2.00000 F2400.00000
G1 F3600.000
G1 X100.725 Y88.500 E2.02114
G1 X98.775 Y88.500 E2.08220
G1 X98.775 Y89.175 E2.10334
G1 X100.725 Y89.175 E2.16440
G1 Z4.650 F7800.000
G1 E0.16440 F2400.00000
G92 E0
G1 X108.529 Y108.529 F7800.000
G1 E2.00000 F2400.00000
G1 F3600.000
G1 X91.471 Y108.529 E2.46015
G1 X91.471 Y91.471 E2.92031
G1 X108.529 Y91.471 E3.38046
G1 X108.529 Y108.454 E3.83859
G1 X109.164 Y109.164 F7800.000
G1 F3600.000
G1 X90.836 Y109.164 E4.33303
G1 X90.836 Y90.836 E4.82748
G1 X109.164 Y90.836 E5.32193
G1 X109.164 Y109.089 E5.81435
G1 X109.725 Y109.725 F7800.000
G1 F1800.000
G1 X90.275 Y109.725 E6.21522
G1 X90.275 Y90.275 E6.61609
G1 X109.725 Y90.275 E7.01696
G1 X109.725 Y109.650 E7.41629
G1 X109.242 Y109.596 F7800.000
G1 X106.929 Y105.887 F7800.000
G1 F4800.000
G1 X106.955 Y105.985 E7.41869
G1 X107.581 Y106.152 E7.43409
G1 X107.931 Y107.458 E7.46626
G1 X107.931 Y107.784 E7.47402
G1 X107.784 Y107.931 E7.47895
G1 X106.316 Y107.931 E7.51388
G1 X105.956 Y106.587 E7.54697
G1 X106.414 Y106.130 E7.56237
G1 X106.349 Y105.887 E7.56835
G1 X106.929 Y105.887 E7.58217
G1 X104.608 Y105.886 F7800.000
G1 F4800.000
G1 X104.789 Y106.565 E7.59889
G1 X105.415 Y106.733 E7.61429
G1 X105.736 Y107.931 E7.64380
G1 X103.995 Y107.931 E7.68523
G1 X103.790 Y107.168 E7.70402
G1 X104.248 Y106.710 E7.71943
G1 X104.027 Y105.886 E7.73973
G1 X104.608 Y105.886 E7.75354
G1 X102.360 Y97.498 F7800.000
G1 F4800.000
G1 X102.675 Y98.673 E7.78247
G1 X102.673 Y101.355 E7.84629
G1 X102.198 Y101.228 E7.85799
G1 X101.780 Y99.664 E7.89650
G1 X102.237 Y99.207 E7.91190
G1 X101.818 Y97.643 E7.95040
G1 X101.193 Y97.476 E7.96581
G1 X101.139 Y97.272 E7.97083
G1 X102.586 Y97.272 E8.00528
G1 X102.360 Y97.498 E8.01290
G1 X100.652 Y97.621 F7800.000
G1 F4800.000
G1 X100.194 Y98.079 E8.02830
G1 X100.613 Y99.642 E8.06681
G1 X101.238 Y99.809 E8.08221
G1 X101.657 Y101.373 E8.12072
G1 X101.199 Y101.830 E8.13612
G1 X101.618 Y103.394 E8.17463
G1 X102.243 Y103.561 E8.19003
G1 X102.662 Y105.124 E8.22854
G1 X102.204 Y105.582 E8.24394
G1 X102.623 Y107.145 E8.28245
G1 X103.249 Y107.313 E8.29785
G1 X103.414 Y107.931 E8.31306
G1 X101.673 Y107.931 E8.35449
G1 X101.624 Y107.748 E8.35899
G1 X102.082 Y107.290 E8.37439
G1 X101.663 Y105.727 E8.41290
G1 X101.038 Y105.560 E8.42830
G1 X100.619 Y103.996 E8.46681
G1 X101.077 Y103.539 E8.48221
G1 X100.658 Y101.976 E8.52071
G1 X100.032 Y101.808 E8.53612
G1 X99.614 Y100.245 E8.57462
G1 X100.071 Y99.787 E8.59003
G1 X99.652 Y98.224 E8.62853
G1 X99.027 Y98.056 E8.64394
G1 X98.817 Y97.272 E8.66326
G1 X100.558 Y97.272 E8.70469
G1 X100.652 Y97.621 E8.71328
G1 X98.486 Y98.201 F7800.000
G1 F4800.000
G1 X98.028 Y98.659 E8.72869
G1 X98.447 Y100.222 E8.76719
G1 X99.072 Y100.390 E8.78260
G1 X99.491 Y101.953 E8.82110
G1 X99.033 Y102.411 E8.83650
G1 X99.452 Y103.974 E8.87501
G1 X100.077 Y104.142 E8.89041
G1 X100.496 Y105.705 E8.92892
G1 X100.038 Y106.163 E8.94432
G1 X100.457 Y107.726 E8.98283
G1 X101.083 Y107.893 E8.99823
G1 X101.093 Y107.931 E8.99915
G1 X99.856 Y107.931 E9.02857
G1 X99.916 Y107.871 E9.03059
G1 X99.497 Y106.308 E9.06909
G1 X98.872 Y106.140 E9.08450
G1 X98.453 Y104.577 E9.12300
G1 X98.911 Y104.119 E9.13840
G1 X98.492 Y102.556 E9.17691
G1 X97.866 Y102.388 E9.19231
G1 X97.447 Y100.825 E9.23082
G1 X97.905 Y100.367 E9.24622
G1 X97.486 Y98.804 E9.28473
G1 X96.861 Y98.637 E9.30013
G1 X96.495 Y97.272 E9.33375
G1 X98.237 Y97.272 E9.37518
G1 X98.486 Y98.201 E9.39807
G1 X96.320 Y98.782 F7800.000
G1 F4800.000
G1 X95.862 Y99.239 E9.41348
G1 X96.281 Y100.803 E9.45198
G1 X96.906 Y100.970 E9.46739
G1 X97.325 Y102.533 E9.50589
G1 X96.867 Y102.991 E9.52129
G1 X97.286 Y104.554 E9.55980
G1 X97.911 Y104.722 E9.57520
G1 X98.330 Y106.285 E9.61371
G1 X97.872 Y106.743 E9.62911
G1 X98.191 Y107.931 E9.65837
G1 X97.610 Y107.931 E9.67218
G1 X97.331 Y106.888 E9.69786
G1 X96.706 Y106.720 E9.71326
G1 X96.287 Y105.157 E9.75177
G1 X96.744 Y104.700 E9.76717
G1 X96.326 Y103.136 E9.80568
G1 X95.700 Y102.969 E9.82108
G1 X95.281 Y101.406 E9.85959
G1 X95.739 Y100.948 E9.87499
G1 X95.320 Y99.385 E9.91350
G1 X94.695 Y99.217 E9.92890
G1 X94.276 Y97.654 E9.96741
G1 X94.658 Y97.272 E9.98026
G1 X95.915 Y97.272 E10.01017
G1 X96.320 Y98.782 E10.04736
G1 X93.109 Y97.631 F7800.000
G1 F4800.000
G1 X93.735 Y97.799 E10.06276
G1 X94.153 Y99.362 E10.10127
G1 X93.696 Y99.820 E10.11667
G1 X94.115 Y101.383 E10.15518
G1 X94.740 Y101.551 E10.17058
G1 X95.159 Y103.114 E10.20908
G1 X94.701 Y103.572 E10.22449
G1 X95.120 Y105.135 E10.26299
G1 X95.745 Y105.302 E10.27840
G1 X96.164 Y106.866 E10.31690
G1 X95.706 Y107.323 E10.33231
G1 X95.869 Y107.931 E10.34727
G1 X95.289 Y107.931 E10.36107
G1 X95.165 Y107.468 E10.37246
G1 X94.539 Y107.301 E10.38786
G1 X94.121 Y105.738 E10.42637
G1 X94.578 Y105.280 E10.44177
G1 X94.160 Y103.717 E10.48028
G1 X93.534 Y103.549 E10.49568
G1 X93.115 Y101.986 E10.53419
G1 X93.573 Y101.528 E10.54959
G1 X93.154 Y99.965 E10.58810
G1 X92.529 Y99.797 E10.60350
G1 X92.110 Y98.234 E10.64201
G1 X92.568 Y97.776 E10.65741
G1 X92.433 Y97.272 E10.66984
G1 X93.013 Y97.272 E10.68365
G1 X93.109 Y97.631 E10.69250
G1 X92.574 Y102.131 F7800.000
G1 F4800.000
G1 X92.993 Y103.694 E10.73101
G1 X92.535 Y104.152 E10.74641
G1 X92.954 Y105.715 E10.78492
G1 X93.579 Y105.883 E10.80032
G1 X93.998 Y107.446 E10.83883
G1 X93.540 Y107.904 E10.85423
G1 X93.547 Y107.931 E10.85489
G1 X92.558 Y107.931 E10.87844
G1 X92.373 Y107.881 E10.88298
G1 X92.069 Y106.746 E10.91094
G1 X92.069 Y106.203 E10.92386
G1 X92.412 Y105.860 E10.93540
G1 X92.069 Y104.580 E10.96693
G1 X92.069 Y101.996 E11.02842
G1 X92.574 Y102.131 E11.04085
G1 X91.860 Y96.426 F7800.000
G1 F1200.000
G1 X92.354 Y96.921 E11.06027
G1 X93.279 Y96.921 E11.08595
G1 X91.860 Y95.501 E11.14170
G1 X91.860 Y94.576 E11.16738
G1 X94.204 Y96.921 E11.25945
G1 X95.130 Y96.921 E11.28513
G1 X91.860 Y93.651 E11.41352
G1 X91.860 Y92.726 E11.43921
G1 X96.055 Y96.921 E11.60392
G1 X96.980 Y96.921 E11.62961
G1 X91.919 Y91.860 E11.82833
G1 X92.844 Y91.860 E11.85402
G1 X97.905 Y96.921 E12.05275
G1 X98.830 Y96.921 E12.07843
G1 X93.769 Y91.860 E12.27716
G1 X94.694 Y91.860 E12.30284
G1 X99.755 Y96.921 E12.50157
G1 X100.680 Y96.921 E12.52725
G1 X95.619 Y91.860 E12.72598
G1 X96.544 Y91.860 E12.75166
G1 X101.606 Y96.921 E12.95039
G1 X102.531 Y96.921 E12.97608
G1 X97.469 Y91.860 E13.17480
G1 X98.394 Y91.860 E13.20049
G1 X103.456 Y96.921 E13.39921
G1 X108.140 Y92.354 F7800.000
G1 F1200.000
G1 X107.646 Y91.860 E13.41863
G1 X106.721 Y91.860 E13.44431
G1 X108.140 Y93.279 E13.50006
G1 X108.140 Y94.204 E13.52574
G1 X105.796 Y91.860 E13.61781
G1 X104.870 Y91.860 E13.64349
G1 X108.140 Y95.130 E13.77188
G1 X108.140 Y96.055 E13.79757
G1 X103.945 Y91.860 E13.96228
G1 X103.020 Y91.860 E13.98797
G1 X108.140 Y96.980 E14.18901
G1 X108.140 Y97.905 E14.21469
G1 X102.095 Y91.860 E14.45206
G1 X101.170 Y91.860 E14.47774
G1 X108.140 Y98.830 E14.75143
G1 X108.140 Y99.755 E14.77711
G1 X100.245 Y91.860 E15.08712
G1 X99.320 Y91.860 E15.11281
G1 X108.140 Y100.680 E15.45915
G1 X108.140 Y101.606 E15.48483
G1 X103.026 Y96.492 E15.68562
G1 X103.026 Y97.416 E15.71130
G1 X108.140 Y102.531 E15.91210
G1 X108.140 Y103.456 E15.93779
G1 X103.026 Y98.341 E16.13861
G1 X103.025 Y99.266 E16.16429
G1 X108.140 Y104.381 E16.36512
G1 X108.140 Y105.306 E16.39081
G1 X103.025 Y100.190 E16.59167
G1 X103.024 Y101.115 E16.61734
G1 X107.445 Y105.536 E16.79093
G1 X106.520 Y105.536 E16.81662
G1 X103.024 Y102.040 E16.95388
G1 X103.024 Y102.965 E16.97956
G1 X105.594 Y105.535 E17.08050
G1 X104.669 Y105.535 E17.10619
G1 X103.023 Y103.889 E17.17081
G1 X103.023 Y104.814 E17.19648
G1 X103.743 Y105.535 E17.22477
G1 X103.517 Y105.535 E17.23105
G1 X103.517 Y105.309 E17.23733
M106 S219.3
G1 Z4.950 F7800.000
G1 X108.529 Y108.529 F7800.000
G1 F3600.000
G1 X91.471 Y108.529 E17.69748
G1 X91.471 Y91.471 E18.15764
G1 X108.529 Y91.471 E18.61779
G1 X108.529 Y108.454 E19.07592
G1 X109.164 Y109.164 F7800.000
G1 F3600.000
G1 X90.836 Y109.164 E19.57036
G1 X90.836 Y90.836 E20.06481
G1 X109.164 Y90.836 E20.55926
G1 X109.164 Y109.089 E21.05168
G1 X109.725 Y109.725 F7800.000
G1 F1800.000
G1 X90.275 Y109.725 E21.45255
G1 X90.275 Y90.275 E21.85342
G1 X109.725 Y90.275 E22.25429
G1 X109.725 Y109.650 E22.65362
G1 X109.242 Y109.596 F7800.000
G1 X107.646 Y103.437 F7800.000
G1 F900.000
G1 X108.140 Y102.942 E22.67369
G1 X108.140 Y101.986 E22.70115
G1 X106.690 Y103.436 E22.76004
G1 X105.734 Y103.436 E22.78749
G1 X108.140 Y101.029 E22.88519
G1 X108.140 Y100.072 E22.91265
G1 X105.124 Y103.089 E23.03512
G1 X105.124 Y102.132 E23.06259
G1 X108.140 Y99.116 E23.18503
G1 X108.140 Y98.159 E23.21249
G1 X105.125 Y101.175 E23.33492
G1 X105.125 Y100.218 E23.36239
G1 X108.140 Y97.203 E23.48480
G1 X108.140 Y96.246 E23.51226
G1 X105.125 Y99.261 E23.63465
G1 X105.126 Y98.304 E23.66212
G1 X107.533 Y95.897 E23.75986
G1 X106.577 Y95.896 E23.78731
G1 X105.126 Y97.347 E23.84622
G1 X105.127 Y96.390 E23.87369
G1 X105.621 Y95.896 E23.89376
G1 X106.579 Y94.821 F7800.000
G1 F900.000
G1 X107.074 Y94.326 E23.91334
G1 X107.074 Y93.393 E23.93944
G1 X105.647 Y94.821 E23.99594
G1 X104.714 Y94.821 E24.02203
G1 X107.075 Y92.461 E24.11545
G1 X107.075 Y91.860 E24.13226
G1 X106.743 Y91.860 E24.14155
G1 X103.782 Y94.821 E24.25875
G1 X102.849 Y94.821 E24.28484
G1 X105.810 Y91.860 E24.40204
G1 X104.878 Y91.860 E24.42813
G1 X101.917 Y94.821 E24.54532
G1 X100.984 Y94.821 E24.57142
G1 X103.946 Y91.860 E24.68861
G1 X103.013 Y91.860 E24.71471
G1 X100.052 Y94.821 E24.83190
G1 X99.119 Y94.821 E24.85800
G1 X102.081 Y91.860 E24.97519
G1 X101.148 Y91.860 E25.00129
G1 X98.187 Y94.821 E25.11848
G1 X97.254 Y94.821 E25.14458
G1 X100.216 Y91.860 E25.26177
G1 X99.283 Y91.860 E25.28787
G1 X96.322 Y94.821 E25.40506
G1 X95.389 Y94.821 E25.43116
G1 X98.351 Y91.860 E25.54835
G1 X97.418 Y91.860 E25.57444
G1 X94.457 Y94.821 E25.69164
G1 X93.524 Y94.821 E25.71773
G1 X96.486 Y91.860 E25.83493
G1 X95.553 Y91.860 E25.86102
G1 X92.592 Y94.821 E25.97822
G1 X92.262 Y94.821 E25.98744
G1 X92.262 Y94.218 E26.00431
G1 X94.621 Y91.860 E26.09765
G1 X93.688 Y91.860 E26.12374
G1 X92.262 Y93.286 E26.18020
G1 X92.261 Y92.354 E26.20628
G1 X92.756 Y91.860 E26.22585
G1 X94.857 Y95.488 F7800.000
G1 F4800.000
G1 X93.678 Y95.172 E26.25489
G1 X95.172 Y95.172 E26.29045
G1 X94.857 Y95.488 E26.30108
G1 X94.711 Y96.029 F7800.000
G1 F4800.000
G1 X94.879 Y96.655 E26.31648
G1 X96.442 Y97.073 E26.35499
G1 X96.900 Y96.616 E26.37039
G1 X98.463 Y97.035 E26.40890
G1 X98.631 Y97.660 E26.42430
G1 X100.194 Y98.079 E26.46281
G1 X100.652 Y97.621 E26.47821
G1 X102.215 Y98.040 E26.51672
G1 X102.382 Y98.665 E26.53212
G1 X103.946 Y99.084 E26.57063
G1 X104.403 Y98.626 E26.58603
G1 X104.775 Y98.726 E26.59517
G1 X104.774 Y100.467 E26.63660
G1 X103.968 Y100.251 E26.65644
G1 X103.801 Y99.625 E26.67185
G1 X102.237 Y99.207 E26.71035
G1 X101.780 Y99.664 E26.72576
G1 X100.216 Y99.245 E26.76426
G1 X100.049 Y98.620 E26.77966
G1 X98.486 Y98.201 E26.81817
G1 X98.028 Y98.659 E26.83357
G1 X96.465 Y98.240 E26.87208
G1 X96.297 Y97.615 E26.88748
G1 X94.734 Y97.196 E26.92599
G1 X94.276 Y97.654 E26.94139
G1 X92.713 Y97.235 E26.97990
G1 X92.545 Y96.610 E26.99530
G1 X92.069 Y96.482 E27.00703
G1 X92.069 Y95.902 E27.02084
G1 X92.690 Y96.068 E27.03614
G1 X93.148 Y95.610 E27.05154
G1 X94.711 Y96.029 E27.09005
G1 X94.131 Y98.195 F7800.000
G1 F4800.000
G1 X94.299 Y98.821 E27.10545
G1 X95.862 Y99.239 E27.14395
G1 X96.320 Y98.782 E27.15936
G1 X97.883 Y99.201 E27.19786
G1 X98.050 Y99.826 E27.21327
G1 X99.614 Y100.245 E27.25177
G1 X100.071 Y99.787 E27.26718
G1 X101.635 Y100.206 E27.30568
G1 X101.802 Y100.831 E27.32108
G1 X103.365 Y101.250 E27.35959
G1 X103.823 Y100.792 E27.37499
G1 X104.774 Y101.047 E27.39841
G1 X104.773 Y102.788 E27.43983
G1 X103.388 Y102.417 E27.47395
G1 X103.220 Y101.792 E27.48935
G1 X101.657 Y101.373 E27.52786
G1 X101.199 Y101.830 E27.54326
G1 X99.636 Y101.412 E27.58177
G1 X99.468 Y100.786 E27.59717
G1 X97.905 Y100.367 E27.63568
G1 X97.447 Y100.825 E27.65108
G1 X95.884 Y100.406 E27.68959
G1 X95.717 Y99.781 E27.70499
G1 X94.153 Y99.362 E27.74350
G1 X93.696 Y99.820 E27.75890
G1 X92.133 Y99.401 E27.79741
G1 X92.069 Y99.165 E27.80321
G1 X92.069 Y98.223 E27.82563
G1 X92.110 Y98.234 E27.82663
G1 X92.568 Y97.776 E27.84203
G1 X94.131 Y98.195 E27.88054
G1 X93.551 Y100.361 F7800.000
G1 F4800.000
G1 X93.718 Y100.987 E27.89594
G1 X95.281 Y101.406 E27.93445
G1 X95.739 Y100.948 E27.94985
G1 X97.302 Y101.367 E27.98836
G1 X97.470 Y101.992 E28.00376
G1 X99.033 Y102.411 E28.04227
G1 X99.491 Y101.953 E28.05767
G1 X101.054 Y102.372 E28.09618
G1 X101.222 Y102.997 E28.11158
G1 X102.785 Y103.416 E28.15008
G1 X103.243 Y102.958 E28.16549
G1 X104.773 Y103.368 E28.20317
G1 X104.772 Y103.786 E28.21312
G1 X104.915 Y103.786 E28.21652
G1 X104.973 Y104.002 E28.22185
G1 X106.537 Y104.421 E28.26035
G1 X106.994 Y103.964 E28.27576
G1 X107.931 Y104.214 E28.29882
G1 X107.931 Y105.956 E28.34025
G1 X106.559 Y105.588 E28.37403
G1 X106.392 Y104.963 E28.38944
G1 X104.828 Y104.544 E28.42794
G1 X104.371 Y105.002 E28.44335
G1 X102.807 Y104.583 E28.48185
G1 X102.640 Y103.958 E28.49726
G1 X101.077 Y103.539 E28.53576
G1 X100.619 Y103.996 E28.55116
G1 X99.056 Y103.578 E28.58967
G1 X98.888 Y102.952 E28.60507
G1 X97.325 Y102.533 E28.64358
G1 X96.867 Y102.991 E28.65898
G1 X95.304 Y102.572 E28.69749
G1 X95.136 Y101.947 E28.71289
G1 X93.573 Y101.528 E28.75140
G1 X93.115 Y101.986 E28.76680
G1 X92.069 Y101.706 E28.79257
G1 X92.069 Y99.964 E28.83400
G1 X93.551 Y100.361 E28.87048
G1 X92.970 Y102.527 F7800.000
G1 F4800.000
G1 X93.138 Y103.153 E28.88589
G1 X94.701 Y103.572 E28.92439
G1 X95.159 Y103.114 E28.93980
G1 X96.722 Y103.533 E28.97830
G1 X96.890 Y104.158 E28.99371
G1 X98.453 Y104.577 E29.03221
G1 X98.911 Y104.119 E29.04761
G1 X100.474 Y104.538 E29.08612
G1 X100.641 Y105.163 E29.10152
G1 X102.204 Y105.582 E29.14003
G1 X102.662 Y105.124 E29.15543
G1 X104.225 Y105.543 E29.19394
G1 X104.393 Y106.169 E29.20934
G1 X105.956 Y106.587 E29.24785
G1 X106.414 Y106.130 E29.26325
G1 X107.931 Y106.536 E29.30061
G1 X107.931 Y107.784 E29.33031
G1 X107.784 Y107.931 E29.33523
G1 X106.637 Y107.931 E29.36253
G1 X105.979 Y107.754 E29.37875
G1 X105.811 Y107.129 E29.39415
G1 X104.248 Y106.710 E29.43266
G1 X103.790 Y107.168 E29.44806
G1 X102.227 Y106.749 E29.48657
G1 X102.059 Y106.124 E29.50197
G1 X100.496 Y105.705 E29.54048
G1 X100.038 Y106.163 E29.55588
G1 X98.475 Y105.744 E29.59439
G1 X98.308 Y105.118 E29.60979
G1 X96.744 Y104.700 E29.64830
G1 X96.287 Y105.157 E29.66370
G1 X94.723 Y104.738 E29.70221
G1 X94.556 Y104.113 E29.71761
G1 X92.993 Y103.694 E29.75611
G1 X92.535 Y104.152 E29.77152
G1 X92.069 Y104.027 E29.78299
G1 X92.069 Y102.286 E29.82442
G1 X92.970 Y102.527 E29.84661
G1 X92.390 Y104.694 F7800.000
G1 F4800.000
G1 X92.557 Y105.319 E29.86201
G1 X94.121 Y105.738 E29.90052
G1 X94.578 Y105.280 E29.91592
G1 X96.142 Y105.699 E29.95443
G1 X96.309 Y106.324 E29.96983
G1 X97.872 Y106.743 E30.00833
G1 X98.330 Y106.285 E30.02374
G1 X99.893 Y106.704 E30.06224
G1 X100.061 Y107.329 E30.07765
G1 X101.624 Y107.748 E30.11615
G1 X102.082 Y107.290 E30.13156
G1 X103.645 Y107.709 E30.17006
G1 X103.704 Y107.931 E30.17551
G1 X100.139 Y107.931 E30.26035
G1 X99.916 Y107.871 E30.26584
G1 X99.856 Y107.931 E30.26786
G1 X97.973 Y107.931 E30.31266
G1 X97.895 Y107.910 E30.31458
G1 X97.727 Y107.284 E30.32999
G1 X96.164 Y106.866 E30.36849
G1 X95.706 Y107.323 E30.38390
G1 X94.143 Y106.904 E30.42240
G1 X93.976 Y106.279 E30.43781
G1 X92.412 Y105.860 E30.47631
G1 X92.069 Y106.203 E30.48785
G1 X92.069 Y104.608 E30.52582
G1 X92.390 Y104.694 E30.53371
G1 X95.561 Y107.865 F7800.000
G1 F4800.000
G1 X95.579 Y107.931 E30.53533
G1 X92.069 Y107.931 E30.61884
G1 X92.069 Y107.510 E30.62885
G1 X93.540 Y107.904 E30.66509
G1 X93.998 Y107.446 E30.68049
G1 X95.561 Y107.865 E30.71900
G1 X99.211 Y95.494 F7800.000
G1 F4800.000
G1 X100.774 Y95.913 E30.75750
G1 X101.232 Y95.455 E30.77290
G1 X102.795 Y95.874 E30.81141
G1 X102.963 Y96.499 E30.82681
G1 X104.526 Y96.918 E30.86532
G1 X104.776 Y96.668 E30.87371
G1 X104.775 Y98.145 E30.90886
G1 X104.549 Y98.085 E30.91443
G1 X104.381 Y97.459 E30.92983
G1 X102.818 Y97.041 E30.96834
G1 X102.360 Y97.498 E30.98374
G1 X100.797 Y97.079 E31.02225
G1 X100.629 Y96.454 E31.03765
G1 X99.066 Y96.035 E31.07616
G1 X98.608 Y96.493 E31.09156
G1 X97.045 Y96.074 E31.13007
G1 X96.878 Y95.449 E31.14547
G1 X95.844 Y95.172 E31.17093
G1 X99.125 Y95.172 E31.24900
G1 X99.211 Y95.494 E31.25693
G1 X102.940 Y95.332 F7800.000
G1 F4800.000
G1 X102.342 Y95.172 E31.27167
G1 X103.101 Y95.172 E31.28972
G1 X102.940 Y95.332 E31.29511
G1 X107.295 Y95.338 F7800.000
G1 F4800.000
G1 X107.931 Y95.509 E31.31077
G1 X107.931 Y95.546 E31.31166
G1 X105.029 Y95.545 E31.38071
G1 X104.961 Y95.293 E31.38690
G1 X104.508 Y95.172 E31.39807
G1 X107.250 Y95.172 E31.46332
G1 X107.295 Y95.338 E31.46742
G1 X107.708 Y92.547 F7800.000
G1 F4800.000
G1 X107.875 Y93.172 E31.48282
G1 X107.931 Y93.187 E31.48418
G1 X107.931 Y93.767 E31.49799
G1 X107.730 Y93.714 E31.50293
G1 X107.425 Y94.019 E31.51321
G1 X107.426 Y92.471 E31.55004
G1 X107.708 Y92.547 E31.55699
G1 Z4.950 F7800.000
G1 E29.55699 F2400.00000
G92 E0
G1 X100.725 Y89.175 F7800.000
G1 E2.00000 F2400.00000
G1 F3600.000
G1 X100.725 Y88.500 E2.02114
G1 X98.775 Y88.500 E2.08220
G1 X98.775 Y89.175 E2.10334
G1 X100.725 Y89.175 E2.16440
M106 S242.25
G1 Z5.150 F7800.000
G1 F3600.000
G1 X98.775 Y89.175 E2.19238
G1 X98.775 Y88.500 E2.20206
G1 X100.725 Y88.500 E2.23004
G1 X100.725 Y89.175 E2.23972
G1 Z5.250 F7800.000
G1 E0.23972 F2400.00000
G92 E0
G1 X106.582 Y101.978 F7800.000
G1 E2.00000 F2400.00000
G1 F3600.000
G1 X108.529 Y101.979 E2.05251
G1 X108.529 Y108.529 E2.22921
G1 X91.471 Y108.529 E2.68936
G1 X91.471 Y91.471 E3.14951
G1 X93.719 Y91.471 E3.21016
G1 X93.720 Y93.363 E3.26118
G1 X98.285 Y93.363 E3.38433
G1 X98.284 Y91.471 E3.43536
G1 X100.899 Y91.471 E3.50591
G1 X100.898 Y93.363 E3.55694
G1 X105.616 Y93.363 E3.68420
G1 X105.617 Y91.471 E3.73523
G1 X108.529 Y91.471 E3.81378
G1 X108.529 Y97.355 E3.97251
G1 X106.584 Y97.355 E4.02497
G1 X106.582 Y101.903 E4.14767
G1 X107.218 Y101.343 F7800.000
G1 F3600.000
G1 X109.164 Y101.343 E4.20017
G1 X109.164 Y109.164 E4.41115
G1 X90.836 Y109.164 E4.90560
G1 X90.836 Y90.836 E5.40004
G1 X94.355 Y90.836 E5.49497
G1 X94.355 Y92.727 E5.54600
G1 X97.649 Y92.727 E5.63486
G1 X97.648 Y90.836 E5.68588
G1 X101.535 Y90.836 E5.79074
G1 X101.534 Y92.727 E5.84177
G1 X104.981 Y92.727 E5.93474
G1 X104.982 Y90.836 E5.98577
G1 X109.164 Y90.836 E6.09860
G1 X109.164 Y97.991 E6.29164
G1 X107.220 Y97.990 E6.34410
G1 X107.218 Y101.268 E6.43250
G1 X107.779 Y100.782 F7800.000
G1 F1800.000
G1 X109.725 Y100.783 E6.47261
G1 X109.725 Y109.725 E6.65691
G1 X90.275 Y109.725 E7.05778
G1 X90.275 Y90.275 E7.45865
G1 X94.915 Y90.275 E7.55428
G1 X94.916 Y92.167 E7.59327
G1 X97.088 Y92.167 E7.63805
G1 X97.087 Y90.275 E7.67703
G1 X102.096 Y90.275 E7.78026
G1 X102.095 Y92.167 E7.81925
G1 X104.420 Y92.167 E7.86717
G1 X104.421 Y90.275 E7.90616
G1 X109.725 Y90.275 E8.01547
G1 X109.725 Y98.552 E8.18606
G1 X107.780 Y98.551 E8.22615
G1 X107.779 Y100.707 E8.27058
G1 X107.660 Y101.268 F7800.000
G1 X107.931 Y102.577 F7800.000
G1 F4800.000
G1 X107.931 Y103.924 E8.30265
G1 X107.536 Y103.819 E8.31237
G1 X106.392 Y104.963 E8.35088
G1 X106.559 Y105.588 E8.36628
G1 X105.415 Y106.733 E8.40479
G1 X104.789 Y106.565 E8.42019
G1 X103.645 Y107.709 E8.45870
G1 X103.704 Y107.931 E8.46415
G1 X101.838 Y107.931 E8.50855
G1 X102.623 Y107.145 E8.53498
G1 X103.249 Y107.313 E8.55038
G1 X104.393 Y106.169 E8.58889
G1 X104.225 Y105.543 E8.60429
G1 X105.370 Y104.399 E8.64280
G1 X105.995 Y104.566 E8.65820
G1 X107.139 Y103.422 E8.69671
G1 X106.972 Y102.797 E8.71211
G1 X107.193 Y102.576 E8.71953
G1 X107.931 Y102.577 E8.73709
G1 X105.984 Y102.242 F7800.000
G1 F4800.000
G1 X105.950 Y102.233 E8.73793
G1 X104.806 Y103.377 E8.77643
G1 X104.973 Y104.003 E8.79184
G1 X103.829 Y105.147 E8.83034
G1 X103.204 Y104.979 E8.84575
G1 X102.059 Y106.124 E8.88425
G1 X102.227 Y106.749 E8.89965
G1 X101.083 Y107.893 E8.93816
G1 X100.457 Y107.726 E8.95356
G1 X100.252 Y107.931 E8.96046
G1 X99.460 Y107.931 E8.97932
G1 X100.061 Y107.329 E8.99955
G1 X99.893 Y106.704 E9.01496
G1 X101.038 Y105.560 E9.05346
G1 X101.663 Y105.727 E9.06887
G1 X102.807 Y104.583 E9.10737
G1 X102.640 Y103.958 E9.12278
G1 X103.784 Y102.813 E9.16128
G1 X104.409 Y102.981 E9.17668
G1 X105.554 Y101.836 E9.21519
G1 X105.386 Y101.211 E9.23059
G1 X105.985 Y100.613 E9.25073
G1 X105.984 Y102.242 E9.28950
G1 X105.985 Y99.026 F7800.000
G1 F4800.000
G1 X105.967 Y99.045 E9.29013
G1 X105.985 Y99.115 E9.29186
G1 X105.985 Y99.819 E9.30862
G1 X104.990 Y100.815 E9.34211
G1 X104.365 Y100.647 E9.35751
G1 X103.220 Y101.792 E9.39602
G1 X103.388 Y102.417 E9.41142
G1 X102.243 Y103.561 E9.44992
G1 X101.618 Y103.394 E9.46533
G1 X100.474 Y104.538 E9.50383
G1 X100.641 Y105.163 E9.51924
G1 X99.497 Y106.308 E9.55774
G1 X98.872 Y106.140 E9.57315
G1 X97.727 Y107.284 E9.61165
G1 X97.895 Y107.910 E9.62705
G1 X97.874 Y107.931 E9.62776
G1 X95.579 Y107.931 E9.68237
G1 X95.561 Y107.865 E9.68399
G1 X96.706 Y106.721 E9.72249
G1 X97.331 Y106.888 E9.73790
G1 X98.475 Y105.744 E9.77640
G1 X98.308 Y105.118 E9.79180
G1 X99.452 Y103.974 E9.83031
G1 X100.077 Y104.142 E9.84571
G1 X101.222 Y102.997 E9.88422
G1 X101.054 Y102.372 E9.89962
G1 X102.198 Y101.228 E9.93813
G1 X102.824 Y101.395 E9.95353
G1 X103.968 Y100.251 E9.99204
G1 X103.801 Y99.625 E10.00744
G1 X104.945 Y98.481 E10.04595
G1 X105.570 Y98.649 E10.06135
G1 X105.986 Y98.233 E10.07533
G1 X105.985 Y99.026 E10.09421
G1 X107.931 Y95.799 F7800.000
G1 F4800.000
G1 X107.931 Y96.757 E10.11701
G1 X106.670 Y96.757 E10.14701
G1 X107.691 Y95.735 E10.18140
G1 X107.931 Y95.799 E10.18729
G1 X107.931 Y93.910 F7800.000
G1 F4800.000
G1 X107.127 Y94.713 E10.21432
G1 X107.295 Y95.338 E10.22972
G1 X106.151 Y96.483 E10.26823
G1 X105.525 Y96.315 E10.28363
G1 X104.381 Y97.459 E10.32214
G1 X104.549 Y98.085 E10.33754
G1 X103.404 Y99.229 E10.37605
G1 X102.779 Y99.062 E10.39145
G1 X101.635 Y100.206 E10.42996
G1 X101.802 Y100.831 E10.44536
G1 X100.658 Y101.976 E10.48386
G1 X100.032 Y101.808 E10.49927
G1 X98.888 Y102.952 E10.53777
G1 X99.056 Y103.578 E10.55318
G1 X97.911 Y104.722 E10.59168
G1 X97.286 Y104.554 E10.60709
G1 X96.142 Y105.699 E10.64559
G1 X96.309 Y106.324 E10.66099
G1 X95.165 Y107.468 E10.69950
G1 X94.539 Y107.301 E10.71490
G1 X93.910 Y107.931 E10.73609
G1 X93.117 Y107.931 E10.75496
G1 X94.143 Y106.904 E10.78949
G1 X93.976 Y106.279 E10.80489
G1 X95.120 Y105.135 E10.84340
G1 X95.745 Y105.302 E10.85880
G1 X96.890 Y104.158 E10.89731
G1 X96.722 Y103.533 E10.91271
G1 X97.866 Y102.388 E10.95122
G1 X98.492 Y102.556 E10.96662
G1 X99.636 Y101.412 E11.00512
G1 X99.468 Y100.786 E11.02053
G1 X100.613 Y99.642 E11.05903
G1 X101.238 Y99.809 E11.07444
G1 X102.382 Y98.665 E11.11294
G1 X102.215 Y98.040 E11.12835
G1 X103.359 Y96.895 E11.16685
G1 X103.985 Y97.063 E11.18225
G1 X105.129 Y95.919 E11.22076
G1 X104.961 Y95.293 E11.23616
G1 X106.106 Y94.149 E11.27467
G1 X106.731 Y94.317 E11.29007
G1 X107.875 Y93.172 E11.32858
G1 X107.708 Y92.547 E11.34398
G1 X107.931 Y92.324 E11.35148
G1 X107.931 Y93.910 E11.38921
G1 X107.311 Y92.150 F7800.000
G1 F4800.000
G1 X107.009 Y92.069 E11.39667
G1 X107.393 Y92.069 E11.40580
G1 X107.311 Y92.150 E11.40853
G1 X106.215 Y92.454 F7800.000
G1 F4800.000
G1 X106.215 Y92.069 E11.41769
G1 X106.600 Y92.069 E11.42685
G1 X106.215 Y92.454 E11.43981
G1 X104.565 Y94.897 F7800.000
G1 F4800.000
G1 X103.940 Y94.729 E11.45521
G1 X102.795 Y95.874 E11.49371
G1 X102.963 Y96.499 E11.50912
G1 X101.818 Y97.643 E11.54762
G1 X101.193 Y97.476 E11.56303
G1 X100.049 Y98.620 E11.60153
G1 X100.216 Y99.245 E11.61694
G1 X99.072 Y100.390 E11.65544
G1 X98.447 Y100.222 E11.67084
G1 X97.302 Y101.367 E11.70935
G1 X97.470 Y101.992 E11.72475
G1 X96.326 Y103.136 E11.76326
G1 X95.700 Y102.969 E11.77866
G1 X94.556 Y104.113 E11.81717
G1 X94.723 Y104.738 E11.83257
G1 X93.579 Y105.883 E11.87108
G1 X92.954 Y105.715 E11.88648
G1 X92.069 Y106.600 E11.91624
G1 X92.069 Y105.807 E11.93511
G1 X92.557 Y105.319 E11.95153
G1 X92.390 Y104.694 E11.96693
G1 X93.534 Y103.549 E12.00544
G1 X94.160 Y103.717 E12.02084
G1 X95.304 Y102.572 E12.05935
G1 X95.136 Y101.947 E12.07475
G1 X96.281 Y100.803 E12.11326
G1 X96.906 Y100.970 E12.12866
G1 X98.050 Y99.826 E12.16717
G1 X97.883 Y99.201 E12.18257
G1 X99.027 Y98.056 E12.22108
G1 X99.652 Y98.224 E12.23648
G1 X100.797 Y97.079 E12.27498
G1 X100.629 Y96.454 E12.29039
G1 X101.774 Y95.310 E12.32889
G1 X102.399 Y95.477 E12.34430
G1 X103.543 Y94.333 E12.38280
G1 X103.444 Y93.961 E12.39197
G1 X105.501 Y93.961 E12.44092
G1 X104.565 Y94.897 E12.47242
G1 X100.300 Y93.754 F7800.000
G1 F4800.000
G1 X100.300 Y93.961 E12.47734
G1 X101.537 Y93.961 E12.50677
G1 X101.210 Y94.288 E12.51777
G1 X101.377 Y94.913 E12.53318
G1 X100.233 Y96.058 E12.57168
G1 X99.608 Y95.890 E12.58709
G1 X98.463 Y97.035 E12.62559
G1 X98.631 Y97.660 E12.64099
G1 X97.486 Y98.804 E12.67950
G1 X96.861 Y98.637 E12.69490
G1 X95.717 Y99.781 E12.73341
G1 X95.884 Y100.406 E12.74881
G1 X94.740 Y101.551 E12.78732
G1 X94.115 Y101.383 E12.80272
G1 X92.970 Y102.527 E12.84123
G1 X93.138 Y103.153 E12.85663
G1 X92.069 Y104.221 E12.89258
G1 X92.069 Y101.996 E12.94553
G1 X92.574 Y102.131 E12.95796
G1 X93.718 Y100.987 E12.99647
G1 X93.551 Y100.361 E13.01187
G1 X94.695 Y99.217 E13.05037
G1 X95.320 Y99.385 E13.06578
G1 X96.465 Y98.240 E13.10428
G1 X96.297 Y97.615 E13.11969
G1 X97.441 Y96.471 E13.15819
G1 X98.067 Y96.638 E13.17360
G1 X99.211 Y95.494 E13.21210
G1 X99.044 Y94.868 E13.22750
G1 X100.188 Y93.724 E13.26601
G1 X100.300 Y93.754 E13.26877
G1 X99.624 Y92.702 F7800.000
G1 F4800.000
G1 X99.792 Y93.328 E13.28417
G1 X98.647 Y94.472 E13.32268
G1 X98.022 Y94.305 E13.33808
G1 X96.878 Y95.449 E13.37659
G1 X97.045 Y96.074 E13.39199
G1 X95.901 Y97.219 E13.43050
G1 X95.275 Y97.051 E13.44590
G1 X94.131 Y98.195 E13.48441
G1 X94.299 Y98.821 E13.49981
G1 X93.154 Y99.965 E13.53832
G1 X92.529 Y99.797 E13.55372
G1 X92.069 Y100.257 E13.56919
G1 X92.069 Y99.464 E13.58805
G1 X92.133 Y99.401 E13.59018
G1 X92.069 Y99.165 E13.59598
G1 X92.069 Y98.671 E13.60773
G1 X93.109 Y97.631 E13.64273
G1 X93.735 Y97.799 E13.65813
G1 X94.879 Y96.655 E13.69664
G1 X94.711 Y96.029 E13.71204
G1 X95.856 Y94.885 E13.75055
G1 X96.481 Y95.052 E13.76595
G1 X97.573 Y93.961 E13.80268
G1 X98.884 Y93.961 E13.83387
G1 X98.883 Y92.214 E13.87545
G1 X99.228 Y92.306 E13.88394
G1 X99.464 Y92.069 E13.89190
G1 X100.257 Y92.069 E13.91077
G1 X99.624 Y92.702 E13.93207
G1 X95.459 Y94.488 F7800.000
G1 F4800.000
G1 X94.315 Y95.633 E13.97058
G1 X93.690 Y95.465 E13.98598
G1 X92.545 Y96.610 E14.02448
G1 X92.713 Y97.235 E14.03989
G1 X92.069 Y97.879 E14.06154
G1 X92.069 Y96.192 E14.10167
G1 X92.149 Y96.213 E14.10363
G1 X93.293 Y95.069 E14.14214
G1 X93.126 Y94.444 E14.15754
G1 X93.608 Y93.961 E14.17378
G1 X95.318 Y93.961 E14.21446
G1 X95.459 Y94.488 E14.22746
G1 X93.122 Y93.654 F7800.000
G1 F4800.000
G1 X92.729 Y94.047 E14.24067
G1 X92.104 Y93.880 E14.25607
G1 X92.069 Y93.914 E14.25724
G1 X92.069 Y92.329 E14.29497
G1 X92.329 Y92.069 E14.30370
G1 X93.121 Y92.069 E14.32256
G1 X93.122 Y93.654 E14.36027
G1 X92.558 Y107.931 F7800.000
G1 F4800.000
G1 X92.324 Y107.931 E14.36583
G1 X92.373 Y107.881 E14.36749
G1 X92.558 Y107.931 E14.37203
G1 X107.931 Y107.388 F7800.000
G1 F4800.000
G1 X107.388 Y107.931 E14.39029
G1 X105.802 Y107.931 E14.42802
G1 X105.979 Y107.754 E14.43396
G1 X105.811 Y107.129 E14.44936
G1 X106.955 Y105.985 E14.48787
G1 X107.581 Y106.152 E14.50327
G1 X107.931 Y105.802 E14.51504
G1 X107.931 Y107.388 E14.55277
G1 Z5.550 F7800.000
G1 X106.583 Y101.975 F7800.000
G1 F3600.000
G1 X108.529 Y101.975 E14.60527
G1 X108.529 Y108.529 E14.78205
G1 X91.471 Y108.529 E15.24221
G1 X91.471 Y91.471 E15.70236
G1 X93.886 Y91.471 E15.76749
G1 X93.887 Y93.363 E15.81853
G1 X98.463 Y93.363 E15.94198
G1 X98.462 Y91.471 E15.99302
G1 X100.717 Y91.471 E16.05384
G1 X100.716 Y93.363 E16.10487
G1 X105.426 Y93.363 E16.23195
G1 X105.427 Y91.471 E16.28299
G1 X108.529 Y91.471 E16.36665
G1 X108.529 Y97.352 E16.52530
G1 X106.585 Y97.351 E16.57774
G1 X106.583 Y101.900 E16.70044
G1 X107.219 Y101.339 F7800.000
G1 F3600.000
G1 X109.164 Y101.340 E16.75293
G1 X109.164 Y109.164 E16.96400
G1 X90.836 Y109.164 E17.45845
G1 X90.836 Y90.836 E17.95289
G1 X94.521 Y90.836 E18.05231
G1 X94.522 Y92.727 E18.10335
G1 X97.827 Y92.727 E18.19250
G1 X97.826 Y90.836 E18.24354
G1 X101.352 Y90.836 E18.33867
G1 X101.352 Y92.727 E18.38971
G1 X104.791 Y92.727 E18.48249
G1 X104.792 Y90.836 E18.53353
G1 X109.164 Y90.836 E18.65148
G1 X109.164 Y97.988 E18.84443
G1 X107.220 Y97.987 E18.89688
G1 X107.219 Y101.264 E18.98528
G1 X107.779 Y100.779 F7800.000
G1 F1800.000
G1 X109.725 Y100.780 E19.02538
G1 X109.725 Y109.725 E19.20974
G1 X90.275 Y109.725 E19.61061
G1 X90.275 Y90.275 E20.01148
G1 X95.081 Y90.275 E20.11054
G1 X95.082 Y92.167 E20.14954
G1 X97.266 Y92.167 E20.19454
G1 X97.265 Y90.275 E20.23354
G1 X101.913 Y90.275 E20.32934
G1 X101.912 Y92.167 E20.36833
G1 X104.231 Y92.167 E20.41611
G1 X104.232 Y90.275 E20.45510
G1 X109.725 Y90.275 E20.56832
G1 X109.725 Y98.549 E20.73885
G1 X107.780 Y98.548 E20.77892
G1 X107.780 Y100.704 E20.82336
G1 X107.661 Y101.265 F7800.000
G1 X107.931 Y102.573 F7800.000
G1 F4800.000
G1 X107.931 Y103.924 E20.85550
G1 X107.536 Y103.819 E20.86522
G1 X107.202 Y102.573 E20.89591
G1 X107.931 Y102.573 E20.91324
G1 X106.106 Y94.149 F7800.000
G1 F4800.000
G1 X106.731 Y94.317 E20.92864
G1 X107.150 Y95.880 E20.96715
G1 X106.692 Y96.337 E20.98255
G1 X106.804 Y96.753 E20.99279
G1 X106.223 Y96.753 E21.00661
G1 X106.151 Y96.483 E21.01327
G1 X105.525 Y96.315 E21.02867
G1 X105.106 Y94.752 E21.06718
G1 X105.564 Y94.294 E21.08258
G1 X105.475 Y93.961 E21.09078
G1 X106.024 Y93.961 E21.10385
G1 X106.024 Y93.845 E21.10662
G1 X106.106 Y94.149 E21.11411
G1 X106.145 Y92.128 F7800.000
G1 F4800.000
G1 X106.025 Y92.248 E21.11813
G1 X106.025 Y92.069 E21.12237
G1 X106.129 Y92.069 E21.12484
G1 X106.145 Y92.128 E21.12629
G1 X107.931 Y92.295 F7800.000
G1 F4800.000
G1 X107.931 Y95.799 E21.20964
G1 X107.691 Y95.735 E21.21554
G1 X107.273 Y94.171 E21.25404
G1 X107.730 Y93.714 E21.26945
G1 X107.311 Y92.150 E21.30795
G1 X107.009 Y92.069 E21.31541
G1 X107.870 Y92.069 E21.33591
G1 X107.931 Y92.295 E21.34147
G1 X103.940 Y94.729 F7800.000
G1 F4800.000
G1 X104.565 Y94.897 E21.35688
G1 X104.984 Y96.460 E21.39538
G1 X104.526 Y96.918 E21.41079
G1 X104.945 Y98.481 E21.44929
G1 X105.570 Y98.649 E21.46469
G1 X105.985 Y100.216 E21.50326
G1 X105.531 Y100.670 E21.51854
G1 X105.950 Y102.233 E21.55705
G1 X105.984 Y102.242 E21.55789
G1 X105.984 Y102.572 E21.56575
G1 X106.622 Y102.573 E21.58092
G1 X106.994 Y103.964 E21.61518
G1 X106.537 Y104.421 E21.63058
G1 X106.955 Y105.985 E21.66909
G1 X107.581 Y106.152 E21.68449
G1 X107.931 Y107.458 E21.71666
G1 X107.931 Y107.784 E21.72442
G1 X107.784 Y107.931 E21.72935
G1 X106.316 Y107.931 E21.76428
G1 X105.956 Y106.587 E21.79737
G1 X106.414 Y106.130 E21.81277
G1 X105.995 Y104.566 E21.85128
G1 X105.370 Y104.399 E21.86668
G1 X104.951 Y102.836 E21.90519
G1 X105.409 Y102.378 E21.92059
G1 X104.990 Y100.815 E21.95910
G1 X104.365 Y100.647 E21.97450
G1 X103.946 Y99.084 E22.01300
G1 X104.403 Y98.626 E22.02841
G1 X103.985 Y97.063 E22.06691
G1 X103.359 Y96.895 E22.08232
G1 X102.940 Y95.332 E22.12082
G1 X103.398 Y94.874 E22.13623
G1 X103.153 Y93.961 E22.15872
G1 X103.734 Y93.961 E22.17253
G1 X103.940 Y94.729 E22.19146
G1 X101.774 Y95.310 F7800.000
G1 F4800.000
G1 X102.399 Y95.477 E22.20686
G1 X102.818 Y97.041 E22.24536
G1 X102.360 Y97.498 E22.26077
G1 X102.779 Y99.062 E22.29927
G1 X103.404 Y99.229 E22.31468
G1 X103.823 Y100.792 E22.35318
G1 X103.365 Y101.250 E22.36859
G1 X103.784 Y102.813 E22.40709
G1 X104.409 Y102.981 E22.42249
G1 X104.828 Y104.544 E22.46100
G1 X104.371 Y105.002 E22.47640
G1 X104.789 Y106.565 E22.51491
G1 X105.415 Y106.733 E22.53031
G1 X105.736 Y107.931 E22.55983
G1 X103.995 Y107.931 E22.60125
G1 X103.790 Y107.168 E22.62005
G1 X104.248 Y106.710 E22.63545
G1 X103.829 Y105.147 E22.67395
G1 X103.204 Y104.979 E22.68936
G1 X102.785 Y103.416 E22.72786
G1 X103.243 Y102.958 E22.74327
G1 X102.824 Y101.395 E22.78177
G1 X102.198 Y101.228 E22.79718
G1 X101.780 Y99.664 E22.83568
G1 X102.237 Y99.207 E22.85108
G1 X101.818 Y97.643 E22.88959
G1 X101.193 Y97.476 E22.90499
G1 X100.774 Y95.913 E22.94350
G1 X101.232 Y95.455 E22.95890
G1 X100.832 Y93.961 E22.99570
G1 X101.412 Y93.961 E23.00951
G1 X101.774 Y95.310 E23.04273
G1 X100.117 Y93.461 F7800.000
G1 F4800.000
G1 X99.769 Y92.161 E23.07475
G1 X99.861 Y92.069 E23.07783
G1 X100.118 Y92.069 E23.08396
G1 X100.117 Y93.461 E23.11707
G1 X99.228 Y92.306 F7800.000
G1 F4800.000
G1 X99.646 Y93.869 E23.15557
G1 X99.189 Y94.327 E23.17097
G1 X99.608 Y95.890 E23.20948
G1 X100.233 Y96.058 E23.22488
G1 X100.652 Y97.621 E23.26339
G1 X100.194 Y98.079 E23.27879
G1 X100.613 Y99.642 E23.31730
G1 X101.238 Y99.809 E23.33270
G1 X101.657 Y101.373 E23.37121
G1 X101.199 Y101.830 E23.38661
G1 X101.618 Y103.394 E23.42512
G1 X102.243 Y103.561 E23.44052
G1 X102.662 Y105.124 E23.47903
G1 X102.204 Y105.582 E23.49443
G1 X102.623 Y107.145 E23.53294
G1 X103.249 Y107.313 E23.54834
G1 X103.414 Y107.931 E23.56356
G1 X101.673 Y107.931 E23.60498
G1 X101.624 Y107.748 E23.60948
G1 X102.082 Y107.290 E23.62488
G1 X101.663 Y105.727 E23.66339
G1 X101.038 Y105.560 E23.67879
G1 X100.619 Y103.996 E23.71730
G1 X101.077 Y103.539 E23.73270
G1 X100.658 Y101.976 E23.77121
G1 X100.032 Y101.808 E23.78661
G1 X99.614 Y100.245 E23.82511
G1 X100.071 Y99.787 E23.84052
G1 X99.652 Y98.224 E23.87902
G1 X99.027 Y98.056 E23.89443
G1 X98.608 Y96.493 E23.93293
G1 X99.066 Y96.035 E23.94834
G1 X98.647 Y94.472 E23.98684
G1 X98.022 Y94.305 E24.00224
G1 X97.930 Y93.961 E24.01070
G1 X99.061 Y93.961 E24.03762
G1 X99.060 Y92.261 E24.07807
G1 X99.228 Y92.306 E24.08219
G1 X97.480 Y94.450 F7800.000
G1 F4800.000
G1 X97.023 Y94.907 E24.09759
G1 X97.441 Y96.471 E24.13610
G1 X98.067 Y96.638 E24.15150
G1 X98.486 Y98.201 E24.19000
G1 X98.028 Y98.659 E24.20541
G1 X98.447 Y100.222 E24.24391
G1 X99.072 Y100.390 E24.25932
G1 X99.491 Y101.953 E24.29782
G1 X99.033 Y102.411 E24.31323
G1 X99.452 Y103.974 E24.35173
G1 X100.077 Y104.142 E24.36713
G1 X100.496 Y105.705 E24.40564
G1 X100.038 Y106.163 E24.42104
G1 X100.457 Y107.726 E24.45955
G1 X101.083 Y107.893 E24.47495
G1 X101.093 Y107.931 E24.47587
G1 X99.856 Y107.931 E24.50530
G1 X99.916 Y107.871 E24.50731
G1 X99.497 Y106.308 E24.54581
G1 X98.872 Y106.140 E24.56122
G1 X98.453 Y104.577 E24.59972
G1 X98.911 Y104.119 E24.61513
G1 X98.492 Y102.556 E24.65363
G1 X97.866 Y102.388 E24.66903
G1 X97.447 Y100.825 E24.70754
G1 X97.905 Y100.367 E24.72294
G1 X97.486 Y98.804 E24.76145
G1 X96.861 Y98.637 E24.77685
G1 X96.442 Y97.073 E24.81536
G1 X96.900 Y96.616 E24.83076
G1 X96.481 Y95.052 E24.86927
G1 X95.856 Y94.885 E24.88467
G1 X95.608 Y93.961 E24.90742
G1 X97.349 Y93.961 E24.94885
G1 X97.480 Y94.450 E24.96088
G1 X93.289 Y93.961 F7800.000
G1 F4800.000
G1 X95.028 Y93.961 E25.00226
G1 X95.314 Y95.030 E25.02859
G1 X94.857 Y95.488 E25.04400
G1 X95.275 Y97.051 E25.08250
G1 X95.901 Y97.219 E25.09790
G1 X96.320 Y98.782 E25.13641
G1 X95.862 Y99.239 E25.15181
G1 X96.281 Y100.803 E25.19032
G1 X96.906 Y100.970 E25.20572
G1 X97.325 Y102.533 E25.24423
G1 X96.867 Y102.991 E25.25963
G1 X97.286 Y104.554 E25.29814
G1 X97.911 Y104.722 E25.31354
G1 X98.330 Y106.285 E25.35205
G1 X97.872 Y106.743 E25.36745
G1 X98.191 Y107.931 E25.39671
G1 X97.610 Y107.931 E25.41052
G1 X97.331 Y106.888 E25.43620
G1 X96.706 Y106.720 E25.45160
G1 X96.287 Y105.157 E25.49011
G1 X96.744 Y104.700 E25.50551
G1 X96.326 Y103.136 E25.54402
G1 X95.700 Y102.969 E25.55942
G1 X95.281 Y101.406 E25.59793
G1 X95.739 Y100.948 E25.61333
G1 X95.320 Y99.385 E25.65184
G1 X94.695 Y99.217 E25.66724
G1 X94.276 Y97.654 E25.70574
G1 X94.734 Y97.196 E25.72115
G1 X94.315 Y95.633 E25.75965
G1 X93.690 Y95.465 E25.77506
G1 X93.271 Y93.902 E25.81356
G1 X93.289 Y93.884 E25.81416
G1 X93.289 Y93.961 E25.81599
G1 X92.104 Y93.880 F7800.000
G1 F4800.000
G1 X92.729 Y94.047 E25.83140
G1 X93.148 Y95.610 E25.86990
G1 X92.690 Y96.068 E25.88531
G1 X93.109 Y97.631 E25.92381
G1 X93.735 Y97.799 E25.93922
G1 X94.153 Y99.362 E25.97772
G1 X93.696 Y99.820 E25.99312
G1 X94.115 Y101.383 E26.03163
G1 X94.740 Y101.551 E26.04703
G1 X95.159 Y103.114 E26.08554
G1 X94.701 Y103.572 E26.10094
G1 X95.120 Y105.135 E26.13945
G1 X95.745 Y105.302 E26.15485
G1 X96.164 Y106.866 E26.19336
G1 X95.706 Y107.323 E26.20876
G1 X95.869 Y107.931 E26.22372
G1 X95.289 Y107.931 E26.23753
G1 X95.165 Y107.468 E26.24892
G1 X94.539 Y107.301 E26.26432
G1 X94.121 Y105.738 E26.30283
G1 X94.578 Y105.280 E26.31823
G1 X94.160 Y103.717 E26.35673
G1 X93.534 Y103.549 E26.37214
G1 X93.115 Y101.986 E26.41064
G1 X93.573 Y101.528 E26.42605
G1 X93.154 Y99.965 E26.46455
G1 X92.529 Y99.797 E26.47996
G1 X92.110 Y98.234 E26.51846
G1 X92.568 Y97.776 E26.53386
G1 X92.149 Y96.213 E26.57237
G1 X92.069 Y96.192 E26.57433
G1 X92.069 Y93.750 E26.63243
G1 X92.104 Y93.880 E26.63562
G1 X92.574 Y102.131 F7800.000
G1 F4800.000
G1 X92.993 Y103.694 E26.67413
G1 X92.535 Y104.152 E26.68953
G1 X92.954 Y105.715 E26.72804
G1 X93.579 Y105.883 E26.74344
G1 X93.998 Y107.446 E26.78195
G1 X93.540 Y107.904 E26.79735
G1 X93.547 Y107.931 E26.79801
G1 X92.558 Y107.931 E26.82156
G1 X92.373 Y107.881 E26.82610
G1 X92.069 Y106.746 E26.85406
G1 X92.069 Y106.203 E26.86698
G1 X92.412 Y105.860 E26.87852
G1 X92.069 Y104.580 E26.91005
G1 X92.069 Y101.996 E26.97154
G1 X92.574 Y102.131 E26.98397
G1 Z5.650 F7800.000
G1 E24.98397 F2400.00000
G92 E0
G1 X100.725 Y89.175 F7800.000
G1 E2.00000 F2400.00000
G1 F3600.000
G1 X100.725 Y88.500 E2.02114
G1 X98.775 Y88.500 E2.08220
G1 X98.775 Y89.175 E2.10334
G1 X100.725 Y89.175 E2.16440
G1 Z5.850 F7800.000
G1 E0.16440 F2400.00000
G92 E0
G1 X106.583 Y101.971 F7800.000
G1 E2.00000 F2400.00000
G1 F3600.000
G1 X108.529 Y101.972 E2.05248
G1 X108.529 Y108.529 E2.22936
G1 X91.471 Y108.529 E2.68951
G1 X91.471 Y91.471 E3.14966
G1 X94.052 Y91.471 E3.21929
G1 X94.053 Y93.363 E3.27033
G1 X98.641 Y93.363 E3.39409
G1 X98.640 Y91.471 E3.44513
G1 X100.534 Y91.471 E3.49622
G1 X100.533 Y93.363 E3.54727
G1 X105.237 Y93.363 E3.67416
G1 X105.238 Y91.471 E3.72520
G1 X108.529 Y91.471 E3.81398
G1 X108.529 Y97.349 E3.97254
G1 X106.585 Y97.348 E4.02497
G1 X106.583 Y101.896 E4.14767
G1 X107.219 Y101.336 F7800.000
G1 F3600.000
G1 X109.164 Y101.337 E4.20015
G1 X109.164 Y109.164 E4.41131
G1 X90.836 Y109.164 E4.90575
G1 X90.836 Y90.836 E5.40020
G1 X94.688 Y90.836 E5.50411
G1 X94.688 Y92.728 E5.55515
G1 X98.005 Y92.728 E5.64461
G1 X98.004 Y90.836 E5.69566
G1 X101.170 Y90.836 E5.78106
G1 X101.169 Y92.728 E5.83210
G1 X104.601 Y92.728 E5.92470
G1 X104.602 Y90.836 E5.97575
G1 X109.164 Y90.836 E6.09881
G1 X109.164 Y97.985 E6.29167
G1 X107.221 Y97.984 E6.34411
G1 X107.219 Y101.261 E6.43251
G1 X107.780 Y100.776 F7800.000
G1 F1800.000
G1 X109.725 Y100.776 E6.47260
G1 X109.725 Y109.725 E6.65703
G1 X90.275 Y109.725 E7.05790
G1 X90.275 Y90.275 E7.45877
G1 X95.248 Y90.275 E7.56127
G1 X95.249 Y92.167 E7.60026
G1 X97.444 Y92.167 E7.64550
G1 X97.443 Y90.275 E7.68450
G1 X101.731 Y90.275 E7.77287
G1 X101.730 Y92.167 E7.81187
G1 X104.041 Y92.167 E7.85951
G1 X104.042 Y90.275 E7.89850
G1 X109.725 Y90.275 E8.01563
G1 X109.725 Y98.546 E8.18609
G1 X107.781 Y98.545 E8.22616
G1 X107.780 Y100.701 E8.27059
G1 X107.661 Y101.261 F7800.000
G1 X107.931 Y102.570 F7800.000
G1 F4800.000
G1 X107.931 Y103.634 E8.29591
G1 X107.139 Y103.422 E8.31540
G1 X106.972 Y102.797 E8.33080
G1 X106.123 Y102.569 E8.35172
G1 X107.931 Y102.570 E8.39474
G1 X103.543 Y94.333 F7800.000
G1 F4800.000
G1 X105.106 Y94.752 E8.43324
G1 X105.564 Y94.294 E8.44865
G1 X107.127 Y94.713 E8.48715
G1 X107.295 Y95.338 E8.50255
G1 X107.931 Y95.509 E8.51821
G1 X107.931 Y96.089 E8.53202
G1 X107.150 Y95.880 E8.55125
G1 X106.692 Y96.337 E8.56666
G1 X105.129 Y95.919 E8.60516
G1 X104.961 Y95.293 E8.62057
G1 X103.398 Y94.874 E8.65907
G1 X102.940 Y95.332 E8.67448
G1 X101.377 Y94.913 E8.71298
G1 X101.210 Y94.288 E8.72838
G1 X99.991 Y93.961 E8.75841
G1 X103.444 Y93.961 E8.84058
G1 X103.543 Y94.333 E8.84973
G1 X99.624 Y92.702 F7800.000
G1 F4800.000
G1 X99.792 Y93.328 E8.86513
G1 X99.935 Y93.366 E8.86866
G1 X99.934 Y93.946 E8.88247
G1 X99.646 Y93.869 E8.88956
G1 X99.189 Y94.327 E8.90496
G1 X97.824 Y93.961 E8.93857
G1 X99.239 Y93.961 E8.97222
G1 X99.238 Y92.599 E9.00464
G1 X99.624 Y92.702 E9.01414
G1 X99.769 Y92.161 F7800.000
G1 F4800.000
G1 X99.427 Y92.069 E9.02255
G1 X99.861 Y92.069 E9.03286
G1 X99.769 Y92.161 E9.03594
G1 X93.454 Y92.210 F7800.000
G1 F4800.000
G1 X92.929 Y92.069 E9.04888
G1 X93.454 Y92.069 E9.06137
G1 X93.454 Y92.210 E9.06472
G1 X93.271 Y93.902 F7800.000
G1 F4800.000
G1 X93.455 Y93.718 E9.07092
G1 X93.455 Y93.961 E9.07672
G1 X95.318 Y93.961 E9.12104
G1 X95.459 Y94.488 E9.13403
G1 X97.023 Y94.907 E9.17253
G1 X97.480 Y94.450 E9.18793
G1 X99.044 Y94.868 E9.22644
G1 X99.211 Y95.494 E9.24184
G1 X100.774 Y95.913 E9.28035
G1 X101.232 Y95.455 E9.29575
G1 X102.795 Y95.874 E9.33426
G1 X102.963 Y96.499 E9.34966
G1 X104.526 Y96.918 E9.38817
G1 X104.984 Y96.460 E9.40357
G1 X106.065 Y96.750 E9.43020
G1 X105.987 Y96.750 E9.43203
G1 X105.987 Y98.470 E9.47297
G1 X104.549 Y98.085 E9.50839
G1 X104.381 Y97.459 E9.52379
G1 X102.818 Y97.041 E9.56230
G1 X102.360 Y97.498 E9.57770
G1 X100.797 Y97.079 E9.61621
G1 X100.629 Y96.454 E9.63161
G1 X99.066 Y96.035 E9.67012
G1 X98.608 Y96.493 E9.68552
G1 X97.045 Y96.074 E9.72403
G1 X96.878 Y95.449 E9.73943
G1 X95.314 Y95.030 E9.77794
G1 X94.857 Y95.488 E9.79334
G1 X93.293 Y95.069 E9.83185
G1 X93.126 Y94.444 E9.84725
G1 X92.069 Y94.161 E9.87327
G1 X92.069 Y93.580 E9.88708
G1 X93.271 Y93.902 E9.91668
G1 X94.711 Y96.029 F7800.000
G1 F4800.000
G1 X94.879 Y96.655 E9.93208
G1 X96.442 Y97.073 E9.97059
G1 X96.900 Y96.616 E9.98599
G1 X98.463 Y97.035 E10.02450
G1 X98.631 Y97.660 E10.03990
G1 X100.194 Y98.079 E10.07840
G1 X100.652 Y97.621 E10.09381
G1 X102.215 Y98.040 E10.13231
G1 X102.382 Y98.665 E10.14772
G1 X103.946 Y99.084 E10.18622
G1 X104.403 Y98.626 E10.20163
G1 X105.967 Y99.045 E10.24013
G1 X105.986 Y99.119 E10.24194
G1 X105.986 Y100.215 E10.26803
G1 X105.531 Y100.670 E10.28333
G1 X103.968 Y100.251 E10.32183
G1 X103.801 Y99.625 E10.33724
G1 X102.237 Y99.207 E10.37574
G1 X101.780 Y99.664 E10.39114
G1 X100.216 Y99.245 E10.42965
G1 X100.049 Y98.620 E10.44505
G1 X98.486 Y98.201 E10.48356
G1 X98.028 Y98.659 E10.49896
G1 X96.465 Y98.240 E10.53747
G1 X96.297 Y97.615 E10.55287
G1 X94.734 Y97.196 E10.59138
G1 X94.276 Y97.654 E10.60678
G1 X92.713 Y97.235 E10.64529
G1 X92.545 Y96.610 E10.66069
G1 X92.069 Y96.482 E10.67242
G1 X92.069 Y95.902 E10.68623
G1 X92.690 Y96.068 E10.70153
G1 X93.148 Y95.610 E10.71693
G1 X94.711 Y96.029 E10.75544
G1 X94.131 Y98.195 F7800.000
G1 F4800.000
G1 X94.299 Y98.821 E10.77084
G1 X95.862 Y99.239 E10.80934
G1 X96.320 Y98.782 E10.82475
G1 X97.883 Y99.201 E10.86325
G1 X98.050 Y99.826 E10.87866
G1 X99.614 Y100.245 E10.91716
G1 X100.071 Y99.787 E10.93257
G1 X101.635 Y100.206 E10.97107
G1 X101.802 Y100.831 E10.98647
G1 X103.365 Y101.250 E11.02498
G1 X103.823 Y100.792 E11.04038
G1 X105.386 Y101.211 E11.07889
G1 X105.554 Y101.836 E11.09429
G1 X105.985 Y101.952 E11.10492
G1 X105.985 Y102.532 E11.11872
G1 X105.409 Y102.378 E11.13292
G1 X104.951 Y102.836 E11.14832
G1 X103.388 Y102.417 E11.18683
G1 X103.220 Y101.792 E11.20223
G1 X101.657 Y101.373 E11.24073
G1 X101.199 Y101.830 E11.25614
G1 X99.636 Y101.412 E11.29464
G1 X99.468 Y100.786 E11.31005
G1 X97.905 Y100.367 E11.34855
G1 X97.447 Y100.825 E11.36396
G1 X95.884 Y100.406 E11.40246
G1 X95.717 Y99.781 E11.41786
G1 X94.153 Y99.362 E11.45637
G1 X93.696 Y99.820 E11.47177
G1 X92.133 Y99.401 E11.51028
G1 X92.069 Y99.165 E11.51609
G1 X92.069 Y98.223 E11.53850
G1 X92.110 Y98.234 E11.53950
G1 X92.568 Y97.776 E11.55491
G1 X94.131 Y98.195 E11.59341
G1 X93.551 Y100.361 F7800.000
G1 F4800.000
G1 X93.718 Y100.987 E11.60881
G1 X95.281 Y101.406 E11.64732
G1 X95.739 Y100.948 E11.66272
G1 X97.302 Y101.367 E11.70123
G1 X97.470 Y101.992 E11.71663
G1 X99.033 Y102.411 E11.75514
G1 X99.491 Y101.953 E11.77054
G1 X101.054 Y102.372 E11.80905
G1 X101.222 Y102.997 E11.82445
G1 X102.785 Y103.416 E11.86296
G1 X103.243 Y102.958 E11.87836
G1 X104.806 Y103.377 E11.91687
G1 X104.973 Y104.002 E11.93227
G1 X106.537 Y104.421 E11.97078
G1 X106.994 Y103.964 E11.98618
G1 X107.931 Y104.214 E12.00924
G1 X107.931 Y105.956 E12.05067
G1 X106.559 Y105.588 E12.08446
G1 X106.392 Y104.963 E12.09986
G1 X104.828 Y104.544 E12.13837
G1 X104.371 Y105.002 E12.15377
G1 X102.807 Y104.583 E12.19227
G1 X102.640 Y103.958 E12.20768
G1 X101.077 Y103.539 E12.24618
G1 X100.619 Y103.996 E12.26159
G1 X99.056 Y103.578 E12.30009
G1 X98.888 Y102.952 E12.31550
G1 X97.325 Y102.533 E12.35400
G1 X96.867 Y102.991 E12.36940
G1 X95.304 Y102.572 E12.40791
G1 X95.136 Y101.947 E12.42331
G1 X93.573 Y101.528 E12.46182
G1 X93.115 Y101.986 E12.47722
G1 X92.069 Y101.706 E12.50299
G1 X92.069 Y99.964 E12.54442
G1 X93.551 Y100.361 E12.58091
G1 X92.970 Y102.527 F7800.000
G1 F4800.000
G1 X93.138 Y103.153 E12.59631
G1 X94.701 Y103.572 E12.63482
G1 X95.159 Y103.114 E12.65022
G1 X96.722 Y103.533 E12.68872
G1 X96.890 Y104.158 E12.70413
G1 X98.453 Y104.577 E12.74263
G1 X98.911 Y104.119 E12.75804
G1 X100.474 Y104.538 E12.79654
G1 X100.641 Y105.163 E12.81195
G1 X102.204 Y105.582 E12.85045
G1 X102.662 Y105.124 E12.86585
G1 X104.225 Y105.543 E12.90436
G1 X104.393 Y106.169 E12.91976
G1 X105.956 Y106.587 E12.95827
G1 X106.414 Y106.130 E12.97367
G1 X107.931 Y106.536 E13.01103
G1 X107.931 Y107.784 E13.04073
G1 X107.784 Y107.931 E13.04566
G1 X106.637 Y107.931 E13.07295
G1 X105.979 Y107.754 E13.08917
G1 X105.811 Y107.129 E13.10458
G1 X104.248 Y106.710 E13.14308
G1 X103.790 Y107.168 E13.15848
G1 X102.227 Y106.749 E13.19699
G1 X102.059 Y106.124 E13.21239
G1 X100.496 Y105.705 E13.25090
G1 X100.038 Y106.163 E13.26630
G1 X98.475 Y105.744 E13.30481
G1 X98.308 Y105.118 E13.32021
G1 X96.744 Y104.700 E13.35872
G1 X96.287 Y105.157 E13.37412
G1 X94.723 Y104.738 E13.41263
G1 X94.556 Y104.113 E13.42803
G1 X92.993 Y103.694 E13.46654
G1 X92.535 Y104.152 E13.48194
G1 X92.069 Y104.027 E13.49341
G1 X92.069 Y102.286 E13.53484
G1 X92.970 Y102.527 E13.55703
G1 X92.390 Y104.694 F7800.000
G1 F4800.000
G1 X92.557 Y105.319 E13.57243
G1 X94.121 Y105.738 E13.61094
G1 X94.578 Y105.280 E13.62634
G1 X96.142 Y105.699 E13.66485
G1 X96.309 Y106.324 E13.68025
G1 X97.872 Y106.743 E13.71876
G1 X98.330 Y106.285 E13.73416
G1 X99.893 Y106.704 E13.77267
G1 X100.061 Y107.329 E13.78807
G1 X101.624 Y107.748 E13.82657
G1 X102.082 Y107.290 E13.84198
G1 X103.645 Y107.709 E13.88048
G1 X103.704 Y107.931 E13.88594
G1 X100.139 Y107.931 E13.97077
G1 X99.916 Y107.871 E13.97627
G1 X99.856 Y107.931 E13.97828
G1 X97.973 Y107.931 E14.02308
G1 X97.895 Y107.910 E14.02501
G1 X97.727 Y107.284 E14.04041
G1 X96.164 Y106.866 E14.07892
G1 X95.706 Y107.323 E14.09432
G1 X94.143 Y106.904 E14.13282
G1 X93.976 Y106.279 E14.14823
G1 X92.412 Y105.860 E14.18673
G1 X92.069 Y106.203 E14.19827
G1 X92.069 Y104.608 E14.23624
G1 X92.390 Y104.694 E14.24414
G1 X95.561 Y107.865 F7800.000
G1 F4800.000
G1 X95.579 Y107.931 E14.24576
G1 X92.069 Y107.931 E14.32926
G1 X92.069 Y107.510 E14.33928
G1 X93.540 Y107.904 E14.37551
G1 X93.998 Y107.446 E14.39091
G1 X95.561 Y107.865 E14.42942
G1 X107.708 Y92.547 F7800.000
G1 F4800.000
G1 X107.875 Y93.172 E14.44482
G1 X107.931 Y93.187 E14.44618
G1 X107.931 Y93.767 E14.45999
G1 X107.730 Y93.714 E14.46493
G1 X107.273 Y94.171 E14.48033
G1 X105.835 Y93.786 E14.51575
G1 X105.835 Y92.437 E14.54784
G1 X106.145 Y92.128 E14.55825
G1 X107.708 Y92.547 E14.59676
G1 Z6.150 F7800.000
G1 X106.584 Y101.968 F7800.000
G1 F3600.000
G1 X108.529 Y101.969 E14.64923
G1 X108.529 Y108.529 E14.82619
G1 X91.471 Y108.529 E15.28634
G1 X91.471 Y91.471 E15.74650
G1 X94.219 Y91.471 E15.82062
G1 X94.220 Y93.364 E15.87167
G1 X98.818 Y93.364 E15.99572
G1 X98.817 Y91.471 E16.04677
G1 X100.351 Y91.471 E16.08814
G1 X100.350 Y93.364 E16.13919
G1 X105.047 Y93.364 E16.26590
G1 X105.048 Y91.471 E16.31695
G1 X108.529 Y91.471 E16.41084
G1 X108.529 Y97.346 E16.56932
G1 X106.586 Y97.345 E16.62173
G1 X106.584 Y101.893 E16.74443
G1 X107.220 Y101.333 F7800.000
G1 F3600.000
G1 X109.164 Y101.334 E16.79689
G1 X109.164 Y109.164 E17.00814
G1 X90.836 Y109.164 E17.50259
G1 X90.836 Y90.836 E17.99703
G1 X94.854 Y90.836 E18.10544
G1 X94.855 Y92.728 E18.15649
G1 X98.182 Y92.728 E18.24625
G1 X98.181 Y90.836 E18.29730
G1 X100.987 Y90.836 E18.37298
G1 X100.986 Y92.728 E18.42403
G1 X104.412 Y92.728 E18.51644
G1 X104.413 Y90.836 E18.56749
G1 X109.164 Y90.836 E18.69567
G1 X109.164 Y97.982 E18.88845
G1 X107.221 Y97.981 E18.94087
G1 X107.220 Y101.258 E19.02927
G1 X107.780 Y100.772 F7800.000
G1 F1800.000
G1 X109.725 Y100.773 E19.06935
G1 X109.725 Y109.725 E19.25385
G1 X90.275 Y109.725 E19.65472
G1 X90.275 Y90.275 E20.05559
G1 X95.414 Y90.275 E20.16152
G1 X95.415 Y92.167 E20.20052
G1 X97.622 Y92.167 E20.24599
G1 X97.621 Y90.275 E20.28499
G1 X101.548 Y90.275 E20.36594
G1 X101.547 Y92.167 E20.40494
G1 X103.851 Y92.167 E20.45243
G1 X103.852 Y90.275 E20.49143
G1 X109.725 Y90.275 E20.61247
G1 X109.725 Y98.542 E20.78287
G1 X107.781 Y98.542 E20.82292
G1 X107.780 Y100.697 E20.86736
G1 X107.662 Y101.258 F7800.000
G1 X107.931 Y102.567 F7800.000
G1 F4800.000
G1 X107.931 Y103.924 E20.89965
G1 X107.536 Y103.819 E20.90938
G1 X106.392 Y104.963 E20.94789
G1 X106.559 Y105.588 E20.96329
G1 X105.415 Y106.733 E21.00179
G1 X104.789 Y106.565 E21.01720
G1 X103.645 Y107.709 E21.05570
G1 X103.704 Y107.931 E21.06116
G1 X101.838 Y107.931 E21.10556
G1 X102.623 Y107.145 E21.13198
G1 X103.249 Y107.313 E21.14739
G1 X104.393 Y106.169 E21.18589
G1 X104.225 Y105.543 E21.20130
G1 X105.370 Y104.399 E21.23980
G1 X105.995 Y104.566 E21.25521
G1 X107.139 Y103.422 E21.29371
G1 X106.972 Y102.797 E21.30911
G1 X107.202 Y102.566 E21.31686
G1 X107.931 Y102.567 E21.33420
G1 X105.985 Y102.242 F7800.000
G1 F4800.000
G1 X105.950 Y102.233 E21.33506
G1 X104.806 Y103.377 E21.37357
G1 X104.973 Y104.003 E21.38897
G1 X103.829 Y105.147 E21.42748
G1 X103.204 Y104.979 E21.44288
G1 X102.059 Y106.124 E21.48139
G1 X102.227 Y106.749 E21.49679
G1 X101.083 Y107.893 E21.53530
G1 X100.457 Y107.726 E21.55070
G1 X100.252 Y107.931 E21.55759
G1 X99.460 Y107.931 E21.57646
G1 X100.061 Y107.329 E21.59669
G1 X99.893 Y106.704 E21.61209
G1 X101.038 Y105.560 E21.65060
G1 X101.663 Y105.727 E21.66600
G1 X102.807 Y104.583 E21.70451
G1 X102.640 Y103.958 E21.71991
G1 X103.784 Y102.813 E21.75842
G1 X104.409 Y102.981 E21.77382
G1 X105.554 Y101.836 E21.81233
G1 X105.386 Y101.211 E21.82773
G1 X105.986 Y100.611 E21.84792
G1 X105.985 Y102.242 E21.88672
G1 X105.987 Y99.025 F7800.000
G1 F4800.000
G1 X105.967 Y99.045 E21.88740
G1 X105.987 Y99.120 E21.88926
G1 X105.986 Y99.818 E21.90586
G1 X104.990 Y100.815 E21.93940
G1 X104.365 Y100.647 E21.95480
G1 X103.220 Y101.792 E21.99330
G1 X103.388 Y102.417 E22.00871
G1 X102.243 Y103.561 E22.04721
G1 X101.618 Y103.394 E22.06262
G1 X100.474 Y104.538 E22.10112
G1 X100.641 Y105.163 E22.11653
G1 X99.497 Y106.308 E22.15503
G1 X98.872 Y106.140 E22.17043
G1 X97.727 Y107.284 E22.20894
G1 X97.895 Y107.910 E22.22434
G1 X97.874 Y107.931 E22.22505
G1 X95.579 Y107.931 E22.27965
G1 X95.561 Y107.865 E22.28128
G1 X96.706 Y106.721 E22.31978
G1 X97.331 Y106.888 E22.33518
G1 X98.475 Y105.744 E22.37369
G1 X98.308 Y105.118 E22.38909
G1 X99.452 Y103.974 E22.42760
G1 X100.077 Y104.142 E22.44300
G1 X101.222 Y102.997 E22.48151
G1 X101.054 Y102.372 E22.49691
G1 X102.198 Y101.228 E22.53542
G1 X102.824 Y101.395 E22.55082
G1 X103.968 Y100.251 E22.58933
G1 X103.801 Y99.625 E22.60473
G1 X104.945 Y98.481 E22.64324
G1 X105.570 Y98.649 E22.65864
G1 X105.987 Y98.232 E22.67267
G1 X105.987 Y99.025 E22.69154
G1 X107.931 Y95.799 F7800.000
G1 F4800.000
G1 X107.931 Y96.747 E22.71411
G1 X106.679 Y96.747 E22.74389
G1 X107.691 Y95.735 E22.77794
G1 X107.931 Y95.799 E22.78384
G1 X107.931 Y93.910 F7800.000
G1 F4800.000
G1 X107.127 Y94.713 E22.81086
G1 X107.295 Y95.338 E22.82627
G1 X106.151 Y96.483 E22.86477
G1 X105.525 Y96.315 E22.88018
G1 X104.381 Y97.459 E22.91868
G1 X104.549 Y98.085 E22.93408
G1 X103.404 Y99.229 E22.97259
G1 X102.779 Y99.062 E22.98799
G1 X101.635 Y100.206 E23.02650
G1 X101.802 Y100.831 E23.04190
G1 X100.658 Y101.976 E23.08041
G1 X100.032 Y101.808 E23.09581
G1 X98.888 Y102.952 E23.13432
G1 X99.056 Y103.578 E23.14972
G1 X97.911 Y104.722 E23.18823
G1 X97.286 Y104.554 E23.20363
G1 X96.142 Y105.699 E23.24214
G1 X96.309 Y106.324 E23.25754
G1 X95.165 Y107.468 E23.29605
G1 X94.539 Y107.301 E23.31145
G1 X93.910 Y107.931 E23.33264
G1 X93.117 Y107.931 E23.35150
G1 X94.143 Y106.904 E23.38603
G1 X93.976 Y106.279 E23.40144
G1 X95.120 Y105.135 E23.43994
G1 X95.745 Y105.302 E23.45534
G1 X96.890 Y104.158 E23.49385
G1 X96.722 Y103.533 E23.50925
G1 X97.866 Y102.388 E23.54776
G1 X98.492 Y102.556 E23.56316
G1 X99.636 Y101.412 E23.60167
G1 X99.468 Y100.786 E23.61707
G1 X100.613 Y99.642 E23.65558
G1 X101.238 Y99.809 E23.67098
G1 X102.382 Y98.665 E23.70949
G1 X102.215 Y98.040 E23.72489
G1 X103.359 Y96.895 E23.76340
G1 X103.985 Y97.063 E23.77880
G1 X105.129 Y95.919 E23.81731
G1 X104.961 Y95.293 E23.83271
G1 X106.106 Y94.149 E23.87122
G1 X106.731 Y94.317 E23.88662
G1 X107.875 Y93.172 E23.92512
G1 X107.708 Y92.547 E23.94053
G1 X107.931 Y92.324 E23.94802
G1 X107.931 Y93.910 E23.98575
G1 X107.311 Y92.150 F7800.000
G1 F4800.000
G1 X107.009 Y92.069 E23.99321
G1 X107.393 Y92.069 E24.00234
G1 X107.311 Y92.150 E24.00507
G1 X105.645 Y93.024 F7800.000
G1 F4800.000
G1 X105.646 Y92.231 E24.02395
G1 X105.807 Y92.069 E24.02937
G1 X106.600 Y92.069 E24.04824
G1 X105.645 Y93.024 E24.08035
G1 X105.709 Y93.753 F7800.000
G1 F4800.000
G1 X105.645 Y93.817 E24.08252
G1 X105.645 Y93.513 E24.08976
G1 X105.709 Y93.753 E24.09567
G1 X104.565 Y94.897 F7800.000
G1 F4800.000
G1 X103.940 Y94.729 E24.11107
G1 X102.795 Y95.874 E24.14958
G1 X102.963 Y96.499 E24.16498
G1 X101.818 Y97.643 E24.20349
G1 X101.193 Y97.476 E24.21889
G1 X100.049 Y98.620 E24.25740
G1 X100.216 Y99.245 E24.27280
G1 X99.072 Y100.390 E24.31131
G1 X98.447 Y100.222 E24.32671
G1 X97.302 Y101.367 E24.36522
G1 X97.470 Y101.992 E24.38062
G1 X96.326 Y103.136 E24.41913
G1 X95.700 Y102.969 E24.43453
G1 X94.556 Y104.113 E24.47303
G1 X94.723 Y104.738 E24.48844
G1 X93.579 Y105.883 E24.52694
G1 X92.954 Y105.715 E24.54235
G1 X92.069 Y106.600 E24.57211
G1 X92.069 Y105.807 E24.59097
G1 X92.557 Y105.319 E24.60740
G1 X92.390 Y104.694 E24.62280
G1 X93.534 Y103.549 E24.66130
G1 X94.160 Y103.717 E24.67671
G1 X95.304 Y102.572 E24.71521
G1 X95.136 Y101.947 E24.73062
G1 X96.281 Y100.803 E24.76912
G1 X96.906 Y100.970 E24.78453
G1 X98.050 Y99.826 E24.82303
G1 X97.883 Y99.201 E24.83843
G1 X99.027 Y98.056 E24.87694
G1 X99.652 Y98.224 E24.89234
G1 X100.797 Y97.079 E24.93085
G1 X100.629 Y96.454 E24.94625
G1 X101.774 Y95.310 E24.98476
G1 X102.399 Y95.477 E25.00016
G1 X103.543 Y94.333 E25.03867
G1 X103.444 Y93.962 E25.04781
G1 X105.500 Y93.962 E25.09674
G1 X104.565 Y94.897 E25.12822
G1 X101.210 Y94.288 F7800.000
G1 F4800.000
G1 X101.377 Y94.913 E25.14362
G1 X100.233 Y96.058 E25.18212
G1 X99.608 Y95.890 E25.19753
G1 X98.463 Y97.035 E25.23603
G1 X98.631 Y97.660 E25.25144
G1 X97.486 Y98.804 E25.28994
G1 X96.861 Y98.637 E25.30535
G1 X95.717 Y99.781 E25.34385
G1 X95.884 Y100.406 E25.35925
G1 X94.740 Y101.551 E25.39776
G1 X94.115 Y101.383 E25.41316
G1 X92.970 Y102.527 E25.45167
G1 X93.138 Y103.153 E25.46707
G1 X92.069 Y104.221 E25.50302
G1 X92.069 Y101.996 E25.55597
G1 X92.574 Y102.131 E25.56840
G1 X93.718 Y100.987 E25.60691
G1 X93.551 Y100.361 E25.62231
G1 X94.695 Y99.217 E25.66082
G1 X95.320 Y99.385 E25.67622
G1 X96.465 Y98.240 E25.71473
G1 X96.297 Y97.615 E25.73013
G1 X97.441 Y96.471 E25.76863
G1 X98.067 Y96.638 E25.78404
G1 X99.211 Y95.494 E25.82254
G1 X99.044 Y94.868 E25.83795
G1 X99.633 Y94.279 E25.85777
G1 X100.631 Y94.279 E25.88152
G1 X100.631 Y93.962 E25.88908
G1 X101.536 Y93.962 E25.91062
G1 X101.210 Y94.288 E25.92160
G1 X98.537 Y93.962 F7800.000
G1 F4800.000
G1 X98.537 Y94.279 E25.92916
G1 X98.840 Y94.279 E25.93635
G1 X98.647 Y94.472 E25.94283
G1 X98.022 Y94.305 E25.95824
G1 X96.878 Y95.449 E25.99674
G1 X97.045 Y96.074 E26.01215
G1 X95.901 Y97.219 E26.05065
G1 X95.275 Y97.051 E26.06605
G1 X94.131 Y98.195 E26.10456
G1 X94.299 Y98.821 E26.11996
G1 X93.154 Y99.965 E26.15847
G1 X92.529 Y99.797 E26.17387
G1 X92.069 Y100.257 E26.18934
G1 X92.069 Y99.464 E26.20820
G1 X92.133 Y99.401 E26.21033
G1 X92.069 Y99.165 E26.21614
G1 X92.069 Y98.671 E26.22789
G1 X93.109 Y97.631 E26.26288
G1 X93.735 Y97.799 E26.27828
G1 X94.879 Y96.655 E26.31679
G1 X94.711 Y96.029 E26.33219
G1 X95.856 Y94.885 E26.37070
G1 X96.481 Y95.052 E26.38610
G1 X97.572 Y93.962 E26.42281
G1 X98.537 Y93.962 E26.44578
G1 X93.622 Y93.962 F7800.000
G1 F4800.000
G1 X95.318 Y93.962 E26.48614
G1 X95.459 Y94.488 E26.49912
G1 X94.315 Y95.633 E26.53763
G1 X93.690 Y95.465 E26.55303
G1 X92.545 Y96.610 E26.59154
G1 X92.713 Y97.235 E26.60694
G1 X92.069 Y97.879 E26.62860
G1 X92.069 Y96.192 E26.66873
G1 X92.149 Y96.213 E26.67069
G1 X93.293 Y95.069 E26.70919
G1 X93.126 Y94.444 E26.72460
G1 X93.622 Y93.948 E26.74129
G1 X93.622 Y93.962 E26.74162
G1 X93.621 Y93.155 F7800.000
G1 F4800.000
G1 X92.729 Y94.047 E26.77164
G1 X92.104 Y93.880 E26.78704
G1 X92.069 Y93.914 E26.78821
G1 X92.069 Y92.329 E26.82594
G1 X92.329 Y92.069 E26.83467
G1 X93.621 Y92.069 E26.86541
G1 X93.621 Y93.155 E26.89125
G1 X92.558 Y107.931 F7800.000
G1 F4800.000
G1 X92.324 Y107.931 E26.89681
G1 X92.373 Y107.881 E26.89847
G1 X92.558 Y107.931 E26.90300
G1 X107.931 Y107.388 F7800.000
G1 F4800.000
G1 X107.388 Y107.931 E26.92127
G1 X105.802 Y107.931 E26.95900
G1 X105.979 Y107.754 E26.96493
G1 X105.811 Y107.129 E26.98033
G1 X106.955 Y105.985 E27.01884
G1 X107.581 Y106.152 E27.03424
G1 X107.931 Y105.802 E27.04602
G1 X107.931 Y107.388 E27.08374
G1 X99.584 Y93.681 F7800.000
G1 F1200.000
G1 X99.584 Y91.789 E27.15063
G1 Z6.150 F7800.000
G1 E25.15063 F2400.00000
G92 E0
G1 X100.725 Y89.175 F7800.000
G1 E2.00000 F2400.00000
G1 F3600.000
G1 X100.725 Y88.500 E2.02114
G1 X98.775 Y88.500 E2.08220
G1 X98.775 Y89.175 E2.10334
G1 X100.725 Y89.175 E2.16440
G1 Z6.450 F7800.000
G1 E0.16440 F2400.00000
G92 E0
G1 X106.584 Y101.965 F7800.000
G1 E2.00000 F2400.00000
G1 F3600.000
G1 X108.529 Y101.966 E2.05246
G1 X108.529 Y108.529 E2.22951
G1 X91.471 Y108.529 E2.68966
G1 X91.471 Y91.471 E3.14981
G1 X94.385 Y91.471 E3.22843
G1 X94.386 Y93.364 E3.27948
G1 X98.996 Y93.364 E3.40384
G1 X98.995 Y91.471 E3.45490
G1 X100.168 Y91.471 E3.48654
G1 X100.167 Y93.364 E3.53760
G1 X104.857 Y93.364 E3.66412
G1 X104.858 Y91.471 E3.71517
G1 X108.529 Y91.471 E3.81419
G1 X108.529 Y97.342 E3.97257
G1 X106.586 Y97.342 E4.02498
G1 X106.584 Y101.890 E4.14767
G1 X107.220 Y101.330 F7800.000
G1 F3600.000
G1 X109.164 Y101.330 E4.20012
G1 X109.164 Y109.164 E4.41146
G1 X90.836 Y109.164 E4.90591
G1 X90.836 Y90.836 E5.40035
G1 X95.021 Y90.836 E5.51325
G1 X95.022 Y92.728 E5.56431
G1 X98.360 Y92.728 E5.65437
G1 X98.359 Y90.836 E5.70543
G1 X100.804 Y90.836 E5.77138
G1 X100.803 Y92.728 E5.82244
G1 X104.222 Y92.728 E5.91466
G1 X104.223 Y90.836 E5.96572
G1 X109.164 Y90.836 E6.09902
G1 X109.164 Y97.978 E6.29170
G1 X107.222 Y97.977 E6.34412
G1 X107.220 Y101.255 E6.43252
G1 X107.781 Y100.769 F7800.000
G1 F1800.000
G1 X109.725 Y100.770 E6.47259
G1 X109.725 Y109.725 E6.65715
G1 X90.275 Y109.725 E7.05803
G1 X90.275 Y90.275 E7.45890
G1 X95.581 Y90.275 E7.56825
G1 X95.582 Y92.168 E7.60726
G1 X97.799 Y92.168 E7.65296
G1 X97.798 Y90.275 E7.69197
G1 X101.365 Y90.275 E7.76548
G1 X101.364 Y92.168 E7.80449
G1 X103.662 Y92.168 E7.85184
G1 X103.663 Y90.275 E7.89085
G1 X109.725 Y90.275 E8.01579
G1 X109.725 Y98.539 E8.18612
G1 X107.782 Y98.538 E8.22617
G1 X107.781 Y100.694 E8.27060
G1 X107.662 Y101.255 F7800.000
G1 X107.931 Y102.564 F7800.000
G1 F4800.000
G1 X107.931 Y103.924 E8.30298
G1 X107.536 Y103.819 E8.31270
G1 X107.200 Y102.563 E8.34362
G1 X107.931 Y102.564 E8.36102
G1 X103.734 Y93.962 F7800.000
G1 F4800.000
G1 X103.940 Y94.729 E8.37992
G1 X104.565 Y94.897 E8.39533
G1 X104.984 Y96.460 E8.43383
G1 X104.526 Y96.918 E8.44924
G1 X104.945 Y98.481 E8.48774
G1 X105.570 Y98.649 E8.50314
G1 X105.987 Y100.214 E8.54169
G1 X105.531 Y100.670 E8.55702
G1 X105.950 Y102.233 E8.59552
G1 X105.986 Y102.242 E8.59640
G1 X105.986 Y102.563 E8.60402
G1 X106.619 Y102.563 E8.61909
G1 X106.994 Y103.964 E8.65359
G1 X106.537 Y104.421 E8.66899
G1 X106.955 Y105.985 E8.70750
G1 X107.581 Y106.152 E8.72290
G1 X107.931 Y107.458 E8.75507
G1 X107.931 Y107.784 E8.76284
G1 X107.784 Y107.931 E8.76776
G1 X106.316 Y107.931 E8.80269
G1 X105.956 Y106.587 E8.83578
G1 X106.414 Y106.130 E8.85118
G1 X105.995 Y104.566 E8.88969
G1 X105.370 Y104.399 E8.90509
G1 X104.951 Y102.836 E8.94360
G1 X105.409 Y102.378 E8.95900
G1 X104.990 Y100.815 E8.99751
G1 X104.365 Y100.647 E9.01291
G1 X103.946 Y99.084 E9.05142
G1 X104.403 Y98.626 E9.06682
G1 X103.985 Y97.063 E9.10533
G1 X103.359 Y96.895 E9.12073
G1 X102.940 Y95.332 E9.15923
G1 X103.398 Y94.874 E9.17464
G1 X103.154 Y93.962 E9.19712
G1 X103.734 Y93.962 E9.21093
G1 X101.412 Y93.962 F7800.000
G1 F4800.000
G1 X101.774 Y95.310 E9.24413
G1 X102.399 Y95.477 E9.25953
G1 X102.818 Y97.041 E9.29804
G1 X102.360 Y97.498 E9.31344
G1 X102.779 Y99.062 E9.35195
G1 X103.404 Y99.229 E9.36735
G1 X103.823 Y100.792 E9.40585
G1 X103.365 Y101.250 E9.42126
G1 X103.784 Y102.813 E9.45976
G1 X104.409 Y102.981 E9.47517
G1 X104.828 Y104.544 E9.51367
G1 X104.371 Y105.002 E9.52908
G1 X104.789 Y106.565 E9.56758
G1 X105.415 Y106.733 E9.58298
G1 X105.736 Y107.931 E9.61250
G1 X103.995 Y107.931 E9.65393
G1 X103.790 Y107.168 E9.67272
G1 X104.248 Y106.710 E9.68812
G1 X103.829 Y105.147 E9.72663
G1 X103.204 Y104.979 E9.74203
G1 X102.785 Y103.416 E9.78054
G1 X103.243 Y102.958 E9.79594
G1 X102.824 Y101.395 E9.83444
G1 X102.198 Y101.228 E9.84985
G1 X101.780 Y99.664 E9.88835
G1 X102.237 Y99.207 E9.90376
G1 X101.818 Y97.643 E9.94226
G1 X101.193 Y97.476 E9.95767
G1 X100.774 Y95.913 E9.99617
G1 X101.232 Y95.455 E10.01157
G1 X100.832 Y93.962 E10.04835
G1 X101.412 Y93.962 E10.06216
G1 X98.715 Y94.280 F7800.000
G1 F4800.000
G1 X99.236 Y94.280 E10.07455
G1 X99.189 Y94.327 E10.07614
G1 X99.608 Y95.890 E10.11465
G1 X100.233 Y96.058 E10.13005
G1 X100.652 Y97.621 E10.16856
G1 X100.194 Y98.079 E10.18396
G1 X100.613 Y99.642 E10.22246
G1 X101.238 Y99.809 E10.23787
G1 X101.657 Y101.373 E10.27637
G1 X101.199 Y101.830 E10.29178
G1 X101.618 Y103.394 E10.33028
G1 X102.243 Y103.561 E10.34569
G1 X102.662 Y105.124 E10.38419
G1 X102.204 Y105.582 E10.39959
G1 X102.623 Y107.145 E10.43810
G1 X103.249 Y107.313 E10.45350
G1 X103.414 Y107.931 E10.46872
G1 X101.673 Y107.931 E10.51015
G1 X101.624 Y107.748 E10.51464
G1 X102.082 Y107.290 E10.53005
G1 X101.663 Y105.727 E10.56855
G1 X101.038 Y105.560 E10.58395
G1 X100.619 Y103.996 E10.62246
G1 X101.077 Y103.539 E10.63786
G1 X100.658 Y101.976 E10.67637
G1 X100.032 Y101.808 E10.69177
G1 X99.614 Y100.245 E10.73028
G1 X100.071 Y99.787 E10.74568
G1 X99.652 Y98.224 E10.78419
G1 X99.027 Y98.056 E10.79959
G1 X98.608 Y96.493 E10.83810
G1 X99.066 Y96.035 E10.85350
G1 X98.647 Y94.472 E10.89201
G1 X98.022 Y94.305 E10.90741
G1 X97.930 Y93.962 E10.91585
G1 X98.715 Y93.962 E10.93453
G1 X98.715 Y94.280 E10.94209
G1 X97.480 Y94.450 F7800.000
G1 F4800.000
G1 X97.023 Y94.907 E10.95749
G1 X97.441 Y96.471 E10.99600
G1 X98.067 Y96.638 E11.01140
G1 X98.486 Y98.201 E11.04991
G1 X98.028 Y98.659 E11.06531
G1 X98.447 Y100.222 E11.10382
G1 X99.072 Y100.390 E11.11922
G1 X99.491 Y101.953 E11.15773
G1 X99.033 Y102.411 E11.17313
G1 X99.452 Y103.974 E11.21163
G1 X100.077 Y104.142 E11.22704
G1 X100.496 Y105.705 E11.26554
G1 X100.038 Y106.163 E11.28095
G1 X100.457 Y107.726 E11.31945
G1 X101.083 Y107.893 E11.33486
G1 X101.093 Y107.931 E11.33578
G1 X99.856 Y107.931 E11.36520
G1 X99.916 Y107.871 E11.36721
G1 X99.497 Y106.308 E11.40572
G1 X98.872 Y106.140 E11.42112
G1 X98.453 Y104.577 E11.45963
G1 X98.911 Y104.119 E11.47503
G1 X98.492 Y102.556 E11.51353
G1 X97.866 Y102.388 E11.52894
G1 X97.447 Y100.825 E11.56744
G1 X97.905 Y100.367 E11.58285
G1 X97.486 Y98.804 E11.62135
G1 X96.861 Y98.637 E11.63676
G1 X96.442 Y97.073 E11.67526
G1 X96.900 Y96.616 E11.69066
G1 X96.481 Y95.052 E11.72917
G1 X95.856 Y94.885 E11.74457
G1 X95.608 Y93.962 E11.76731
G1 X97.350 Y93.962 E11.80874
G1 X97.480 Y94.450 E11.82075
G1 X93.788 Y93.962 F7800.000
G1 F4800.000
G1 X95.028 Y93.962 E11.85025
G1 X95.314 Y95.030 E11.87656
G1 X94.857 Y95.488 E11.89196
G1 X95.275 Y97.051 E11.93047
G1 X95.901 Y97.219 E11.94587
G1 X96.320 Y98.782 E11.98438
G1 X95.862 Y99.239 E11.99978
G1 X96.281 Y100.803 E12.03829
G1 X96.906 Y100.970 E12.05369
G1 X97.325 Y102.533 E12.09219
G1 X96.867 Y102.991 E12.10760
G1 X97.286 Y104.554 E12.14610
G1 X97.911 Y104.722 E12.16151
G1 X98.330 Y106.285 E12.20001
G1 X97.872 Y106.743 E12.21542
G1 X98.191 Y107.931 E12.24467
G1 X97.610 Y107.931 E12.25848
G1 X97.331 Y106.888 E12.28416
G1 X96.706 Y106.720 E12.29957
G1 X96.287 Y105.157 E12.33807
G1 X96.744 Y104.700 E12.35348
G1 X96.326 Y103.136 E12.39198
G1 X95.700 Y102.969 E12.40739
G1 X95.281 Y101.406 E12.44589
G1 X95.739 Y100.948 E12.46129
G1 X95.320 Y99.385 E12.49980
G1 X94.695 Y99.217 E12.51520
G1 X94.276 Y97.654 E12.55371
G1 X94.734 Y97.196 E12.56911
G1 X94.315 Y95.633 E12.60762
G1 X93.690 Y95.465 E12.62302
G1 X93.271 Y93.902 E12.66153
G1 X93.729 Y93.444 E12.67693
G1 X93.360 Y92.069 E12.71080
G1 X93.787 Y92.069 E12.72097
G1 X93.788 Y93.962 E12.76600
G1 X92.104 Y93.880 F7800.000
G1 F4800.000
G1 X92.729 Y94.047 E12.78140
G1 X93.148 Y95.610 E12.81991
G1 X92.690 Y96.068 E12.83531
G1 X93.109 Y97.631 E12.87382
G1 X93.735 Y97.799 E12.88922
G1 X94.153 Y99.362 E12.92773
G1 X93.696 Y99.820 E12.94313
G1 X94.115 Y101.383 E12.98163
G1 X94.740 Y101.551 E12.99704
G1 X95.159 Y103.114 E13.03554
G1 X94.701 Y103.572 E13.05095
G1 X95.120 Y105.135 E13.08945
G1 X95.745 Y105.302 E13.10486
G1 X96.164 Y106.866 E13.14336
G1 X95.706 Y107.323 E13.15876
G1 X95.869 Y107.931 E13.17372
G1 X95.289 Y107.931 E13.18753
G1 X95.165 Y107.468 E13.19892
G1 X94.539 Y107.301 E13.21432
G1 X94.121 Y105.738 E13.25283
G1 X94.578 Y105.280 E13.26823
G1 X94.160 Y103.717 E13.30674
G1 X93.534 Y103.549 E13.32214
G1 X93.115 Y101.986 E13.36065
G1 X93.573 Y101.528 E13.37605
G1 X93.154 Y99.965 E13.41456
G1 X92.529 Y99.797 E13.42996
G1 X92.110 Y98.234 E13.46847
G1 X92.568 Y97.776 E13.48387
G1 X92.149 Y96.213 E13.52237
G1 X92.069 Y96.192 E13.52434
G1 X92.069 Y93.750 E13.58244
G1 X92.104 Y93.880 E13.58563
G1 X92.574 Y102.131 F7800.000
G1 F4800.000
G1 X92.993 Y103.694 E13.62413
G1 X92.535 Y104.152 E13.63954
G1 X92.954 Y105.715 E13.67804
G1 X93.579 Y105.883 E13.69345
G1 X93.998 Y107.446 E13.73195
G1 X93.540 Y107.904 E13.74735
G1 X93.547 Y107.931 E13.74802
G1 X92.558 Y107.931 E13.77157
G1 X92.373 Y107.881 E13.77611
G1 X92.069 Y106.746 E13.80406
G1 X92.069 Y106.203 E13.81698
G1 X92.412 Y105.860 E13.82852
G1 X92.069 Y104.580 E13.86005
G1 X92.069 Y101.996 E13.92155
G1 X92.574 Y102.131 E13.93397
G1 X106.145 Y92.128 F7800.000
G1 F4800.000
G1 X105.687 Y92.586 E13.94938
G1 X106.106 Y94.149 E13.98788
G1 X106.731 Y94.317 E14.00329
G1 X107.150 Y95.880 E14.04179
G1 X106.692 Y96.337 E14.05720
G1 X106.801 Y96.744 E14.06720
G1 X106.220 Y96.743 E14.08101
G1 X106.151 Y96.483 E14.08743
G1 X105.525 Y96.315 E14.10284
G1 X105.106 Y94.752 E14.14134
G1 X105.564 Y94.294 E14.15674
G1 X105.455 Y93.887 E14.16677
G1 X105.456 Y92.069 E14.21002
G1 X106.129 Y92.069 E14.22603
G1 X106.145 Y92.128 E14.22747
G1 X107.931 Y92.295 F7800.000
G1 F4800.000
G1 X107.931 Y95.799 E14.31083
G1 X107.691 Y95.735 E14.31672
G1 X107.273 Y94.171 E14.35523
G1 X107.730 Y93.714 E14.37063
G1 X107.311 Y92.150 E14.40914
G1 X107.009 Y92.069 E14.41660
G1 X107.870 Y92.069 E14.43709
G1 X107.931 Y92.295 E14.44266
G1 X99.582 Y91.789 F7800.000
G1 F1200.000
G1 X99.582 Y93.682 E14.48061
G1 Z6.650 F7800.000
G1 E12.48061 F2400.00000
G92 E0
G1 X100.725 Y89.175 F7800.000
G1 E2.00000 F2400.00000
G1 F3600.000
G1 X100.725 Y88.500 E2.02114
G1 X98.775 Y88.500 E2.08220
G1 X98.775 Y89.175 E2.10334
G1 X100.725 Y89.175 E2.16440
G1 E0.16440 F2400.00000
G92 E0
G1 X110.725 Y99.640 F7800.000
G1 E2.00000 F2400.00000
G1 F3600.000
G1 X108.889 Y99.639 E2.05750
G1 X108.889 Y99.666 E2.05836
G1 X110.725 Y99.667 E2.11586
G1 X110.725 Y99.640 E2.11673
G1 Z6.750 F7800.000
G1 E0.11673 F2400.00000
G92 E0
G1 X106.585 Y101.962 F7800.000
G1 E2.00000 F2400.00000
G1 F3600.000
G1 X108.529 Y101.962 E2.05245
G1 X108.529 Y108.529 E2.22958
G1 X91.471 Y108.529 E2.68974
G1 X91.471 Y91.471 E3.14989
G1 X94.552 Y91.471 E3.23299
G1 X94.553 Y93.364 E3.28406
G1 X99.174 Y93.364 E3.40872
G1 X99.173 Y91.471 E3.45978
G1 X99.986 Y91.471 E3.48170
G1 X99.985 Y93.364 E3.53276
G1 X104.668 Y93.364 E3.65910
G1 X104.669 Y91.471 E3.71016
G1 X108.529 Y91.471 E3.81429
G1 X108.529 Y97.339 E3.97259
G1 X106.587 Y97.338 E4.02498
G1 X106.585 Y101.887 E4.14767
G1 X107.220 Y101.326 F7800.000
G1 F3600.000
G1 X109.164 Y101.327 E4.20011
G1 X109.164 Y109.164 E4.41154
G1 X90.836 Y109.164 E4.90598
G1 X90.836 Y90.836 E5.40043
G1 X95.187 Y90.836 E5.51782
G1 X95.188 Y92.728 E5.56888
G1 X98.538 Y92.728 E5.65925
G1 X98.537 Y90.836 E5.71031
G1 X100.621 Y90.836 E5.76654
G1 X100.620 Y92.728 E5.81760
G1 X104.032 Y92.728 E5.90964
G1 X104.033 Y90.836 E5.96071
G1 X109.164 Y90.836 E6.09912
G1 X109.164 Y97.975 E6.29172
G1 X107.222 Y97.974 E6.34412
G1 X107.221 Y101.251 E6.43252
G1 X107.781 Y100.766 F7800.000
G1 F1800.000
G1 X109.725 Y100.767 E6.47258
G1 X109.725 Y109.725 E6.65722
G1 X90.275 Y109.725 E7.05809
G1 X90.275 Y90.275 E7.45896
G1 X95.748 Y90.275 E7.57175
G1 X95.748 Y92.168 E7.61076
G1 X97.977 Y92.168 E7.65669
G1 X97.976 Y90.275 E7.69570
G1 X101.182 Y90.275 E7.76179
G1 X101.181 Y92.168 E7.80080
G1 X103.472 Y92.168 E7.84801
G1 X103.473 Y90.275 E7.88702
G1 X109.725 Y90.275 E8.01588
G1 X109.725 Y98.536 E8.18614
G1 X107.782 Y98.535 E8.22618
G1 X107.781 Y100.691 E8.27061
G1 X107.663 Y101.252 F7800.000
G1 X99.579 Y93.682 F7800.000
G1 F1200.000
G1 X99.579 Y91.789 E8.27962
G1 X99.236 Y94.280 F7800.000
G1 F4800.000
G1 X99.189 Y94.327 E8.28120
G1 X99.013 Y94.280 E8.28552
G1 X99.236 Y94.280 E8.29081
G1 X98.893 Y94.248 F7800.000
G1 F4800.000
G1 X97.827 Y93.962 E8.31706
G1 X98.893 Y93.962 E8.34241
G1 X98.893 Y94.248 E8.34920
G1 X94.711 Y96.029 F7800.000
G1 F4800.000
G1 X94.879 Y96.655 E8.36461
G1 X96.442 Y97.073 E8.40311
G1 X96.900 Y96.616 E8.41852
G1 X98.463 Y97.035 E8.45702
G1 X98.631 Y97.660 E8.47242
G1 X100.194 Y98.079 E8.51093
G1 X100.652 Y97.621 E8.52633
G1 X102.215 Y98.040 E8.56484
G1 X102.382 Y98.665 E8.58024
G1 X103.946 Y99.084 E8.61875
G1 X104.403 Y98.626 E8.63415
G1 X105.967 Y99.045 E8.67266
G1 X105.988 Y99.124 E8.67460
G1 X105.987 Y100.214 E8.70053
G1 X105.531 Y100.670 E8.71587
G1 X103.968 Y100.251 E8.75438
G1 X103.801 Y99.625 E8.76978
G1 X102.237 Y99.207 E8.80829
G1 X101.780 Y99.664 E8.82369
G1 X100.216 Y99.245 E8.86220
G1 X100.049 Y98.620 E8.87760
G1 X98.486 Y98.201 E8.91611
G1 X98.028 Y98.659 E8.93151
G1 X96.465 Y98.240 E8.97001
G1 X96.297 Y97.615 E8.98542
G1 X94.734 Y97.196 E9.02392
G1 X94.276 Y97.654 E9.03933
G1 X92.713 Y97.235 E9.07783
G1 X92.545 Y96.610 E9.09324
G1 X92.069 Y96.482 E9.10496
G1 X92.069 Y95.902 E9.11877
G1 X92.690 Y96.068 E9.13407
G1 X93.148 Y95.610 E9.14947
G1 X94.711 Y96.029 E9.18798
G1 X94.131 Y98.195 F7800.000
G1 F4800.000
G1 X94.299 Y98.821 E9.20338
G1 X95.862 Y99.239 E9.24189
G1 X96.320 Y98.782 E9.25729
G1 X97.883 Y99.201 E9.29580
G1 X98.050 Y99.826 E9.31120
G1 X99.614 Y100.245 E9.34971
G1 X100.071 Y99.787 E9.36511
G1 X101.635 Y100.206 E9.40362
G1 X101.802 Y100.831 E9.41902
G1 X103.365 Y101.250 E9.45753
G1 X103.823 Y100.792 E9.47293
G1 X105.386 Y101.211 E9.51143
G1 X105.554 Y101.836 E9.52684
G1 X105.986 Y101.952 E9.53750
G1 X105.986 Y102.533 E9.55130
G1 X105.409 Y102.378 E9.56553
G1 X104.951 Y102.836 E9.58093
G1 X103.388 Y102.417 E9.61944
G1 X103.220 Y101.792 E9.63484
G1 X101.657 Y101.373 E9.67335
G1 X101.199 Y101.830 E9.68875
G1 X99.636 Y101.412 E9.72726
G1 X99.468 Y100.786 E9.74266
G1 X97.905 Y100.367 E9.78117
G1 X97.447 Y100.825 E9.79657
G1 X95.884 Y100.406 E9.83507
G1 X95.717 Y99.781 E9.85048
G1 X94.153 Y99.362 E9.88898
G1 X93.696 Y99.820 E9.90439
G1 X92.133 Y99.401 E9.94289
G1 X92.069 Y99.165 E9.94870
G1 X92.069 Y98.223 E9.97111
G1 X92.110 Y98.234 E9.97212
G1 X92.568 Y97.776 E9.98752
G1 X94.131 Y98.195 E10.02603
G1 X93.551 Y100.361 F7800.000
G1 F4800.000
G1 X93.718 Y100.987 E10.04143
G1 X95.281 Y101.406 E10.07993
G1 X95.739 Y100.948 E10.09534
G1 X97.302 Y101.367 E10.13384
G1 X97.470 Y101.992 E10.14925
G1 X99.033 Y102.411 E10.18775
G1 X99.491 Y101.953 E10.20316
G1 X101.054 Y102.372 E10.24166
G1 X101.222 Y102.997 E10.25706
G1 X102.785 Y103.416 E10.29557
G1 X103.243 Y102.958 E10.31097
G1 X104.806 Y103.377 E10.34948
G1 X104.973 Y104.002 E10.36488
G1 X106.537 Y104.421 E10.40339
G1 X106.994 Y103.964 E10.41879
G1 X107.931 Y104.214 E10.44186
G1 X107.931 Y105.956 E10.48328
G1 X106.559 Y105.588 E10.51707
G1 X106.392 Y104.963 E10.53247
G1 X104.828 Y104.544 E10.57098
G1 X104.371 Y105.002 E10.58638
G1 X102.807 Y104.583 E10.62489
G1 X102.640 Y103.958 E10.64029
G1 X101.077 Y103.539 E10.67880
G1 X100.619 Y103.996 E10.69420
G1 X99.056 Y103.578 E10.73271
G1 X98.888 Y102.952 E10.74811
G1 X97.325 Y102.533 E10.78662
G1 X96.867 Y102.991 E10.80202
G1 X95.304 Y102.572 E10.84052
G1 X95.136 Y101.947 E10.85593
G1 X93.573 Y101.528 E10.89443
G1 X93.115 Y101.986 E10.90984
G1 X92.069 Y101.706 E10.93560
G1 X92.069 Y99.964 E10.97703
G1 X93.551 Y100.361 E11.01352
G1 X92.970 Y102.527 F7800.000
G1 F4800.000
G1 X93.138 Y103.153 E11.02892
G1 X94.701 Y103.572 E11.06743
G1 X95.159 Y103.114 E11.08283
G1 X96.722 Y103.533 E11.12134
G1 X96.890 Y104.158 E11.13674
G1 X98.453 Y104.577 E11.17525
G1 X98.911 Y104.119 E11.19065
G1 X100.474 Y104.538 E11.22916
G1 X100.641 Y105.163 E11.24456
G1 X102.204 Y105.582 E11.28307
G1 X102.662 Y105.124 E11.29847
G1 X104.225 Y105.543 E11.33697
G1 X104.393 Y106.169 E11.35238
G1 X105.956 Y106.587 E11.39088
G1 X106.414 Y106.130 E11.40629
G1 X107.931 Y106.536 E11.44365
G1 X107.931 Y107.784 E11.47335
G1 X107.784 Y107.931 E11.47827
G1 X106.637 Y107.931 E11.50557
G1 X105.979 Y107.754 E11.52179
G1 X105.811 Y107.129 E11.53719
G1 X104.248 Y106.710 E11.57569
G1 X103.790 Y107.168 E11.59110
G1 X102.227 Y106.749 E11.62960
G1 X102.059 Y106.124 E11.64501
G1 X100.496 Y105.705 E11.68351
G1 X100.038 Y106.163 E11.69892
G1 X98.475 Y105.744 E11.73742
G1 X98.308 Y105.118 E11.75282
G1 X96.744 Y104.700 E11.79133
G1 X96.287 Y105.157 E11.80673
G1 X94.723 Y104.738 E11.84524
G1 X94.556 Y104.113 E11.86064
G1 X92.993 Y103.694 E11.89915
G1 X92.535 Y104.152 E11.91455
G1 X92.069 Y104.027 E11.92602
G1 X92.069 Y102.286 E11.96745
G1 X92.970 Y102.527 E11.98964
G1 X92.390 Y104.694 F7800.000
G1 F4800.000
G1 X92.557 Y105.319 E12.00504
G1 X94.121 Y105.738 E12.04355
G1 X94.578 Y105.280 E12.05895
G1 X96.142 Y105.699 E12.09746
G1 X96.309 Y106.324 E12.11286
G1 X97.872 Y106.743 E12.15137
G1 X98.330 Y106.285 E12.16677
G1 X99.893 Y106.704 E12.20528
G1 X100.061 Y107.329 E12.22068
G1 X101.624 Y107.748 E12.25919
G1 X102.082 Y107.290 E12.27459
G1 X103.645 Y107.709 E12.31310
G1 X103.704 Y107.931 E12.31855
G1 X100.139 Y107.931 E12.40338
G1 X99.916 Y107.871 E12.40888
G1 X99.856 Y107.931 E12.41089
G1 X97.973 Y107.931 E12.45570
G1 X97.895 Y107.910 E12.45762
G1 X97.727 Y107.284 E12.47302
G1 X96.164 Y106.866 E12.51153
G1 X95.706 Y107.323 E12.52693
G1 X94.143 Y106.904 E12.56544
G1 X93.976 Y106.279 E12.58084
G1 X92.412 Y105.860 E12.61935
G1 X92.069 Y106.203 E12.63089
G1 X92.069 Y104.608 E12.66885
G1 X92.390 Y104.694 E12.67675
G1 X95.561 Y107.865 F7800.000
G1 F4800.000
G1 X95.579 Y107.931 E12.67837
G1 X92.069 Y107.931 E12.76187
G1 X92.069 Y107.510 E12.77189
G1 X93.540 Y107.904 E12.80812
G1 X93.998 Y107.446 E12.82352
G1 X95.561 Y107.865 E12.86203
G1 X107.931 Y102.560 F7800.000
G1 F4800.000
G1 X107.931 Y103.634 E12.88758
G1 X107.139 Y103.422 E12.90707
G1 X106.972 Y102.797 E12.92247
G1 X106.086 Y102.560 E12.94429
G1 X107.931 Y102.560 E12.98817
G1 X103.444 Y93.962 F7800.000
G1 F4800.000
G1 X103.543 Y94.333 E12.99731
G1 X105.106 Y94.752 E13.03581
G1 X105.564 Y94.294 E13.05122
G1 X107.127 Y94.713 E13.08972
G1 X107.295 Y95.338 E13.10512
G1 X107.931 Y95.509 E13.12078
G1 X107.931 Y96.089 E13.13459
G1 X107.150 Y95.880 E13.15383
G1 X106.692 Y96.337 E13.16923
G1 X105.129 Y95.919 E13.20773
G1 X104.961 Y95.293 E13.22314
G1 X103.398 Y94.874 E13.26164
G1 X102.940 Y95.332 E13.27705
G1 X101.377 Y94.913 E13.31555
G1 X101.210 Y94.288 E13.33096
G1 X100.266 Y94.035 E13.35421
G1 X100.266 Y93.962 E13.35595
G1 X103.444 Y93.962 E13.43157
G1 X107.708 Y92.547 F7800.000
G1 F4800.000
G1 X107.875 Y93.172 E13.44697
G1 X107.931 Y93.187 E13.44833
G1 X107.931 Y93.767 E13.46214
G1 X107.730 Y93.714 E13.46708
G1 X107.273 Y94.171 E13.48248
G1 X105.709 Y93.753 E13.52099
G1 X105.542 Y93.127 E13.53639
G1 X105.266 Y93.053 E13.54318
G1 X105.266 Y92.473 E13.55699
G1 X105.687 Y92.586 E13.56735
G1 X106.145 Y92.128 E13.58276
G1 X107.708 Y92.547 E13.62126
G1 X93.954 Y92.924 F7800.000
G1 F4800.000
G1 X93.874 Y92.903 E13.62325
G1 X93.706 Y92.278 E13.63865
G1 X92.929 Y92.069 E13.65779
G1 X93.954 Y92.069 E13.68217
G1 X93.954 Y92.924 E13.70252
G1 X93.955 Y93.505 F7800.000
G1 F4800.000
G1 X93.955 Y93.962 E13.71340
G1 X95.318 Y93.962 E13.74584
G1 X95.459 Y94.488 E13.75881
G1 X97.023 Y94.907 E13.79731
G1 X97.480 Y94.450 E13.81271
G1 X99.044 Y94.868 E13.85122
G1 X99.211 Y95.494 E13.86662
G1 X100.774 Y95.913 E13.90513
G1 X101.232 Y95.455 E13.92053
G1 X102.795 Y95.874 E13.95904
G1 X102.963 Y96.499 E13.97444
G1 X104.526 Y96.918 E14.01295
G1 X104.984 Y96.460 E14.02835
G1 X106.028 Y96.740 E14.05408
G1 X105.989 Y96.740 E14.05502
G1 X105.988 Y98.470 E14.09619
G1 X104.549 Y98.085 E14.13165
G1 X104.381 Y97.459 E14.14705
G1 X102.818 Y97.041 E14.18556
G1 X102.360 Y97.498 E14.20096
G1 X100.797 Y97.079 E14.23947
G1 X100.629 Y96.454 E14.25487
G1 X99.066 Y96.035 E14.29338
G1 X98.608 Y96.493 E14.30878
G1 X97.045 Y96.074 E14.34729
G1 X96.878 Y95.449 E14.36269
G1 X95.314 Y95.030 E14.40119
G1 X94.857 Y95.488 E14.41660
G1 X93.293 Y95.069 E14.45510
G1 X93.126 Y94.444 E14.47051
G1 X92.069 Y94.161 E14.49653
G1 X92.069 Y93.580 E14.51034
G1 X93.271 Y93.902 E14.53994
G1 X93.729 Y93.444 E14.55534
G1 X93.955 Y93.505 E14.56091
G1 Z7.050 F7800.000
G1 X106.585 Y101.958 F7800.000
G1 F3600.000
G1 X108.529 Y101.959 E14.61334
G1 X108.529 Y108.529 E14.79057
G1 X91.471 Y108.529 E15.25072
G1 X91.471 Y91.471 E15.71087
G1 X94.718 Y91.471 E15.79847
G1 X94.719 Y93.364 E15.84954
G1 X99.352 Y93.364 E15.97450
G1 X99.351 Y91.471 E16.02557
G1 X99.803 Y91.471 E16.03776
G1 X99.802 Y93.364 E16.08883
G1 X104.478 Y93.364 E16.21498
G1 X104.479 Y91.471 E16.26605
G1 X108.529 Y91.471 E16.37530
G1 X108.529 Y97.336 E16.53351
G1 X106.587 Y97.335 E16.58589
G1 X106.585 Y101.883 E16.70858
G1 X107.221 Y101.323 F7800.000
G1 F3600.000
G1 X109.164 Y101.324 E16.76101
G1 X109.164 Y109.164 E16.97252
G1 X90.836 Y109.164 E17.46697
G1 X90.836 Y90.836 E17.96141
G1 X95.354 Y90.836 E18.08330
G1 X95.355 Y92.729 E18.13436
G1 X98.716 Y92.729 E18.22503
G1 X98.715 Y90.836 E18.27610
G1 X100.439 Y90.836 E18.32261
G1 X100.438 Y92.729 E18.37368
G1 X103.843 Y92.729 E18.46553
G1 X103.844 Y90.836 E18.51660
G1 X109.164 Y90.836 E18.66013
G1 X109.164 Y97.972 E18.85264
G1 X107.222 Y97.971 E18.90503
G1 X107.221 Y101.248 E18.99343
G1 X107.782 Y100.763 F7800.000
G1 F1800.000
G1 X109.725 Y100.763 E19.03348
G1 X109.725 Y109.725 E19.21818
G1 X90.275 Y109.725 E19.61905
G1 X90.275 Y90.275 E20.01993
G1 X95.914 Y90.275 E20.13615
G1 X95.915 Y92.168 E20.17517
G1 X98.155 Y92.168 E20.22133
G1 X98.154 Y90.275 E20.26035
G1 X101.000 Y90.275 E20.31900
G1 X100.999 Y92.168 E20.35802
G1 X103.282 Y92.168 E20.40508
G1 X103.283 Y90.275 E20.44410
G1 X109.725 Y90.275 E20.57686
G1 X109.725 Y98.533 E20.74706
G1 X107.783 Y98.532 E20.78709
G1 X107.782 Y100.688 E20.83152
G1 X107.663 Y101.248 F7800.000
G1 X107.931 Y102.557 F7800.000
G1 F4800.000
G1 X107.931 Y103.924 E20.86405
G1 X107.536 Y103.819 E20.87377
G1 X106.392 Y104.963 E20.91228
G1 X106.559 Y105.588 E20.92768
G1 X105.415 Y106.733 E20.96619
G1 X104.789 Y106.565 E20.98159
G1 X103.645 Y107.709 E21.02010
G1 X103.704 Y107.931 E21.02555
G1 X101.838 Y107.931 E21.06996
G1 X102.623 Y107.145 E21.09638
G1 X103.249 Y107.313 E21.11178
G1 X104.393 Y106.169 E21.15029
G1 X104.225 Y105.543 E21.16569
G1 X105.370 Y104.399 E21.20420
G1 X105.995 Y104.566 E21.21960
G1 X107.139 Y103.422 E21.25811
G1 X106.972 Y102.797 E21.27351
G1 X107.212 Y102.557 E21.28159
G1 X107.931 Y102.557 E21.29869
G1 X105.987 Y102.243 F7800.000
G1 F4800.000
G1 X105.950 Y102.233 E21.29959
G1 X104.806 Y103.377 E21.33810
G1 X104.973 Y104.003 E21.35350
G1 X103.829 Y105.147 E21.39200
G1 X103.204 Y104.979 E21.40741
G1 X102.059 Y106.124 E21.44591
G1 X102.227 Y106.749 E21.46132
G1 X101.083 Y107.893 E21.49982
G1 X100.457 Y107.726 E21.51523
G1 X100.252 Y107.931 E21.52212
G1 X99.460 Y107.931 E21.54098
G1 X100.061 Y107.329 E21.56122
G1 X99.893 Y106.704 E21.57662
G1 X101.038 Y105.560 E21.61513
G1 X101.663 Y105.727 E21.63053
G1 X102.807 Y104.583 E21.66904
G1 X102.640 Y103.958 E21.68444
G1 X103.784 Y102.813 E21.72294
G1 X104.409 Y102.981 E21.73835
G1 X105.554 Y101.836 E21.77685
G1 X105.386 Y101.211 E21.79226
G1 X105.988 Y100.610 E21.81249
G1 X105.987 Y102.243 E21.85134
G1 X105.988 Y99.023 F7800.000
G1 F4800.000
G1 X105.967 Y99.045 E21.85206
G1 X105.988 Y99.125 E21.85404
G1 X105.988 Y99.817 E21.87049
G1 X104.990 Y100.815 E21.90407
G1 X104.365 Y100.647 E21.91948
G1 X103.220 Y101.792 E21.95798
G1 X103.388 Y102.417 E21.97339
G1 X102.243 Y103.561 E22.01189
G1 X101.618 Y103.394 E22.02730
G1 X100.474 Y104.538 E22.06580
G1 X100.641 Y105.163 E22.08120
G1 X99.497 Y106.308 E22.11971
G1 X98.872 Y106.140 E22.13511
G1 X97.727 Y107.284 E22.17362
G1 X97.895 Y107.910 E22.18902
G1 X97.874 Y107.931 E22.18973
G1 X95.579 Y107.931 E22.24433
G1 X95.561 Y107.865 E22.24595
G1 X96.706 Y106.721 E22.28446
G1 X97.331 Y106.888 E22.29986
G1 X98.475 Y105.744 E22.33837
G1 X98.308 Y105.118 E22.35377
G1 X99.452 Y103.974 E22.39228
G1 X100.077 Y104.142 E22.40768
G1 X101.222 Y102.997 E22.44619
G1 X101.054 Y102.372 E22.46159
G1 X102.198 Y101.228 E22.50010
G1 X102.824 Y101.395 E22.51550
G1 X103.968 Y100.251 E22.55401
G1 X103.801 Y99.625 E22.56941
G1 X104.945 Y98.481 E22.60792
G1 X105.570 Y98.649 E22.62332
G1 X105.989 Y98.230 E22.63740
G1 X105.988 Y99.023 E22.65627
G1 X107.931 Y95.799 F7800.000
G1 F4800.000
G1 X107.931 Y96.738 E22.67861
G1 X106.689 Y96.737 E22.70815
G1 X107.691 Y95.735 E22.74188
G1 X107.931 Y95.799 E22.74777
G1 X107.931 Y93.910 F7800.000
G1 F4800.000
G1 X107.127 Y94.713 E22.77480
G1 X107.295 Y95.338 E22.79020
G1 X106.151 Y96.483 E22.82871
G1 X105.525 Y96.315 E22.84411
G1 X104.381 Y97.459 E22.88262
G1 X104.549 Y98.085 E22.89802
G1 X103.404 Y99.229 E22.93653
G1 X102.779 Y99.062 E22.95193
G1 X101.635 Y100.206 E22.99043
G1 X101.802 Y100.831 E23.00584
G1 X100.658 Y101.976 E23.04434
G1 X100.032 Y101.808 E23.05975
G1 X98.888 Y102.952 E23.09825
G1 X99.056 Y103.578 E23.11366
G1 X97.911 Y104.722 E23.15216
G1 X97.286 Y104.554 E23.16756
G1 X96.142 Y105.699 E23.20607
G1 X96.309 Y106.324 E23.22147
G1 X95.165 Y107.468 E23.25998
G1 X94.539 Y107.301 E23.27538
G1 X93.910 Y107.931 E23.29657
G1 X93.117 Y107.931 E23.31544
G1 X94.143 Y106.904 E23.34997
G1 X93.976 Y106.279 E23.36537
G1 X95.120 Y105.135 E23.40388
G1 X95.745 Y105.302 E23.41928
G1 X96.890 Y104.158 E23.45779
G1 X96.722 Y103.533 E23.47319
G1 X97.866 Y102.388 E23.51169
G1 X98.492 Y102.556 E23.52710
G1 X99.636 Y101.412 E23.56560
G1 X99.468 Y100.786 E23.58101
G1 X100.613 Y99.642 E23.61951
G1 X101.238 Y99.809 E23.63492
G1 X102.382 Y98.665 E23.67342
G1 X102.215 Y98.040 E23.68882
G1 X103.359 Y96.895 E23.72733
G1 X103.985 Y97.063 E23.74273
G1 X105.129 Y95.919 E23.78124
G1 X104.961 Y95.293 E23.79664
G1 X106.106 Y94.149 E23.83515
G1 X106.731 Y94.317 E23.85055
G1 X107.875 Y93.172 E23.88906
G1 X107.708 Y92.547 E23.90446
G1 X107.931 Y92.324 E23.91196
G1 X107.931 Y93.910 E23.94969
G1 X107.311 Y92.150 F7800.000
G1 F4800.000
G1 X107.009 Y92.069 E23.95714
G1 X107.393 Y92.069 E23.96628
G1 X107.311 Y92.150 E23.96901
G1 X105.542 Y93.127 F7800.000
G1 F4800.000
G1 X105.709 Y93.753 E23.98441
G1 X104.565 Y94.897 E24.02292
G1 X103.940 Y94.729 E24.03832
G1 X102.795 Y95.874 E24.07683
G1 X102.963 Y96.499 E24.09223
G1 X101.818 Y97.643 E24.13074
G1 X101.193 Y97.476 E24.14614
G1 X100.049 Y98.620 E24.18464
G1 X100.216 Y99.245 E24.20005
G1 X99.072 Y100.390 E24.23855
G1 X98.447 Y100.222 E24.25396
G1 X97.302 Y101.367 E24.29246
G1 X97.470 Y101.992 E24.30787
G1 X96.326 Y103.136 E24.34637
G1 X95.700 Y102.969 E24.36177
G1 X94.556 Y104.113 E24.40028
G1 X94.723 Y104.738 E24.41568
G1 X93.579 Y105.883 E24.45419
G1 X92.954 Y105.715 E24.46959
G1 X92.069 Y106.600 E24.49935
G1 X92.069 Y105.807 E24.51822
G1 X92.557 Y105.319 E24.53464
G1 X92.390 Y104.694 E24.55004
G1 X93.534 Y103.549 E24.58855
G1 X94.160 Y103.717 E24.60395
G1 X95.304 Y102.572 E24.64246
G1 X95.136 Y101.947 E24.65786
G1 X96.281 Y100.803 E24.69637
G1 X96.906 Y100.970 E24.71177
G1 X98.050 Y99.826 E24.75028
G1 X97.883 Y99.201 E24.76568
G1 X99.027 Y98.056 E24.80419
G1 X99.652 Y98.224 E24.81959
G1 X100.797 Y97.079 E24.85810
G1 X100.629 Y96.454 E24.87350
G1 X101.774 Y95.310 E24.91201
G1 X102.399 Y95.477 E24.92741
G1 X103.543 Y94.333 E24.96591
G1 X103.444 Y93.962 E24.97504
G1 X105.076 Y93.962 E25.01387
G1 X105.076 Y92.712 E25.04361
G1 X105.145 Y92.731 E25.04531
G1 X105.807 Y92.069 E25.06757
G1 X106.600 Y92.069 E25.08643
G1 X105.542 Y93.127 E25.12203
G1 X101.210 Y94.288 F7800.000
G1 F4800.000
G1 X101.377 Y94.913 E25.13743
G1 X100.233 Y96.058 E25.17594
G1 X99.608 Y95.890 E25.19134
G1 X98.463 Y97.035 E25.22985
G1 X98.631 Y97.660 E25.24525
G1 X97.486 Y98.804 E25.28376
G1 X96.861 Y98.637 E25.29916
G1 X95.717 Y99.781 E25.33767
G1 X95.884 Y100.406 E25.35307
G1 X94.740 Y101.551 E25.39158
G1 X94.115 Y101.383 E25.40698
G1 X92.970 Y102.527 E25.44549
G1 X93.138 Y103.153 E25.46089
G1 X92.069 Y104.221 E25.49684
G1 X92.069 Y101.996 E25.54979
G1 X92.574 Y102.131 E25.56222
G1 X93.718 Y100.987 E25.60072
G1 X93.551 Y100.361 E25.61613
G1 X94.695 Y99.217 E25.65463
G1 X95.320 Y99.385 E25.67003
G1 X96.465 Y98.240 E25.70854
G1 X96.297 Y97.615 E25.72394
G1 X97.441 Y96.471 E25.76245
G1 X98.067 Y96.638 E25.77785
G1 X99.211 Y95.494 E25.81636
G1 X99.044 Y94.868 E25.83176
G1 X99.950 Y93.962 E25.86225
G1 X101.535 Y93.962 E25.89998
G1 X101.210 Y94.288 E25.91094
G1 X98.647 Y94.472 F7800.000
G1 F4800.000
G1 X98.022 Y94.305 E25.92634
G1 X96.878 Y95.449 E25.96484
G1 X97.045 Y96.074 E25.98025
G1 X95.901 Y97.219 E26.01875
G1 X95.275 Y97.051 E26.03416
G1 X94.131 Y98.195 E26.07266
G1 X94.299 Y98.821 E26.08807
G1 X93.154 Y99.965 E26.12657
G1 X92.529 Y99.797 E26.14197
G1 X92.069 Y100.257 E26.15744
G1 X92.069 Y99.464 E26.17630
G1 X92.133 Y99.401 E26.17843
G1 X92.069 Y99.165 E26.18424
G1 X92.069 Y98.671 E26.19599
G1 X93.109 Y97.631 E26.23098
G1 X93.735 Y97.799 E26.24639
G1 X94.879 Y96.655 E26.28489
G1 X94.711 Y96.029 E26.30030
G1 X95.856 Y94.885 E26.33880
G1 X96.481 Y95.052 E26.35420
G1 X97.571 Y93.962 E26.39088
G1 X99.157 Y93.962 E26.42861
G1 X98.647 Y94.472 E26.44576
G1 X94.121 Y93.962 F7800.000
G1 F4800.000
G1 X95.318 Y93.962 E26.47424
G1 X95.459 Y94.488 E26.48720
G1 X94.315 Y95.633 E26.52571
G1 X93.690 Y95.465 E26.54111
G1 X92.545 Y96.610 E26.57961
G1 X92.713 Y97.235 E26.59502
G1 X92.069 Y97.879 E26.61667
G1 X92.069 Y96.192 E26.65680
G1 X92.149 Y96.213 E26.65876
G1 X93.293 Y95.069 E26.69727
G1 X93.126 Y94.444 E26.71267
G1 X94.121 Y93.448 E26.74617
G1 X94.121 Y93.962 E26.75840
G1 X93.706 Y92.278 F7800.000
G1 F4800.000
G1 X93.874 Y92.903 E26.77381
G1 X92.729 Y94.047 E26.81231
G1 X92.104 Y93.880 E26.82772
G1 X92.069 Y93.914 E26.82888
G1 X92.069 Y92.329 E26.86661
G1 X92.329 Y92.069 E26.87534
G1 X93.914 Y92.069 E26.91307
G1 X93.706 Y92.278 E26.92007
G1 X92.558 Y107.931 F7800.000
G1 F4800.000
G1 X92.324 Y107.931 E26.92563
G1 X92.373 Y107.881 E26.92729
G1 X92.558 Y107.931 E26.93183
G1 X107.931 Y107.388 F7800.000
G1 F4800.000
G1 X107.388 Y107.931 E26.95009
G1 X105.802 Y107.931 E26.98782
G1 X105.979 Y107.754 E26.99376
G1 X105.811 Y107.129 E27.00916
G1 X106.955 Y105.985 E27.04766
G1 X107.581 Y106.152 E27.06307
G1 X107.931 Y105.802 E27.07484
G1 X107.931 Y107.388 E27.11257
G1 Z7.150 F7800.000
G1 E25.11257 F2400.00000
G92 E0
G1 X110.725 Y99.636 F7800.000
G1 E2.00000 F2400.00000
G1 F3600.000
G1 X108.889 Y99.636 E2.05750
G1 X108.889 Y99.660 E2.05826
G1 X110.725 Y99.661 E2.11576
G1 X110.725 Y99.636 E2.11652
G1 E0.11652 F2400.00000
G92 E0
G1 X100.725 Y89.175 F7800.000
G1 E2.00000 F2400.00000
G1 F3600.000
G1 X100.725 Y88.500 E2.02114
G1 X98.775 Y88.500 E2.08220
G1 X98.775 Y89.175 E2.10334
G1 X100.725 Y89.175 E2.16440
G1 Z7.350 F7800.000
G1 E0.16440 F2400.00000
G92 E0
G1 X106.586 Y101.955 F7800.000
G1 E2.00000 F2400.00000
G1 F3600.000
G1 X108.529 Y101.956 E2.05242
G1 X108.529 Y108.529 E2.22973
G1 X91.471 Y108.529 E2.68989
G1 X91.471 Y91.471 E3.15004
G1 X94.885 Y91.471 E3.24213
G1 X94.886 Y93.365 E3.29320
G1 X104.288 Y93.365 E3.54685
G1 X104.289 Y91.471 E3.59793
G1 X108.529 Y91.471 E3.71229
G1 X108.529 Y97.333 E3.87041
G1 X106.588 Y97.332 E3.92278
G1 X106.586 Y101.880 E4.04548
G1 X107.221 Y101.320 F7800.000
G1 F3600.000
G1 X109.164 Y101.321 E4.09789
G1 X109.164 Y109.164 E4.30949
G1 X90.836 Y109.164 E4.80394
G1 X90.836 Y90.836 E5.29838
G1 X95.520 Y90.836 E5.42476
G1 X95.521 Y92.729 E5.47583
G1 X98.893 Y92.729 E5.56680
G1 X98.892 Y90.836 E5.61788
G1 X100.256 Y90.836 E5.65466
G1 X100.255 Y92.729 E5.70574
G1 X103.653 Y92.729 E5.79740
G1 X103.654 Y90.836 E5.84848
G1 X109.164 Y90.836 E5.99713
G1 X109.164 Y97.969 E6.18955
G1 X107.223 Y97.968 E6.24193
G1 X107.221 Y101.245 E6.33033
G1 X107.782 Y100.759 F7800.000
G1 F1800.000
G1 X109.725 Y100.760 E6.37037
G1 X109.725 Y109.725 E6.55514
G1 X90.275 Y109.725 E6.95601
G1 X90.275 Y90.275 E7.35688
G1 X96.081 Y90.275 E7.47653
G1 X96.081 Y92.168 E7.51556
G1 X98.332 Y92.168 E7.56195
G1 X98.332 Y90.275 E7.60097
G1 X100.817 Y90.275 E7.65220
G1 X100.816 Y92.168 E7.69122
G1 X103.093 Y92.168 E7.73814
G1 X103.094 Y90.275 E7.77716
G1 X109.725 Y90.275 E7.91384
G1 X109.725 Y98.529 E8.08396
G1 X107.783 Y98.529 E8.12398
G1 X107.782 Y100.684 E8.16842
G1 X107.664 Y101.245 F7800.000
G1 X107.931 Y102.554 F7800.000
G1 F4800.000
G1 X107.931 Y103.924 E8.20102
G1 X107.536 Y103.819 E8.21075
G1 X107.197 Y102.553 E8.24191
G1 X107.931 Y102.554 E8.25937
G1 X103.940 Y94.729 F7800.000
G1 F4800.000
G1 X104.565 Y94.897 E8.27477
G1 X104.984 Y96.460 E8.31328
G1 X104.526 Y96.918 E8.32868
G1 X104.945 Y98.481 E8.36719
G1 X105.570 Y98.649 E8.38259
G1 X105.988 Y100.213 E8.42111
G1 X105.531 Y100.670 E8.43648
G1 X105.950 Y102.233 E8.47499
G1 X105.987 Y102.243 E8.47590
G1 X105.987 Y102.553 E8.48328
G1 X106.616 Y102.553 E8.49826
G1 X106.994 Y103.964 E8.53300
G1 X106.537 Y104.421 E8.54840
G1 X106.955 Y105.985 E8.58691
G1 X107.581 Y106.152 E8.60231
G1 X107.931 Y107.458 E8.63447
G1 X107.931 Y107.784 E8.64224
G1 X107.784 Y107.931 E8.64716
G1 X106.316 Y107.931 E8.68210
G1 X105.956 Y106.587 E8.71519
G1 X106.414 Y106.130 E8.73059
G1 X105.995 Y104.566 E8.76909
G1 X105.370 Y104.399 E8.78450
G1 X104.951 Y102.836 E8.82300
G1 X105.409 Y102.378 E8.83841
G1 X104.990 Y100.815 E8.87691
G1 X104.365 Y100.647 E8.89232
G1 X103.946 Y99.084 E8.93082
G1 X104.403 Y98.626 E8.94622
G1 X103.985 Y97.063 E8.98473
G1 X103.359 Y96.895 E9.00013
G1 X102.940 Y95.332 E9.03864
G1 X103.398 Y94.874 E9.05404
G1 X103.154 Y93.963 E9.07650
G1 X103.734 Y93.963 E9.09031
G1 X103.940 Y94.729 E9.10920
G1 X101.774 Y95.310 F7800.000
G1 F4800.000
G1 X102.399 Y95.477 E9.12460
G1 X102.818 Y97.041 E9.16311
G1 X102.360 Y97.498 E9.17851
G1 X102.779 Y99.062 E9.21702
G1 X103.404 Y99.229 E9.23242
G1 X103.823 Y100.792 E9.27093
G1 X103.365 Y101.250 E9.28633
G1 X103.784 Y102.813 E9.32484
G1 X104.409 Y102.981 E9.34024
G1 X104.828 Y104.544 E9.37874
G1 X104.371 Y105.002 E9.39415
G1 X104.789 Y106.565 E9.43265
G1 X105.415 Y106.733 E9.44806
G1 X105.736 Y107.931 E9.47757
G1 X103.995 Y107.931 E9.51900
G1 X103.790 Y107.168 E9.53779
G1 X104.248 Y106.710 E9.55319
G1 X103.829 Y105.147 E9.59170
G1 X103.204 Y104.979 E9.60710
G1 X102.785 Y103.416 E9.64561
G1 X103.243 Y102.958 E9.66101
G1 X102.824 Y101.395 E9.69952
G1 X102.198 Y101.228 E9.71492
G1 X101.780 Y99.664 E9.75343
G1 X102.237 Y99.207 E9.76883
G1 X101.818 Y97.643 E9.80733
G1 X101.193 Y97.476 E9.82274
G1 X100.774 Y95.913 E9.86124
G1 X101.232 Y95.455 E9.87665
G1 X100.832 Y93.963 E9.91340
G1 X101.413 Y93.963 E9.92721
G1 X101.774 Y95.310 E9.96040
G1 X99.189 Y94.327 F7800.000
G1 F4800.000
G1 X99.608 Y95.890 E9.99890
G1 X100.233 Y96.058 E10.01431
G1 X100.652 Y97.621 E10.05281
G1 X100.194 Y98.079 E10.06821
G1 X100.613 Y99.642 E10.10672
G1 X101.238 Y99.809 E10.12212
G1 X101.657 Y101.373 E10.16063
G1 X101.199 Y101.830 E10.17603
G1 X101.618 Y103.394 E10.21454
G1 X102.243 Y103.561 E10.22994
G1 X102.662 Y105.124 E10.26845
G1 X102.204 Y105.582 E10.28385
G1 X102.623 Y107.145 E10.32236
G1 X103.249 Y107.313 E10.33776
G1 X103.414 Y107.931 E10.35298
G1 X101.673 Y107.931 E10.39441
G1 X101.624 Y107.748 E10.39890
G1 X102.082 Y107.290 E10.41430
G1 X101.663 Y105.727 E10.45281
G1 X101.038 Y105.560 E10.46821
G1 X100.619 Y103.996 E10.50672
G1 X101.077 Y103.539 E10.52212
G1 X100.658 Y101.976 E10.56063
G1 X100.032 Y101.808 E10.57603
G1 X99.614 Y100.245 E10.61454
G1 X100.071 Y99.787 E10.62994
G1 X99.652 Y98.224 E10.66844
G1 X99.027 Y98.056 E10.68385
G1 X98.608 Y96.493 E10.72235
G1 X99.066 Y96.035 E10.73776
G1 X98.647 Y94.472 E10.77626
G1 X98.022 Y94.305 E10.79167
G1 X97.930 Y93.963 E10.80009
G1 X99.553 Y93.963 E10.83869
G1 X99.189 Y94.327 E10.85095
G1 X97.480 Y94.450 F7800.000
G1 F4800.000
G1 X97.023 Y94.907 E10.86635
G1 X97.441 Y96.471 E10.90486
G1 X98.067 Y96.638 E10.92026
G1 X98.486 Y98.201 E10.95877
G1 X98.028 Y98.659 E10.97417
G1 X98.447 Y100.222 E11.01268
G1 X99.072 Y100.390 E11.02808
G1 X99.491 Y101.953 E11.06659
G1 X99.033 Y102.411 E11.08199
G1 X99.452 Y103.974 E11.12050
G1 X100.077 Y104.142 E11.13590
G1 X100.496 Y105.705 E11.17441
G1 X100.038 Y106.163 E11.18981
G1 X100.457 Y107.726 E11.22832
G1 X101.083 Y107.893 E11.24372
G1 X101.093 Y107.931 E11.24464
G1 X99.856 Y107.931 E11.27406
G1 X99.916 Y107.871 E11.27607
G1 X99.497 Y106.308 E11.31458
G1 X98.872 Y106.140 E11.32998
G1 X98.453 Y104.577 E11.36849
G1 X98.911 Y104.119 E11.38389
G1 X98.492 Y102.556 E11.42240
G1 X97.866 Y102.388 E11.43780
G1 X97.447 Y100.825 E11.47631
G1 X97.905 Y100.367 E11.49171
G1 X97.486 Y98.804 E11.53022
G1 X96.861 Y98.637 E11.54562
G1 X96.442 Y97.073 E11.58413
G1 X96.900 Y96.616 E11.59953
G1 X96.481 Y95.052 E11.63803
G1 X95.856 Y94.885 E11.65344
G1 X95.609 Y93.963 E11.67615
G1 X97.350 Y93.963 E11.71758
G1 X97.480 Y94.450 E11.72958
G1 X94.270 Y93.299 F7800.000
G1 F4800.000
G1 X94.288 Y93.304 E11.73001
G1 X94.288 Y93.963 E11.74568
G1 X95.028 Y93.963 E11.76330
G1 X95.314 Y95.030 E11.78959
G1 X94.857 Y95.488 E11.80499
G1 X95.275 Y97.051 E11.84350
G1 X95.901 Y97.219 E11.85890
G1 X96.320 Y98.782 E11.89741
G1 X95.862 Y99.239 E11.91281
G1 X96.281 Y100.803 E11.95132
G1 X96.906 Y100.970 E11.96672
G1 X97.325 Y102.533 E12.00523
G1 X96.867 Y102.991 E12.02063
G1 X97.286 Y104.554 E12.05913
G1 X97.911 Y104.722 E12.07454
G1 X98.330 Y106.285 E12.11304
G1 X97.872 Y106.743 E12.12845
G1 X98.191 Y107.931 E12.15770
G1 X97.610 Y107.931 E12.17151
G1 X97.331 Y106.888 E12.19720
G1 X96.706 Y106.720 E12.21260
G1 X96.287 Y105.157 E12.25110
G1 X96.744 Y104.700 E12.26651
G1 X96.326 Y103.136 E12.30501
G1 X95.700 Y102.969 E12.32042
G1 X95.281 Y101.406 E12.35892
G1 X95.739 Y100.948 E12.37433
G1 X95.320 Y99.385 E12.41283
G1 X94.695 Y99.217 E12.42823
G1 X94.276 Y97.654 E12.46674
G1 X94.734 Y97.196 E12.48214
G1 X94.315 Y95.633 E12.52065
G1 X93.690 Y95.465 E12.53605
G1 X93.271 Y93.902 E12.57456
G1 X93.729 Y93.444 E12.58996
G1 X93.360 Y92.069 E12.62383
G1 X93.941 Y92.069 E12.63764
G1 X94.270 Y93.299 E12.66794
G1 X92.104 Y93.880 F7800.000
G1 F4800.000
G1 X92.729 Y94.047 E12.68334
G1 X93.148 Y95.610 E12.72185
G1 X92.690 Y96.068 E12.73725
G1 X93.109 Y97.631 E12.77575
G1 X93.735 Y97.799 E12.79116
G1 X94.153 Y99.362 E12.82966
G1 X93.696 Y99.820 E12.84507
G1 X94.115 Y101.383 E12.88357
G1 X94.740 Y101.551 E12.89898
G1 X95.159 Y103.114 E12.93748
G1 X94.701 Y103.572 E12.95288
G1 X95.120 Y105.135 E12.99139
G1 X95.745 Y105.302 E13.00679
G1 X96.164 Y106.866 E13.04530
G1 X95.706 Y107.323 E13.06070
G1 X95.869 Y107.931 E13.07566
G1 X95.289 Y107.931 E13.08947
G1 X95.165 Y107.468 E13.10086
G1 X94.539 Y107.301 E13.11626
G1 X94.121 Y105.738 E13.15477
G1 X94.578 Y105.280 E13.17017
G1 X94.160 Y103.717 E13.20868
G1 X93.534 Y103.549 E13.22408
G1 X93.115 Y101.986 E13.26258
G1 X93.573 Y101.528 E13.27799
G1 X93.154 Y99.965 E13.31649
G1 X92.529 Y99.797 E13.33190
G1 X92.110 Y98.234 E13.37040
G1 X92.568 Y97.776 E13.38581
G1 X92.149 Y96.213 E13.42431
G1 X92.069 Y96.192 E13.42627
G1 X92.069 Y93.750 E13.48437
G1 X92.104 Y93.880 E13.48757
G1 X92.574 Y102.131 F7800.000
G1 F4800.000
G1 X92.993 Y103.694 E13.52607
G1 X92.535 Y104.152 E13.54147
G1 X92.954 Y105.715 E13.57998
G1 X93.579 Y105.883 E13.59538
G1 X93.998 Y107.446 E13.63389
G1 X93.540 Y107.904 E13.64929
G1 X93.547 Y107.931 E13.64996
G1 X92.558 Y107.931 E13.67351
G1 X92.373 Y107.881 E13.67804
G1 X92.069 Y106.746 E13.70600
G1 X92.069 Y106.203 E13.71892
G1 X92.412 Y105.860 E13.73046
G1 X92.069 Y104.580 E13.76199
G1 X92.069 Y101.996 E13.82349
G1 X92.574 Y102.131 E13.83591
G1 X106.145 Y92.128 F7800.000
G1 F4800.000
G1 X105.687 Y92.586 E13.85132
G1 X106.106 Y94.149 E13.88982
G1 X106.731 Y94.317 E13.90522
G1 X107.150 Y95.880 E13.94373
G1 X106.692 Y96.337 E13.95913
G1 X106.798 Y96.734 E13.96890
G1 X106.218 Y96.734 E13.98271
G1 X106.151 Y96.483 E13.98889
G1 X105.525 Y96.315 E14.00429
G1 X105.106 Y94.752 E14.04280
G1 X105.564 Y94.294 E14.05820
G1 X105.145 Y92.731 E14.09671
G1 X104.887 Y92.662 E14.10308
G1 X104.887 Y92.069 E14.11717
G1 X106.129 Y92.069 E14.14672
G1 X106.145 Y92.128 E14.14816
G1 X107.931 Y92.295 F7800.000
G1 F4800.000
G1 X107.931 Y95.799 E14.23152
G1 X107.691 Y95.735 E14.23741
G1 X107.273 Y94.171 E14.27592
G1 X107.730 Y93.714 E14.29132
G1 X107.311 Y92.150 E14.32983
G1 X107.009 Y92.069 E14.33729
G1 X107.870 Y92.069 E14.35778
G1 X107.931 Y92.295 E14.36335
G1 X99.574 Y93.047 F7800.000
G1 F1200.000
G1 X99.574 Y91.153 E14.41661
M106 S239.7
G1 Z7.650 F7800.000
G1 X106.586 Y101.952 F7800.000
G1 F3600.000
G1 X108.529 Y101.953 E14.46902
G1 X108.529 Y108.529 E14.64642
G1 X91.471 Y108.529 E15.10657
G1 X91.471 Y91.471 E15.56673
G1 X95.051 Y91.471 E15.66331
G1 X95.052 Y93.365 E15.71439
G1 X104.099 Y93.365 E15.95843
G1 X104.100 Y91.471 E16.00951
G1 X108.529 Y91.471 E16.12899
G1 X108.529 Y97.329 E16.28703
G1 X106.588 Y97.329 E16.33938
G1 X106.586 Y101.877 E16.46208
G1 X107.222 Y101.317 F7800.000
G1 F3600.000
G1 X109.164 Y101.317 E16.51448
G1 X109.164 Y109.164 E16.72616
G1 X90.836 Y109.164 E17.22061
G1 X90.836 Y90.836 E17.71506
G1 X95.687 Y90.836 E17.84592
G1 X95.688 Y92.729 E17.89701
G1 X99.071 Y92.729 E17.98828
G1 X99.070 Y90.836 E18.03936
G1 X100.073 Y90.836 E18.06642
G1 X100.072 Y92.729 E18.11750
G1 X103.463 Y92.729 E18.20898
G1 X103.464 Y90.836 E18.26006
G1 X109.164 Y90.836 E18.41383
G1 X109.164 Y97.965 E18.60617
G1 X107.223 Y97.965 E18.65853
G1 X107.222 Y101.242 E18.74693
G1 X107.783 Y100.756 F7800.000
G1 F1800.000
G1 X109.725 Y100.757 E18.78696
G1 X109.725 Y109.725 E18.97180
G1 X90.275 Y109.725 E19.37267
G1 X90.275 Y90.275 E19.77354
G1 X96.247 Y90.275 E19.89663
G1 X96.248 Y92.169 E19.93565
G1 X98.510 Y92.169 E19.98228
G1 X98.509 Y90.275 E20.02130
G1 X100.634 Y90.275 E20.06510
G1 X100.633 Y92.169 E20.10413
G1 X102.903 Y92.169 E20.15091
G1 X102.904 Y90.275 E20.18993
G1 X109.725 Y90.275 E20.33052
G1 X109.725 Y98.526 E20.50058
G1 X107.784 Y98.525 E20.54059
G1 X107.783 Y100.681 E20.58502
G1 X107.664 Y101.242 F7800.000
G1 X99.572 Y93.047 F7800.000
G1 F1200.000
G1 X99.572 Y91.153 E20.60933
G1 X99.189 Y94.327 F7800.000
G1 F4800.000
G1 X97.830 Y93.963 E20.64280
G1 X99.553 Y93.963 E20.68378
G1 X99.189 Y94.327 E20.69603
G1 X103.543 Y94.333 F7800.000
G1 F4800.000
G1 X105.106 Y94.752 E20.73454
G1 X105.564 Y94.294 E20.74994
G1 X107.127 Y94.713 E20.78845
G1 X107.295 Y95.338 E20.80385
G1 X107.931 Y95.509 E20.81951
G1 X107.931 Y96.089 E20.83332
G1 X107.150 Y95.880 E20.85255
G1 X106.692 Y96.337 E20.86795
G1 X105.129 Y95.919 E20.90646
G1 X104.961 Y95.293 E20.92186
G1 X103.398 Y94.874 E20.96037
G1 X102.940 Y95.332 E20.97577
G1 X101.377 Y94.913 E21.01428
G1 X101.210 Y94.288 E21.02968
G1 X99.996 Y93.963 E21.05957
G1 X103.444 Y93.963 E21.14161
G1 X103.543 Y94.333 E21.15073
G1 X107.708 Y92.547 F7800.000
G1 F4800.000
G1 X107.875 Y93.172 E21.16613
G1 X107.931 Y93.187 E21.16749
G1 X107.931 Y93.767 E21.18130
G1 X107.730 Y93.714 E21.18624
G1 X107.273 Y94.171 E21.20164
G1 X105.709 Y93.753 E21.24015
G1 X105.542 Y93.127 E21.25555
G1 X104.697 Y92.901 E21.27636
G1 X104.697 Y92.321 E21.29017
G1 X105.687 Y92.586 E21.31454
G1 X106.145 Y92.128 E21.32995
G1 X107.708 Y92.547 E21.36845
G1 X107.931 Y102.551 F7800.000
G1 F4800.000
G1 X107.931 Y103.634 E21.39423
G1 X107.139 Y103.422 E21.41372
G1 X106.972 Y102.797 E21.42913
G1 X106.050 Y102.550 E21.45184
G1 X107.931 Y102.551 E21.49659
G1 X95.561 Y107.865 F7800.000
G1 F4800.000
G1 X95.579 Y107.931 E21.49821
G1 X92.069 Y107.931 E21.58171
G1 X92.069 Y107.510 E21.59173
G1 X93.540 Y107.904 E21.62796
G1 X93.998 Y107.446 E21.64336
G1 X95.561 Y107.865 E21.68187
G1 X92.390 Y104.694 F7800.000
G1 F4800.000
G1 X92.557 Y105.319 E21.69727
G1 X94.121 Y105.738 E21.73578
G1 X94.578 Y105.280 E21.75118
G1 X96.142 Y105.699 E21.78969
G1 X96.309 Y106.324 E21.80509
G1 X97.872 Y106.743 E21.84360
G1 X98.330 Y106.285 E21.85900
G1 X99.893 Y106.704 E21.89751
G1 X100.061 Y107.329 E21.91291
G1 X101.624 Y107.748 E21.95142
G1 X102.082 Y107.290 E21.96682
G1 X103.645 Y107.709 E22.00533
G1 X103.704 Y107.931 E22.01078
G1 X100.139 Y107.931 E22.09561
G1 X99.916 Y107.871 E22.10111
G1 X99.856 Y107.931 E22.10312
G1 X97.973 Y107.931 E22.14793
G1 X97.895 Y107.910 E22.14985
G1 X97.727 Y107.284 E22.16525
G1 X96.164 Y106.866 E22.20376
G1 X95.706 Y107.323 E22.21916
G1 X94.143 Y106.904 E22.25767
G1 X93.976 Y106.279 E22.27307
G1 X92.412 Y105.860 E22.31158
G1 X92.069 Y106.203 E22.32312
G1 X92.069 Y104.608 E22.36108
G1 X92.390 Y104.694 E22.36898
G1 X92.970 Y102.527 F7800.000
G1 F4800.000
G1 X93.138 Y103.153 E22.38438
G1 X94.701 Y103.572 E22.42289
G1 X95.159 Y103.114 E22.43829
G1 X96.722 Y103.533 E22.47680
G1 X96.890 Y104.158 E22.49220
G1 X98.453 Y104.577 E22.53070
G1 X98.911 Y104.119 E22.54611
G1 X100.474 Y104.538 E22.58461
G1 X100.641 Y105.163 E22.60002
G1 X102.204 Y105.582 E22.63852
G1 X102.662 Y105.124 E22.65393
G1 X104.225 Y105.543 E22.69243
G1 X104.393 Y106.169 E22.70783
G1 X105.956 Y106.587 E22.74634
G1 X106.414 Y106.130 E22.76174
G1 X107.931 Y106.536 E22.79910
G1 X107.931 Y107.784 E22.82880
G1 X107.784 Y107.931 E22.83373
G1 X106.637 Y107.931 E22.86102
G1 X105.979 Y107.754 E22.87724
G1 X105.811 Y107.129 E22.89265
G1 X104.248 Y106.710 E22.93115
G1 X103.790 Y107.168 E22.94655
G1 X102.227 Y106.749 E22.98506
G1 X102.059 Y106.124 E23.00046
G1 X100.496 Y105.705 E23.03897
G1 X100.038 Y106.163 E23.05437
G1 X98.475 Y105.744 E23.09288
G1 X98.308 Y105.118 E23.10828
G1 X96.744 Y104.700 E23.14679
G1 X96.287 Y105.157 E23.16219
G1 X94.723 Y104.738 E23.20070
G1 X94.556 Y104.113 E23.21610
G1 X92.993 Y103.694 E23.25461
G1 X92.535 Y104.152 E23.27001
G1 X92.069 Y104.027 E23.28148
G1 X92.069 Y102.286 E23.32291
G1 X92.970 Y102.527 E23.34510
G1 X93.551 Y100.361 F7800.000
G1 F4800.000
G1 X93.718 Y100.987 E23.36050
G1 X95.281 Y101.406 E23.39901
G1 X95.739 Y100.948 E23.41441
G1 X97.302 Y101.367 E23.45292
G1 X97.470 Y101.992 E23.46832
G1 X99.033 Y102.411 E23.50683
G1 X99.491 Y101.953 E23.52223
G1 X101.054 Y102.372 E23.56074
G1 X101.222 Y102.997 E23.57614
G1 X102.785 Y103.416 E23.61465
G1 X103.243 Y102.958 E23.63005
G1 X104.806 Y103.377 E23.66855
G1 X104.973 Y104.002 E23.68396
G1 X106.537 Y104.421 E23.72246
G1 X106.994 Y103.964 E23.73787
G1 X107.931 Y104.214 E23.76093
G1 X107.931 Y105.956 E23.80236
G1 X106.559 Y105.588 E23.83614
G1 X106.392 Y104.963 E23.85155
G1 X104.828 Y104.544 E23.89005
G1 X104.371 Y105.002 E23.90546
G1 X102.807 Y104.583 E23.94396
G1 X102.640 Y103.958 E23.95936
G1 X101.077 Y103.539 E23.99787
G1 X100.619 Y103.996 E24.01327
G1 X99.056 Y103.578 E24.05178
G1 X98.888 Y102.952 E24.06718
G1 X97.325 Y102.533 E24.10569
G1 X96.867 Y102.991 E24.12109
G1 X95.304 Y102.572 E24.15960
G1 X95.136 Y101.947 E24.17500
G1 X93.573 Y101.528 E24.21351
G1 X93.115 Y101.986 E24.22891
G1 X92.069 Y101.706 E24.25468
G1 X92.069 Y99.964 E24.29611
G1 X93.551 Y100.361 E24.33259
G1 X94.131 Y98.195 F7800.000
G1 F4800.000
G1 X94.299 Y98.821 E24.34800
G1 X95.862 Y99.239 E24.38650
G1 X96.320 Y98.782 E24.40191
G1 X97.883 Y99.201 E24.44041
G1 X98.050 Y99.826 E24.45581
G1 X99.614 Y100.245 E24.49432
G1 X100.071 Y99.787 E24.50972
G1 X101.635 Y100.206 E24.54823
G1 X101.802 Y100.831 E24.56363
G1 X103.365 Y101.250 E24.60214
G1 X103.823 Y100.792 E24.61754
G1 X105.386 Y101.211 E24.65605
G1 X105.554 Y101.836 E24.67145
G1 X105.988 Y101.953 E24.68214
G1 X105.988 Y102.533 E24.69595
G1 X105.409 Y102.378 E24.71021
G1 X104.951 Y102.836 E24.72561
G1 X103.388 Y102.417 E24.76412
G1 X103.220 Y101.792 E24.77952
G1 X101.657 Y101.373 E24.81803
G1 X101.199 Y101.830 E24.83343
G1 X99.636 Y101.412 E24.87194
G1 X99.468 Y100.786 E24.88734
G1 X97.905 Y100.367 E24.92585
G1 X97.447 Y100.825 E24.94125
G1 X95.884 Y100.406 E24.97976
G1 X95.717 Y99.781 E24.99516
G1 X94.153 Y99.362 E25.03367
G1 X93.696 Y99.820 E25.04907
G1 X92.133 Y99.401 E25.08758
G1 X92.069 Y99.165 E25.09338
G1 X92.069 Y98.223 E25.11580
G1 X92.110 Y98.234 E25.11680
G1 X92.568 Y97.776 E25.13220
G1 X94.131 Y98.195 E25.17071
G1 X94.711 Y96.029 F7800.000
G1 F4800.000
G1 X94.879 Y96.655 E25.18611
G1 X96.442 Y97.073 E25.22462
G1 X96.900 Y96.616 E25.24002
G1 X98.463 Y97.035 E25.27853
G1 X98.631 Y97.660 E25.29393
G1 X100.194 Y98.079 E25.33243
G1 X100.652 Y97.621 E25.34784
G1 X102.215 Y98.040 E25.38634
G1 X102.382 Y98.665 E25.40175
G1 X103.946 Y99.084 E25.44025
G1 X104.403 Y98.626 E25.45566
G1 X105.967 Y99.045 E25.49416
G1 X105.989 Y99.129 E25.49623
G1 X105.989 Y100.212 E25.52201
G1 X105.531 Y100.670 E25.53739
G1 X103.968 Y100.251 E25.57590
G1 X103.801 Y99.625 E25.59130
G1 X102.237 Y99.207 E25.62981
G1 X101.780 Y99.664 E25.64521
G1 X100.216 Y99.245 E25.68372
G1 X100.049 Y98.620 E25.69912
G1 X98.486 Y98.201 E25.73763
G1 X98.028 Y98.659 E25.75303
G1 X96.465 Y98.240 E25.79154
G1 X96.297 Y97.615 E25.80694
G1 X94.734 Y97.196 E25.84545
G1 X94.276 Y97.654 E25.86085
G1 X92.713 Y97.235 E25.89935
G1 X92.545 Y96.610 E25.91476
G1 X92.069 Y96.482 E25.92648
G1 X92.069 Y95.902 E25.94029
G1 X92.690 Y96.068 E25.95559
G1 X93.148 Y95.610 E25.97100
G1 X94.711 Y96.029 E26.00950
G1 X94.454 Y93.639 F7800.000
G1 F4800.000
G1 X94.454 Y93.963 E26.01721
G1 X95.319 Y93.963 E26.03777
G1 X95.459 Y94.488 E26.05072
G1 X97.023 Y94.907 E26.08923
G1 X97.480 Y94.450 E26.10463
G1 X99.044 Y94.868 E26.14314
G1 X99.211 Y95.494 E26.15854
G1 X100.774 Y95.913 E26.19704
G1 X101.232 Y95.455 E26.21245
G1 X102.795 Y95.874 E26.25095
G1 X102.963 Y96.499 E26.26636
G1 X104.526 Y96.918 E26.30486
G1 X104.984 Y96.460 E26.32027
G1 X105.992 Y96.730 E26.34510
G1 X105.989 Y98.471 E26.38651
G1 X104.549 Y98.085 E26.42200
G1 X104.381 Y97.459 E26.43740
G1 X102.818 Y97.041 E26.47591
G1 X102.360 Y97.498 E26.49131
G1 X100.797 Y97.079 E26.52982
G1 X100.629 Y96.454 E26.54522
G1 X99.066 Y96.035 E26.58373
G1 X98.608 Y96.493 E26.59913
G1 X97.045 Y96.074 E26.63764
G1 X96.878 Y95.449 E26.65304
G1 X95.314 Y95.030 E26.69155
G1 X94.857 Y95.488 E26.70695
G1 X93.293 Y95.069 E26.74546
G1 X93.126 Y94.444 E26.76086
G1 X92.069 Y94.161 E26.78688
G1 X92.069 Y93.580 E26.80069
G1 X93.271 Y93.902 E26.83029
G1 X93.729 Y93.444 E26.84569
G1 X94.454 Y93.639 E26.86357
G1 X94.454 Y93.058 F7800.000
G1 F4800.000
G1 X93.874 Y92.903 E26.87786
G1 X93.706 Y92.278 E26.89327
G1 X92.929 Y92.069 E26.91240
G1 X94.454 Y92.069 E26.94867
G1 X94.454 Y93.058 E26.97220
G1 Z7.650 F7800.000
G1 E24.97220 F2400.00000
G92 E0
G1 X100.725 Y89.175 F7800.000
G1 E2.00000 F2400.00000
G1 F3600.000
G1 X100.725 Y88.500 E2.02114
G1 X98.775 Y88.500 E2.08220
G1 X98.775 Y89.175 E2.10334
G1 X100.725 Y89.175 E2.16440
G1 E0.16440 F2400.00000
G92 E0
G1 X110.725 Y99.630 F7800.000
G1 E2.00000 F2400.00000
G1 F3600.000
G1 X108.889 Y99.629 E2.05750
G1 X108.889 Y99.653 E2.05826
G1 X110.725 Y99.654 E2.11576
G1 X110.725 Y99.630 E2.11652
M106 S242.25
G1 Z7.950 F7800.000
G1 E0.11652 F2400.00000
G92 E0
G1 X106.586 Y101.949 F7800.000
G1 E2.00000 F2400.00000
G1 F3600.000
G1 X108.529 Y101.949 E2.05240
G1 X108.529 Y108.529 E2.22988
G1 X91.471 Y108.529 E2.69004
G1 X91.471 Y91.471 E3.15019
G1 X95.218 Y91.471 E3.25126
G1 X95.219 Y93.365 E3.30235
G1 X103.909 Y93.365 E3.53678
G1 X103.910 Y91.471 E3.58787
G1 X108.529 Y91.471 E3.71247
G1 X108.529 Y97.326 E3.87042
G1 X106.588 Y97.325 E3.92276
G1 X106.586 Y101.874 E4.04545
G1 X107.222 Y101.313 F7800.000
G1 F3600.000
G1 X109.164 Y101.314 E4.09784
G1 X109.164 Y109.164 E4.30962
G1 X90.836 Y109.164 E4.80406
G1 X90.836 Y90.836 E5.29851
G1 X95.853 Y90.836 E5.43387
G1 X95.854 Y92.729 E5.48496
G1 X99.249 Y92.729 E5.57653
G1 X99.248 Y90.836 E5.62762
G1 X99.890 Y90.836 E5.64496
G1 X99.889 Y92.729 E5.69605
G1 X103.274 Y92.729 E5.78734
G1 X103.275 Y90.836 E5.83843
G1 X109.164 Y90.836 E5.99731
G1 X109.164 Y97.962 E6.18956
G1 X107.224 Y97.961 E6.24191
G1 X107.222 Y101.238 E6.33031
G1 X107.783 Y100.753 F7800.000
G1 F1800.000
G1 X109.725 Y100.754 E6.37033
G1 X109.725 Y109.725 E6.55523
G1 X90.275 Y109.725 E6.95610
G1 X90.275 Y90.275 E7.35697
G1 X96.414 Y90.275 E7.48349
G1 X96.415 Y92.169 E7.52253
G1 X98.688 Y92.169 E7.56938
G1 X98.687 Y90.275 E7.60841
G1 X100.451 Y90.275 E7.64478
G1 X100.450 Y92.169 E7.68381
G1 X102.713 Y92.169 E7.73045
G1 X102.714 Y90.275 E7.76948
G1 X109.725 Y90.275 E7.91398
G1 X109.725 Y98.523 E8.08397
G1 X107.784 Y98.522 E8.12397
G1 X107.783 Y100.678 E8.16840
G1 X107.665 Y101.239 F7800.000
G1 X107.931 Y102.547 F7800.000
G1 F4800.000
G1 X107.931 Y103.924 E8.20116
G1 X107.536 Y103.819 E8.21089
G1 X106.392 Y104.963 E8.24939
G1 X106.559 Y105.588 E8.26480
G1 X105.415 Y106.733 E8.30330
G1 X104.789 Y106.565 E8.31871
G1 X103.645 Y107.709 E8.35721
G1 X103.704 Y107.931 E8.36266
G1 X101.838 Y107.931 E8.40707
G1 X102.623 Y107.145 E8.43349
G1 X103.249 Y107.313 E8.44890
G1 X104.393 Y106.169 E8.48740
G1 X104.225 Y105.543 E8.50280
G1 X105.370 Y104.399 E8.54131
G1 X105.995 Y104.566 E8.55671
G1 X107.139 Y103.422 E8.59522
G1 X106.972 Y102.797 E8.61062
G1 X107.222 Y102.547 E8.61903
G1 X107.931 Y102.547 E8.63590
G1 X105.988 Y102.243 F7800.000
G1 F4800.000
G1 X105.950 Y102.233 E8.63683
G1 X104.806 Y103.377 E8.67534
G1 X104.973 Y104.003 E8.69074
G1 X103.829 Y105.147 E8.72925
G1 X103.204 Y104.979 E8.74465
G1 X102.059 Y106.124 E8.78316
G1 X102.227 Y106.749 E8.79856
G1 X101.083 Y107.893 E8.83707
G1 X100.457 Y107.726 E8.85247
G1 X100.252 Y107.931 E8.85936
G1 X99.460 Y107.931 E8.87823
G1 X100.061 Y107.329 E8.89846
G1 X99.893 Y106.704 E8.91386
G1 X101.038 Y105.560 E8.95237
G1 X101.663 Y105.727 E8.96777
G1 X102.807 Y104.583 E9.00628
G1 X102.640 Y103.958 E9.02168
G1 X103.784 Y102.813 E9.06019
G1 X104.409 Y102.981 E9.07559
G1 X105.554 Y101.836 E9.11410
G1 X105.386 Y101.211 E9.12950
G1 X105.989 Y100.608 E9.14978
G1 X105.988 Y102.243 E9.18867
G1 X105.990 Y99.022 F7800.000
G1 F4800.000
G1 X105.967 Y99.045 E9.18944
G1 X105.990 Y99.131 E9.19155
G1 X105.989 Y99.815 E9.20784
G1 X104.990 Y100.815 E9.24147
G1 X104.365 Y100.647 E9.25687
G1 X103.220 Y101.792 E9.29538
G1 X103.388 Y102.417 E9.31078
G1 X102.243 Y103.561 E9.34929
G1 X101.618 Y103.394 E9.36469
G1 X100.474 Y104.538 E9.40320
G1 X100.641 Y105.163 E9.41860
G1 X99.497 Y106.308 E9.45711
G1 X98.872 Y106.140 E9.47251
G1 X97.727 Y107.284 E9.51102
G1 X97.895 Y107.910 E9.52642
G1 X97.874 Y107.931 E9.52712
G1 X95.579 Y107.931 E9.58173
G1 X95.561 Y107.865 E9.58335
G1 X96.706 Y106.721 E9.62186
G1 X97.331 Y106.888 E9.63726
G1 X98.475 Y105.744 E9.67577
G1 X98.308 Y105.118 E9.69117
G1 X99.452 Y103.974 E9.72968
G1 X100.077 Y104.142 E9.74508
G1 X101.222 Y102.997 E9.78358
G1 X101.054 Y102.372 E9.79899
G1 X102.198 Y101.228 E9.83749
G1 X102.824 Y101.395 E9.85290
G1 X103.968 Y100.251 E9.89140
G1 X103.801 Y99.625 E9.90681
G1 X104.945 Y98.481 E9.94531
G1 X105.570 Y98.649 E9.96071
G1 X105.990 Y98.229 E9.97484
G1 X105.990 Y99.022 E9.99371
G1 X107.931 Y95.799 F7800.000
G1 F4800.000
G1 X107.931 Y96.728 E10.01582
G1 X106.699 Y96.727 E10.04513
G1 X107.691 Y95.735 E10.07853
G1 X107.931 Y95.799 E10.08442
G1 X107.931 Y93.910 F7800.000
G1 F4800.000
G1 X107.127 Y94.713 E10.11145
G1 X107.295 Y95.338 E10.12685
G1 X106.151 Y96.483 E10.16536
G1 X105.525 Y96.315 E10.18076
G1 X104.381 Y97.459 E10.21927
G1 X104.549 Y98.085 E10.23467
G1 X103.404 Y99.229 E10.27318
G1 X102.779 Y99.062 E10.28858
G1 X101.635 Y100.206 E10.32709
G1 X101.802 Y100.831 E10.34249
G1 X100.658 Y101.976 E10.38100
G1 X100.032 Y101.808 E10.39640
G1 X98.888 Y102.952 E10.43490
G1 X99.056 Y103.578 E10.45031
G1 X97.911 Y104.722 E10.48881
G1 X97.286 Y104.554 E10.50422
G1 X96.142 Y105.699 E10.54272
G1 X96.309 Y106.324 E10.55813
G1 X95.165 Y107.468 E10.59663
G1 X94.539 Y107.301 E10.61203
G1 X93.910 Y107.931 E10.63323
G1 X93.117 Y107.931 E10.65209
G1 X94.143 Y106.904 E10.68662
G1 X93.976 Y106.279 E10.70202
G1 X95.120 Y105.135 E10.74053
G1 X95.745 Y105.302 E10.75593
G1 X96.890 Y104.158 E10.79444
G1 X96.722 Y103.533 E10.80984
G1 X97.866 Y102.388 E10.84835
G1 X98.492 Y102.556 E10.86375
G1 X99.636 Y101.412 E10.90226
G1 X99.468 Y100.786 E10.91766
G1 X100.613 Y99.642 E10.95616
G1 X101.238 Y99.809 E10.97157
G1 X102.382 Y98.665 E11.01007
G1 X102.215 Y98.040 E11.02548
G1 X103.359 Y96.895 E11.06398
G1 X103.985 Y97.063 E11.07939
G1 X105.129 Y95.919 E11.11789
G1 X104.961 Y95.293 E11.13329
G1 X106.106 Y94.149 E11.17180
G1 X106.731 Y94.317 E11.18720
G1 X107.875 Y93.172 E11.22571
G1 X107.708 Y92.547 E11.24111
G1 X107.931 Y92.324 E11.24861
G1 X107.931 Y93.910 E11.28634
G1 X107.311 Y92.150 F7800.000
G1 F4800.000
G1 X107.009 Y92.069 E11.29380
G1 X107.393 Y92.069 E11.30293
G1 X107.311 Y92.150 E11.30566
G1 X105.542 Y93.127 F7800.000
G1 F4800.000
G1 X105.709 Y93.753 E11.32106
G1 X104.565 Y94.897 E11.35957
G1 X103.940 Y94.729 E11.37497
G1 X102.795 Y95.874 E11.41348
G1 X102.963 Y96.499 E11.42888
G1 X101.818 Y97.643 E11.46739
G1 X101.193 Y97.476 E11.48279
G1 X100.049 Y98.620 E11.52130
G1 X100.216 Y99.245 E11.53670
G1 X99.072 Y100.390 E11.57521
G1 X98.447 Y100.222 E11.59061
G1 X97.302 Y101.367 E11.62911
G1 X97.470 Y101.992 E11.64452
G1 X96.326 Y103.136 E11.68302
G1 X95.700 Y102.969 E11.69843
G1 X94.556 Y104.113 E11.73693
G1 X94.723 Y104.738 E11.75234
G1 X93.579 Y105.883 E11.79084
G1 X92.954 Y105.715 E11.80624
G1 X92.069 Y106.600 E11.83601
G1 X92.069 Y105.807 E11.85487
G1 X92.557 Y105.319 E11.87129
G1 X92.390 Y104.694 E11.88670
G1 X93.534 Y103.549 E11.92520
G1 X94.160 Y103.717 E11.94061
G1 X95.304 Y102.572 E11.97911
G1 X95.136 Y101.947 E11.99451
G1 X96.281 Y100.803 E12.03302
G1 X96.906 Y100.970 E12.04842
G1 X98.050 Y99.826 E12.08693
G1 X97.883 Y99.201 E12.10233
G1 X99.027 Y98.056 E12.14084
G1 X99.652 Y98.224 E12.15624
G1 X100.797 Y97.079 E12.19475
G1 X100.629 Y96.454 E12.21015
G1 X101.774 Y95.310 E12.24866
G1 X102.399 Y95.477 E12.26406
G1 X103.543 Y94.333 E12.30257
G1 X103.444 Y93.963 E12.31168
G1 X104.507 Y93.963 E12.33696
G1 X104.507 Y92.576 E12.36996
G1 X104.520 Y92.563 E12.37039
G1 X105.145 Y92.731 E12.38579
G1 X105.807 Y92.069 E12.40805
G1 X106.600 Y92.069 E12.42691
G1 X105.542 Y93.127 E12.46251
G1 X101.210 Y94.288 F7800.000
G1 F4800.000
G1 X101.377 Y94.913 E12.47792
G1 X100.233 Y96.058 E12.51642
G1 X99.608 Y95.890 E12.53183
G1 X98.463 Y97.035 E12.57033
G1 X98.631 Y97.660 E12.58573
G1 X97.486 Y98.804 E12.62424
G1 X96.861 Y98.637 E12.63964
G1 X95.717 Y99.781 E12.67815
G1 X95.884 Y100.406 E12.69355
G1 X94.740 Y101.551 E12.73206
G1 X94.115 Y101.383 E12.74746
G1 X92.970 Y102.527 E12.78597
G1 X93.138 Y103.153 E12.80137
G1 X92.069 Y104.221 E12.83732
G1 X92.069 Y101.996 E12.89027
G1 X92.574 Y102.131 E12.90270
G1 X93.718 Y100.987 E12.94121
G1 X93.551 Y100.361 E12.95661
G1 X94.695 Y99.217 E12.99511
G1 X95.320 Y99.385 E13.01052
G1 X96.465 Y98.240 E13.04902
G1 X96.297 Y97.615 E13.06443
G1 X97.441 Y96.471 E13.10293
G1 X98.067 Y96.638 E13.11834
G1 X99.211 Y95.494 E13.15684
G1 X99.044 Y94.868 E13.17224
G1 X99.949 Y93.963 E13.20271
G1 X101.535 Y93.963 E13.24044
G1 X101.210 Y94.288 E13.25137
G1 X98.647 Y94.472 F7800.000
G1 F4800.000
G1 X98.022 Y94.305 E13.26677
G1 X96.878 Y95.449 E13.30528
G1 X97.045 Y96.074 E13.32068
G1 X95.901 Y97.219 E13.35919
G1 X95.275 Y97.051 E13.37459
G1 X94.131 Y98.195 E13.41310
G1 X94.299 Y98.821 E13.42850
G1 X93.154 Y99.965 E13.46700
G1 X92.529 Y99.797 E13.48241
G1 X92.069 Y100.257 E13.49787
G1 X92.069 Y99.464 E13.51674
G1 X92.133 Y99.401 E13.51886
G1 X92.069 Y99.165 E13.52467
G1 X92.069 Y98.671 E13.53642
G1 X93.109 Y97.631 E13.57142
G1 X93.735 Y97.799 E13.58682
G1 X94.879 Y96.655 E13.62532
G1 X94.711 Y96.029 E13.64073
G1 X95.856 Y94.885 E13.67923
G1 X96.481 Y95.052 E13.69464
G1 X97.570 Y93.963 E13.73129
G1 X99.156 Y93.963 E13.76902
G1 X98.647 Y94.472 E13.78614
G1 X94.621 Y93.393 F7800.000
G1 F4800.000
G1 X94.621 Y93.963 E13.79970
G1 X95.319 Y93.963 E13.81630
G1 X95.459 Y94.488 E13.82924
G1 X94.315 Y95.633 E13.86775
G1 X93.690 Y95.465 E13.88315
G1 X92.545 Y96.610 E13.92166
G1 X92.713 Y97.235 E13.93706
G1 X92.069 Y97.879 E13.95872
G1 X92.069 Y96.192 E13.99885
G1 X92.149 Y96.213 E14.00081
G1 X93.293 Y95.069 E14.03931
G1 X93.126 Y94.444 E14.05472
G1 X94.270 Y93.299 E14.09322
G1 X94.621 Y93.393 E14.10186
G1 X93.706 Y92.278 F7800.000
G1 F4800.000
G1 X93.874 Y92.903 E14.11726
G1 X92.729 Y94.047 E14.15577
G1 X92.104 Y93.880 E14.17117
G1 X92.069 Y93.914 E14.17234
G1 X92.069 Y92.329 E14.21007
G1 X92.329 Y92.069 E14.21879
G1 X93.914 Y92.069 E14.25652
G1 X93.706 Y92.278 E14.26353
G1 X92.558 Y107.931 F7800.000
G1 F4800.000
G1 X92.324 Y107.931 E14.26909
G1 X92.373 Y107.881 E14.27075
G1 X92.558 Y107.931 E14.27528
G1 X107.931 Y107.388 F7800.000
G1 F4800.000
G1 X107.388 Y107.931 E14.29355
G1 X105.802 Y107.931 E14.33128
G1 X105.979 Y107.754 E14.33721
G1 X105.811 Y107.129 E14.35261
G1 X106.955 Y105.985 E14.39112
G1 X107.581 Y106.152 E14.40652
G1 X107.931 Y105.802 E14.41830
G1 X107.931 Y107.388 E14.45602
G1 Z7.950 F7800.000
G1 E12.45602 F2400.00000
G92 E0
G1 X110.725 Y99.623 F7800.000
G1 E2.00000 F2400.00000
G1 F3600.000
G1 X108.889 Y99.623 E2.03784
G1 X108.889 Y99.650 E2.03841
G1 X110.725 Y99.651 E2.07626
G1 X110.725 Y99.623 E2.07683
G1 E0.07683 F2400.00000
G92 E0
G1 X100.725 Y89.175 F7800.000
G1 E2.00000 F2400.00000
G1 F3600.000
G1 X100.725 Y88.500 E2.01391
G1 X98.775 Y88.500 E2.05410
G1 X98.775 Y89.175 E2.06801
G1 X100.725 Y89.175 E2.10820
G1 Z8.250 F7800.000
G1 E0.10820 F2400.00000
G92 E0
G1 X106.587 Y101.945 F7800.000
G1 E2.00000 F2400.00000
G1 F3600.000
G1 X108.529 Y101.946 E2.05238
G1 X108.529 Y108.529 E2.22996
G1 X91.471 Y108.529 E2.69011
G1 X91.471 Y91.471 E3.15026
G1 X95.385 Y91.471 E3.25583
G1 X95.385 Y93.365 E3.30693
G1 X103.719 Y93.365 E3.53174
G1 X103.720 Y91.471 E3.58284
G1 X108.529 Y91.471 E3.71256
G1 X108.529 Y97.323 E3.87042
G1 X106.589 Y97.322 E3.92275
G1 X106.587 Y101.870 E4.04544
G1 X107.223 Y101.310 F7800.000
G1 F3600.000
G1 X109.164 Y101.311 E4.09782
G1 X109.164 Y109.164 E4.30968
G1 X90.836 Y109.164 E4.80413
G1 X90.836 Y90.836 E5.29857
G1 X96.020 Y90.836 E5.43843
G1 X96.021 Y92.730 E5.48952
G1 X103.084 Y92.730 E5.68006
G1 X103.085 Y90.836 E5.73116
G1 X109.164 Y90.836 E5.89516
G1 X109.164 Y97.959 E6.08732
G1 X107.224 Y97.958 E6.13966
G1 X107.223 Y101.235 E6.22806
G1 X107.784 Y100.750 F7800.000
G1 F1800.000
G1 X109.725 Y100.750 E6.26807
G1 X109.725 Y109.725 E6.45304
G1 X90.275 Y109.725 E6.85391
G1 X90.275 Y90.275 E7.25478
G1 X96.580 Y90.275 E7.38473
G1 X96.581 Y92.169 E7.42377
G1 X98.866 Y92.169 E7.47086
G1 X98.865 Y90.275 E7.50989
G1 X100.269 Y90.275 E7.53883
G1 X100.268 Y92.169 E7.57787
G1 X102.524 Y92.169 E7.62436
G1 X102.525 Y90.275 E7.66340
G1 X109.725 Y90.275 E7.81180
G1 X109.725 Y98.520 E7.98173
G1 X107.785 Y98.519 E8.02172
G1 X107.784 Y100.675 E8.06615
G1 X107.665 Y101.235 F7800.000
G1 X107.931 Y102.544 F7800.000
G1 F4800.000
G1 X107.931 Y103.924 E8.09899
G1 X107.536 Y103.819 E8.10871
G1 X107.194 Y102.544 E8.14012
G1 X107.931 Y102.544 E8.15764
G1 X103.734 Y93.963 F7800.000
G1 F4800.000
G1 X103.940 Y94.729 E8.17650
G1 X104.565 Y94.897 E8.19191
G1 X104.984 Y96.460 E8.23041
G1 X104.526 Y96.918 E8.24582
G1 X104.945 Y98.481 E8.28432
G1 X105.570 Y98.649 E8.29972
G1 X105.989 Y100.212 E8.33823
G1 X105.531 Y100.670 E8.35363
G1 X105.950 Y102.233 E8.39214
G1 X105.989 Y102.243 E8.39309
G1 X105.989 Y102.543 E8.40023
G1 X106.614 Y102.543 E8.41511
G1 X106.994 Y103.964 E8.45009
G1 X106.537 Y104.421 E8.46549
G1 X106.955 Y105.985 E8.50400
G1 X107.581 Y106.152 E8.51940
G1 X107.931 Y107.458 E8.55156
G1 X107.931 Y107.784 E8.55933
G1 X107.784 Y107.931 E8.56425
G1 X106.316 Y107.931 E8.59919
G1 X105.956 Y106.587 E8.63227
G1 X106.414 Y106.130 E8.64768
G1 X105.995 Y104.566 E8.68618
G1 X105.370 Y104.399 E8.70159
G1 X104.951 Y102.836 E8.74009
G1 X105.409 Y102.378 E8.75550
G1 X104.990 Y100.815 E8.79400
G1 X104.365 Y100.647 E8.80940
G1 X103.946 Y99.084 E8.84791
G1 X104.403 Y98.626 E8.86331
G1 X103.985 Y97.063 E8.90182
G1 X103.359 Y96.895 E8.91722
G1 X102.940 Y95.332 E8.95573
G1 X103.398 Y94.874 E8.97113
G1 X103.154 Y93.963 E8.99357
G1 X103.734 Y93.963 E9.00738
G1 X101.413 Y93.963 F7800.000
G1 F4800.000
G1 X101.774 Y95.310 E9.04055
G1 X102.399 Y95.477 E9.05595
G1 X102.818 Y97.041 E9.09446
G1 X102.360 Y97.498 E9.10986
G1 X102.779 Y99.062 E9.14837
G1 X103.404 Y99.229 E9.16377
G1 X103.823 Y100.792 E9.20228
G1 X103.365 Y101.250 E9.21768
G1 X103.784 Y102.813 E9.25618
G1 X104.409 Y102.981 E9.27159
G1 X104.828 Y104.544 E9.31009
G1 X104.371 Y105.002 E9.32550
G1 X104.789 Y106.565 E9.36400
G1 X105.415 Y106.733 E9.37941
G1 X105.736 Y107.931 E9.40892
G1 X103.995 Y107.931 E9.45035
G1 X103.790 Y107.168 E9.46914
G1 X104.248 Y106.710 E9.48454
G1 X103.829 Y105.147 E9.52305
G1 X103.204 Y104.979 E9.53845
G1 X102.785 Y103.416 E9.57696
G1 X103.243 Y102.958 E9.59236
G1 X102.824 Y101.395 E9.63087
G1 X102.198 Y101.228 E9.64627
G1 X101.780 Y99.664 E9.68477
G1 X102.237 Y99.207 E9.70018
G1 X101.818 Y97.643 E9.73868
G1 X101.193 Y97.476 E9.75409
G1 X100.774 Y95.913 E9.79259
G1 X101.232 Y95.455 E9.80800
G1 X100.832 Y93.963 E9.84473
G1 X101.413 Y93.963 E9.85854
G1 X99.552 Y93.963 F7800.000
G1 F4800.000
G1 X99.189 Y94.327 E9.87078
G1 X99.608 Y95.890 E9.90928
G1 X100.233 Y96.058 E9.92469
G1 X100.652 Y97.621 E9.96319
G1 X100.194 Y98.079 E9.97859
G1 X100.613 Y99.642 E10.01710
G1 X101.238 Y99.809 E10.03250
G1 X101.657 Y101.373 E10.07101
G1 X101.199 Y101.830 E10.08641
G1 X101.618 Y103.394 E10.12492
G1 X102.243 Y103.561 E10.14032
G1 X102.662 Y105.124 E10.17883
G1 X102.204 Y105.582 E10.19423
G1 X102.623 Y107.145 E10.23274
G1 X103.249 Y107.313 E10.24814
G1 X103.414 Y107.931 E10.26336
G1 X101.673 Y107.931 E10.30479
G1 X101.624 Y107.748 E10.30928
G1 X102.082 Y107.290 E10.32468
G1 X101.663 Y105.727 E10.36319
G1 X101.038 Y105.560 E10.37859
G1 X100.619 Y103.996 E10.41710
G1 X101.077 Y103.539 E10.43250
G1 X100.658 Y101.976 E10.47101
G1 X100.032 Y101.808 E10.48641
G1 X99.614 Y100.245 E10.52492
G1 X100.071 Y99.787 E10.54032
G1 X99.652 Y98.224 E10.57882
G1 X99.027 Y98.056 E10.59423
G1 X98.608 Y96.493 E10.63273
G1 X99.066 Y96.035 E10.64814
G1 X98.647 Y94.472 E10.68664
G1 X98.022 Y94.305 E10.70205
G1 X97.930 Y93.963 E10.71045
G1 X99.552 Y93.963 E10.74903
G1 X97.350 Y93.963 F7800.000
G1 F4800.000
G1 X97.480 Y94.450 E10.76101
G1 X97.023 Y94.907 E10.77641
G1 X97.441 Y96.471 E10.81492
G1 X98.067 Y96.638 E10.83032
G1 X98.486 Y98.201 E10.86883
G1 X98.028 Y98.659 E10.88423
G1 X98.447 Y100.222 E10.92274
G1 X99.072 Y100.390 E10.93814
G1 X99.491 Y101.953 E10.97665
G1 X99.033 Y102.411 E10.99205
G1 X99.452 Y103.974 E11.03056
G1 X100.077 Y104.142 E11.04596
G1 X100.496 Y105.705 E11.08446
G1 X100.038 Y106.163 E11.09987
G1 X100.457 Y107.726 E11.13837
G1 X101.083 Y107.893 E11.15378
G1 X101.093 Y107.931 E11.15470
G1 X99.856 Y107.931 E11.18412
G1 X99.916 Y107.871 E11.18613
G1 X99.497 Y106.308 E11.22464
G1 X98.872 Y106.140 E11.24004
G1 X98.453 Y104.577 E11.27855
G1 X98.911 Y104.119 E11.29395
G1 X98.492 Y102.556 E11.33246
G1 X97.866 Y102.388 E11.34786
G1 X97.447 Y100.825 E11.38636
G1 X97.905 Y100.367 E11.40177
G1 X97.486 Y98.804 E11.44027
G1 X96.861 Y98.637 E11.45568
G1 X96.442 Y97.073 E11.49418
G1 X96.900 Y96.616 E11.50959
G1 X96.481 Y95.052 E11.54809
G1 X95.856 Y94.885 E11.56349
G1 X95.609 Y93.963 E11.58619
G1 X97.350 Y93.963 E11.62762
G1 X94.270 Y93.299 F7800.000
G1 F4800.000
G1 X94.787 Y93.438 E11.64036
G1 X94.788 Y93.963 E11.65287
G1 X95.028 Y93.963 E11.65860
G1 X95.314 Y95.030 E11.68487
G1 X94.857 Y95.488 E11.70028
G1 X95.275 Y97.051 E11.73878
G1 X95.901 Y97.219 E11.75419
G1 X96.320 Y98.782 E11.79269
G1 X95.862 Y99.239 E11.80809
G1 X96.281 Y100.803 E11.84660
G1 X96.906 Y100.970 E11.86200
G1 X97.325 Y102.533 E11.90051
G1 X96.867 Y102.991 E11.91591
G1 X97.286 Y104.554 E11.95442
G1 X97.911 Y104.722 E11.96982
G1 X98.330 Y106.285 E12.00833
G1 X97.872 Y106.743 E12.02373
G1 X98.191 Y107.931 E12.05299
G1 X97.610 Y107.931 E12.06680
G1 X97.331 Y106.888 E12.09248
G1 X96.706 Y106.720 E12.10788
G1 X96.287 Y105.157 E12.14639
G1 X96.744 Y104.700 E12.16179
G1 X96.326 Y103.136 E12.20030
G1 X95.700 Y102.969 E12.21570
G1 X95.281 Y101.406 E12.25421
G1 X95.739 Y100.948 E12.26961
G1 X95.320 Y99.385 E12.30812
G1 X94.695 Y99.217 E12.32352
G1 X94.276 Y97.654 E12.36202
G1 X94.734 Y97.196 E12.37743
G1 X94.315 Y95.633 E12.41593
G1 X93.690 Y95.465 E12.43134
G1 X93.271 Y93.902 E12.46984
G1 X93.729 Y93.444 E12.48525
G1 X93.360 Y92.069 E12.51912
G1 X93.941 Y92.069 E12.53292
G1 X94.270 Y93.299 E12.56322
G1 X92.104 Y93.880 F7800.000
G1 F4800.000
G1 X92.729 Y94.047 E12.57862
G1 X93.148 Y95.610 E12.61713
G1 X92.690 Y96.068 E12.63253
G1 X93.109 Y97.631 E12.67104
G1 X93.735 Y97.799 E12.68644
G1 X94.153 Y99.362 E12.72495
G1 X93.696 Y99.820 E12.74035
G1 X94.115 Y101.383 E12.77886
G1 X94.740 Y101.551 E12.79426
G1 X95.159 Y103.114 E12.83277
G1 X94.701 Y103.572 E12.84817
G1 X95.120 Y105.135 E12.88667
G1 X95.745 Y105.302 E12.90208
G1 X96.164 Y106.866 E12.94058
G1 X95.706 Y107.323 E12.95599
G1 X95.869 Y107.931 E12.97095
G1 X95.289 Y107.931 E12.98476
G1 X95.165 Y107.468 E12.99614
G1 X94.539 Y107.301 E13.01154
G1 X94.121 Y105.738 E13.05005
G1 X94.578 Y105.280 E13.06545
G1 X94.160 Y103.717 E13.10396
G1 X93.534 Y103.549 E13.11936
G1 X93.115 Y101.986 E13.15787
G1 X93.573 Y101.528 E13.17327
G1 X93.154 Y99.965 E13.21178
G1 X92.529 Y99.797 E13.22718
G1 X92.110 Y98.234 E13.26569
G1 X92.568 Y97.776 E13.28109
G1 X92.149 Y96.213 E13.31960
G1 X92.069 Y96.192 E13.32156
G1 X92.069 Y93.750 E13.37966
G1 X92.104 Y93.880 E13.38285
G1 X92.574 Y102.131 F7800.000
G1 F4800.000
G1 X92.993 Y103.694 E13.42136
G1 X92.535 Y104.152 E13.43676
G1 X92.954 Y105.715 E13.47527
G1 X93.579 Y105.883 E13.49067
G1 X93.998 Y107.446 E13.52917
G1 X93.540 Y107.904 E13.54458
G1 X93.547 Y107.931 E13.54524
G1 X92.558 Y107.931 E13.56879
G1 X92.373 Y107.881 E13.57333
G1 X92.069 Y106.746 E13.60128
G1 X92.069 Y106.203 E13.61421
G1 X92.412 Y105.860 E13.62575
G1 X92.069 Y104.580 E13.65728
G1 X92.069 Y101.996 E13.71877
G1 X92.574 Y102.131 E13.73120
G1 X106.145 Y92.128 F7800.000
G1 F4800.000
G1 X105.687 Y92.586 E13.74660
G1 X106.106 Y94.149 E13.78511
G1 X106.731 Y94.317 E13.80051
G1 X107.150 Y95.880 E13.83902
G1 X106.692 Y96.337 E13.85442
G1 X106.796 Y96.724 E13.86394
G1 X106.215 Y96.724 E13.87775
G1 X106.151 Y96.483 E13.88369
G1 X105.525 Y96.315 E13.89910
G1 X105.106 Y94.752 E13.93760
G1 X105.564 Y94.294 E13.95301
G1 X105.145 Y92.731 E13.99151
G1 X104.520 Y92.563 E14.00692
G1 X104.388 Y92.069 E14.01908
G1 X106.129 Y92.069 E14.06051
G1 X106.145 Y92.128 E14.06196
G1 X107.931 Y92.295 F7800.000
G1 F4800.000
G1 X107.931 Y95.799 E14.14531
G1 X107.691 Y95.735 E14.15121
G1 X107.273 Y94.171 E14.18971
G1 X107.730 Y93.714 E14.20512
G1 X107.311 Y92.150 E14.24362
G1 X107.009 Y92.069 E14.25108
G1 X107.870 Y92.069 E14.27158
G1 X107.931 Y92.295 E14.27714
G1 X99.567 Y92.449 F7800.000
G1 F1200.000
G1 X99.567 Y90.555 E14.33970
G1 Z8.250 F7800.000
G1 X100.725 Y89.175 F7800.000
G1 F3600.000
G1 X100.725 Y88.500 E14.35361
G1 X98.775 Y88.500 E14.39380
G1 X98.775 Y89.175 E14.40771
G1 X100.725 Y89.175 E14.44790
G1 E12.44790 F2400.00000
G92 E0
G1 X110.725 Y99.620 F7800.000
G1 E2.00000 F2400.00000
G1 F3600.000
G1 X108.889 Y99.619 E2.03784
G1 X108.889 Y99.647 E2.03841
G1 X110.725 Y99.648 E2.07626
G1 X110.725 Y99.620 E2.07683
G1 Z8.350 F7800.000
G1 X110.725 Y99.617 F7800.000
G1 F3600.000
G1 X108.889 Y99.616 E2.09056
G1 X108.889 Y99.647 E2.09079
G1 X110.725 Y99.648 E2.10452
G1 X110.725 Y99.617 E2.10475
G1 E0.10475 F2400.00000
G92 E0
G1 X100.725 Y89.175 F7800.000
G1 E2.00000 F2400.00000
G1 F3600.000
G1 X100.725 Y88.500 E2.00505
G1 X98.775 Y88.500 E2.01963
G1 X98.775 Y89.175 E2.02467
G1 X100.725 Y89.175 E2.03926
G1 Z8.550 F7800.000
G1 E0.03926 F2400.00000
G92 E0
G1 X106.587 Y101.942 F7800.000
G1 E2.00000 F2400.00000
G1 F3600.000
G1 X108.529 Y101.943 E2.05237
G1 X108.529 Y108.529 E2.23003
G1 X91.471 Y108.529 E2.69019
G1 X91.471 Y91.471 E3.15034
G1 X95.551 Y91.471 E3.26040
G1 X95.552 Y93.366 E3.31150
G1 X103.530 Y93.366 E3.52671
G1 X103.531 Y91.471 E3.57781
G1 X108.529 Y91.471 E3.71265
G1 X108.529 Y97.320 E3.87042
G1 X106.589 Y97.319 E3.92273
G1 X106.587 Y101.867 E4.04543
G1 X107.223 Y101.307 F7800.000
G1 F3600.000
G1 X109.164 Y101.308 E4.09780
G1 X109.164 Y109.164 E4.30974
G1 X90.836 Y109.164 E4.80419
G1 X90.836 Y90.836 E5.29864
G1 X96.186 Y90.836 E5.44298
G1 X96.187 Y92.730 E5.49408
G1 X102.894 Y92.730 E5.67502
G1 X102.895 Y90.836 E5.72612
G1 X109.164 Y90.836 E5.89524
G1 X109.164 Y97.956 E6.08731
G1 X107.225 Y97.955 E6.13963
G1 X107.223 Y101.232 E6.22804
G1 X107.784 Y100.746 F7800.000
G1 F1800.000
G1 X109.725 Y100.747 E6.26804
G1 X109.725 Y109.725 E6.45307
G1 X90.275 Y109.725 E6.85394
G1 X90.275 Y90.275 E7.25481
G1 X96.747 Y90.275 E7.38820
G1 X96.748 Y92.169 E7.42724
G1 X99.043 Y92.169 E7.47456
G1 X99.042 Y90.275 E7.51360
G1 X100.086 Y90.275 E7.53511
G1 X100.085 Y92.169 E7.57415
G1 X102.334 Y92.169 E7.62050
G1 X102.335 Y90.275 E7.65954
G1 X109.725 Y90.275 E7.81186
G1 X109.725 Y98.516 E7.98172
G1 X107.785 Y98.516 E8.02170
G1 X107.784 Y100.671 E8.06613
G1 X107.666 Y101.232 F7800.000
G1 X99.564 Y92.450 F7800.000
G1 F1200.000
G1 X99.564 Y90.555 E8.09972
G1 X99.189 Y94.327 F7800.000
G1 F4800.000
G1 X97.833 Y93.964 E8.13312
G1 X99.552 Y93.964 E8.17402
G1 X99.189 Y94.327 E8.18624
G1 X94.954 Y93.773 F7800.000
G1 F4800.000
G1 X94.954 Y93.964 E8.19079
G1 X95.319 Y93.964 E8.19947
G1 X95.459 Y94.488 E8.21239
G1 X97.023 Y94.907 E8.25090
G1 X97.480 Y94.450 E8.26630
G1 X99.044 Y94.868 E8.30481
G1 X99.211 Y95.494 E8.32021
G1 X100.774 Y95.913 E8.35872
G1 X101.232 Y95.455 E8.37412
G1 X102.795 Y95.874 E8.41263
G1 X102.963 Y96.499 E8.42803
G1 X104.526 Y96.918 E8.46654
G1 X104.984 Y96.460 E8.48194
G1 X105.992 Y96.730 E8.50676
G1 X105.991 Y98.471 E8.54819
G1 X104.549 Y98.085 E8.58371
G1 X104.381 Y97.459 E8.59912
G1 X102.818 Y97.041 E8.63762
G1 X102.360 Y97.498 E8.65303
G1 X100.797 Y97.079 E8.69153
G1 X100.629 Y96.454 E8.70693
G1 X99.066 Y96.035 E8.74544
G1 X98.608 Y96.493 E8.76084
G1 X97.045 Y96.074 E8.79935
G1 X96.878 Y95.449 E8.81475
G1 X95.314 Y95.030 E8.85326
G1 X94.857 Y95.488 E8.86866
G1 X93.293 Y95.069 E8.90717
G1 X93.126 Y94.444 E8.92257
G1 X92.069 Y94.161 E8.94859
G1 X92.069 Y93.580 E8.96240
G1 X93.271 Y93.902 E8.99200
G1 X93.729 Y93.444 E9.00740
G1 X94.954 Y93.773 E9.03759
G1 X94.954 Y93.192 F7800.000
G1 F4800.000
G1 X93.874 Y92.903 E9.06419
G1 X93.706 Y92.278 E9.07959
G1 X92.929 Y92.069 E9.09873
G1 X94.953 Y92.069 E9.14689
G1 X94.954 Y93.192 E9.17360
G1 X94.711 Y96.029 F7800.000
G1 F4800.000
G1 X94.879 Y96.655 E9.18901
G1 X96.442 Y97.073 E9.22751
G1 X96.900 Y96.616 E9.24292
G1 X98.463 Y97.035 E9.28142
G1 X98.631 Y97.660 E9.29683
G1 X100.194 Y98.079 E9.33533
G1 X100.652 Y97.621 E9.35073
G1 X102.215 Y98.040 E9.38924
G1 X102.382 Y98.665 E9.40464
G1 X103.946 Y99.084 E9.44315
G1 X104.403 Y98.626 E9.45855
G1 X105.967 Y99.045 E9.49706
G1 X105.990 Y99.134 E9.49925
G1 X105.990 Y100.212 E9.52490
G1 X105.531 Y100.670 E9.54032
G1 X103.968 Y100.251 E9.57882
G1 X103.801 Y99.625 E9.59423
G1 X102.237 Y99.207 E9.63273
G1 X101.780 Y99.664 E9.64813
G1 X100.216 Y99.245 E9.68664
G1 X100.049 Y98.620 E9.70204
G1 X98.486 Y98.201 E9.74055
G1 X98.028 Y98.659 E9.75595
G1 X96.465 Y98.240 E9.79446
G1 X96.297 Y97.615 E9.80986
G1 X94.734 Y97.196 E9.84837
G1 X94.276 Y97.654 E9.86377
G1 X92.713 Y97.235 E9.90228
G1 X92.545 Y96.610 E9.91768
G1 X92.069 Y96.482 E9.92941
G1 X92.069 Y95.902 E9.94322
G1 X92.690 Y96.068 E9.95852
G1 X93.148 Y95.610 E9.97392
G1 X94.711 Y96.029 E10.01242
G1 X94.131 Y98.195 F7800.000
G1 F4800.000
G1 X94.299 Y98.821 E10.02783
G1 X95.862 Y99.239 E10.06633
G1 X96.320 Y98.782 E10.08174
G1 X97.883 Y99.201 E10.12024
G1 X98.050 Y99.826 E10.13565
G1 X99.614 Y100.245 E10.17415
G1 X100.071 Y99.787 E10.18955
G1 X101.635 Y100.206 E10.22806
G1 X101.802 Y100.831 E10.24346
G1 X103.365 Y101.250 E10.28197
G1 X103.823 Y100.792 E10.29737
G1 X105.386 Y101.211 E10.33588
G1 X105.554 Y101.836 E10.35128
G1 X105.989 Y101.953 E10.36201
G1 X105.989 Y102.533 E10.37582
G1 X105.409 Y102.378 E10.39011
G1 X104.951 Y102.836 E10.40551
G1 X103.388 Y102.417 E10.44402
G1 X103.220 Y101.792 E10.45942
G1 X101.657 Y101.373 E10.49793
G1 X101.199 Y101.830 E10.51333
G1 X99.636 Y101.412 E10.55184
G1 X99.468 Y100.786 E10.56724
G1 X97.905 Y100.367 E10.60575
G1 X97.447 Y100.825 E10.62115
G1 X95.884 Y100.406 E10.65966
G1 X95.717 Y99.781 E10.67506
G1 X94.153 Y99.362 E10.71357
G1 X93.696 Y99.820 E10.72897
G1 X92.133 Y99.401 E10.76747
G1 X92.069 Y99.165 E10.77328
G1 X92.069 Y98.223 E10.79569
G1 X92.110 Y98.234 E10.79670
G1 X92.568 Y97.776 E10.81210
G1 X94.131 Y98.195 E10.85061
G1 X93.551 Y100.361 F7800.000
G1 F4800.000
G1 X93.718 Y100.987 E10.86601
G1 X95.281 Y101.406 E10.90452
G1 X95.739 Y100.948 E10.91992
G1 X97.302 Y101.367 E10.95842
G1 X97.470 Y101.992 E10.97383
G1 X99.033 Y102.411 E11.01233
G1 X99.491 Y101.953 E11.02774
G1 X101.054 Y102.372 E11.06624
G1 X101.222 Y102.997 E11.08165
G1 X102.785 Y103.416 E11.12015
G1 X103.243 Y102.958 E11.13555
G1 X104.806 Y103.377 E11.17406
G1 X104.973 Y104.002 E11.18946
G1 X106.537 Y104.421 E11.22797
G1 X106.994 Y103.964 E11.24337
G1 X107.931 Y104.214 E11.26644
G1 X107.931 Y105.956 E11.30787
G1 X106.559 Y105.588 E11.34165
G1 X106.392 Y104.963 E11.35705
G1 X104.828 Y104.544 E11.39556
G1 X104.371 Y105.002 E11.41096
G1 X102.807 Y104.583 E11.44947
G1 X102.640 Y103.958 E11.46487
G1 X101.077 Y103.539 E11.50338
G1 X100.619 Y103.996 E11.51878
G1 X99.056 Y103.578 E11.55729
G1 X98.888 Y102.952 E11.57269
G1 X97.325 Y102.533 E11.61120
G1 X96.867 Y102.991 E11.62660
G1 X95.304 Y102.572 E11.66511
G1 X95.136 Y101.947 E11.68051
G1 X93.573 Y101.528 E11.71902
G1 X93.115 Y101.986 E11.73442
G1 X92.069 Y101.706 E11.76018
G1 X92.069 Y99.964 E11.80161
G1 X93.551 Y100.361 E11.83810
G1 X92.970 Y102.527 F7800.000
G1 F4800.000
G1 X93.138 Y103.153 E11.85350
G1 X94.701 Y103.572 E11.89201
G1 X95.159 Y103.114 E11.90741
G1 X96.722 Y103.533 E11.94592
G1 X96.890 Y104.158 E11.96132
G1 X98.453 Y104.577 E11.99983
G1 X98.911 Y104.119 E12.01523
G1 X100.474 Y104.538 E12.05374
G1 X100.641 Y105.163 E12.06914
G1 X102.204 Y105.582 E12.10765
G1 X102.662 Y105.124 E12.12305
G1 X104.225 Y105.543 E12.16156
G1 X104.393 Y106.169 E12.17696
G1 X105.956 Y106.587 E12.21547
G1 X106.414 Y106.130 E12.23087
G1 X107.931 Y106.536 E12.26823
G1 X107.931 Y107.784 E12.29793
G1 X107.784 Y107.931 E12.30285
G1 X106.637 Y107.931 E12.33015
G1 X105.979 Y107.754 E12.34637
G1 X105.811 Y107.129 E12.36177
G1 X104.248 Y106.710 E12.40028
G1 X103.790 Y107.168 E12.41568
G1 X102.227 Y106.749 E12.45419
G1 X102.059 Y106.124 E12.46959
G1 X100.496 Y105.705 E12.50809
G1 X100.038 Y106.163 E12.52350
G1 X98.475 Y105.744 E12.56200
G1 X98.308 Y105.118 E12.57741
G1 X96.744 Y104.700 E12.61591
G1 X96.287 Y105.157 E12.63132
G1 X94.723 Y104.738 E12.66982
G1 X94.556 Y104.113 E12.68522
G1 X92.993 Y103.694 E12.72373
G1 X92.535 Y104.152 E12.73913
G1 X92.069 Y104.027 E12.75060
G1 X92.069 Y102.286 E12.79203
G1 X92.970 Y102.527 E12.81422
G1 X92.390 Y104.694 F7800.000
G1 F4800.000
G1 X92.557 Y105.319 E12.82963
G1 X94.121 Y105.738 E12.86813
G1 X94.578 Y105.280 E12.88354
G1 X96.142 Y105.699 E12.92204
G1 X96.309 Y106.324 E12.93744
G1 X97.872 Y106.743 E12.97595
G1 X98.330 Y106.285 E12.99135
G1 X99.893 Y106.704 E13.02986
G1 X100.061 Y107.329 E13.04526
G1 X101.624 Y107.748 E13.08377
G1 X102.082 Y107.290 E13.09917
G1 X103.645 Y107.709 E13.13768
G1 X103.704 Y107.931 E13.14313
G1 X100.139 Y107.931 E13.22796
G1 X99.916 Y107.871 E13.23346
G1 X99.856 Y107.931 E13.23547
G1 X97.973 Y107.931 E13.28028
G1 X97.895 Y107.910 E13.28220
G1 X97.727 Y107.284 E13.29760
G1 X96.164 Y106.866 E13.33611
G1 X95.706 Y107.323 E13.35151
G1 X94.143 Y106.904 E13.39002
G1 X93.976 Y106.279 E13.40542
G1 X92.412 Y105.860 E13.44393
G1 X92.069 Y106.203 E13.45547
G1 X92.069 Y104.608 E13.49343
G1 X92.390 Y104.694 E13.50133
G1 X95.561 Y107.865 F7800.000
G1 F4800.000
G1 X95.579 Y107.931 E13.50295
G1 X92.069 Y107.931 E13.58645
G1 X92.069 Y107.510 E13.59647
G1 X93.540 Y107.904 E13.63270
G1 X93.998 Y107.446 E13.64811
G1 X95.561 Y107.865 E13.68661
G1 X107.931 Y102.541 F7800.000
G1 F4800.000
G1 X107.931 Y103.634 E13.71263
G1 X107.139 Y103.422 E13.73211
G1 X106.972 Y102.797 E13.74752
G1 X106.013 Y102.540 E13.77113
G1 X107.931 Y102.541 E13.81674
G1 X103.543 Y94.333 F7800.000
G1 F4800.000
G1 X105.106 Y94.752 E13.85525
G1 X105.564 Y94.294 E13.87065
G1 X107.127 Y94.713 E13.90916
G1 X107.295 Y95.338 E13.92456
G1 X107.931 Y95.509 E13.94022
G1 X107.931 Y96.089 E13.95403
G1 X107.150 Y95.880 E13.97326
G1 X106.692 Y96.337 E13.98867
G1 X105.129 Y95.919 E14.02717
G1 X104.961 Y95.293 E14.04257
G1 X103.398 Y94.874 E14.08108
G1 X102.940 Y95.332 E14.09648
G1 X101.377 Y94.913 E14.13499
G1 X101.210 Y94.288 E14.15039
G1 X99.999 Y93.964 E14.18021
G1 X103.444 Y93.964 E14.26219
G1 X103.543 Y94.333 E14.27129
G1 X107.708 Y92.547 F7800.000
G1 F4800.000
G1 X107.875 Y93.172 E14.28669
G1 X107.931 Y93.187 E14.28805
G1 X107.931 Y93.767 E14.30186
G1 X107.730 Y93.714 E14.30680
G1 X107.273 Y94.171 E14.32220
G1 X105.709 Y93.753 E14.36071
G1 X105.542 Y93.127 E14.37611
G1 X104.128 Y92.748 E14.41094
G1 X104.128 Y92.168 E14.42474
G1 X105.687 Y92.586 E14.46314
G1 X106.145 Y92.128 E14.47854
G1 X107.708 Y92.547 E14.51704
M106 S255
G1 Z8.550 F7800.000
G1 E12.51704 F2400.00000
G92 E0
G1 X110.725 Y99.617 F7800.000
G1 E2.00000 F2400.00000
G1 F600.000
G1 X108.889 Y99.616 E2.02634
G1 X108.889 Y99.644 E2.02674
G1 X110.725 Y99.644 E2.05309
G1 X110.725 Y99.617 E2.05348
G1 E0.05348 F2400.00000
G92 E0
G1 X100.725 Y89.175 F7800.000
G1 E2.00000 F2400.00000
G1 F600.000
G1 X100.725 Y88.500 E2.00968
G1 X98.775 Y88.500 E2.03766
G1 X98.775 Y89.175 E2.04735
G1 X100.725 Y89.175 E2.07532
M106 S242.25
G1 Z8.650 F7800.000
G1 F3600.000
G1 X98.775 Y89.175 E2.08990
G1 X98.775 Y88.500 E2.09495
G1 X100.725 Y88.500 E2.10953
G1 X100.725 Y89.175 E2.11458
G1 E0.11458 F2400.00000
G92 E0
G1 X110.725 Y99.614 F7800.000
G1 E2.00000 F2400.00000
G1 F3600.000
G1 X108.889 Y99.613 E2.01373
G1 X108.889 Y99.644 E2.01396
G1 X110.725 Y99.644 E2.02769
G1 X110.725 Y99.614 E2.02792
G1 Z8.850 F7800.000
G1 E0.02792 F2400.00000
G92 E0
G1 X106.588 Y101.939 F7800.000
G1 E2.00000 F2400.00000
G1 F3600.000
G1 X108.529 Y101.940 E2.05236
G1 X108.529 Y108.529 E2.23011
G1 X91.471 Y108.529 E2.69026
G1 X91.471 Y91.471 E3.15042
G1 X95.718 Y91.471 E3.26497
G1 X95.718 Y93.366 E3.31608
G1 X103.340 Y93.366 E3.52167
G1 X103.341 Y91.471 E3.57278
G1 X108.529 Y91.471 E3.71274
G1 X108.529 Y97.316 E3.87042
G1 X106.590 Y97.316 E3.92272
G1 X106.588 Y101.864 E4.04542
G1 X107.224 Y101.304 F7800.000
G1 F3600.000
G1 X109.164 Y101.304 E4.09777
G1 X109.164 Y109.164 E4.30981
G1 X90.836 Y109.164 E4.80425
G1 X90.836 Y90.836 E5.29870
G1 X96.353 Y90.836 E5.44754
G1 X96.354 Y92.730 E5.49865
G1 X102.705 Y92.730 E5.66997
G1 X102.706 Y90.836 E5.72108
G1 X109.164 Y90.836 E5.89531
G1 X109.164 Y97.952 E6.08730
G1 X107.225 Y97.952 E6.13961
G1 X107.224 Y101.229 E6.22801
G1 X107.785 Y100.743 F7800.000
G1 F1800.000
G1 X109.725 Y100.744 E6.26801
G1 X109.725 Y109.725 E6.45311
G1 X90.275 Y109.725 E6.85398
G1 X90.275 Y90.275 E7.25485
G1 X96.913 Y90.275 E7.39167
G1 X96.914 Y92.170 E7.43071
G1 X99.221 Y92.170 E7.47826
G1 X99.220 Y90.275 E7.51731
G1 X99.903 Y90.275 E7.53138
G1 X99.902 Y92.170 E7.57043
G1 X102.144 Y92.170 E7.61664
G1 X102.145 Y90.275 E7.65569
G1 X109.725 Y90.275 E7.81191
G1 X109.725 Y98.513 E7.98170
G1 X107.786 Y98.512 E8.02168
G1 X107.785 Y100.668 E8.06611
G1 X107.666 Y101.229 F7800.000
G1 X107.931 Y102.538 F7800.000
G1 F4800.000
G1 X107.931 Y103.924 E8.09910
G1 X107.536 Y103.819 E8.10883
G1 X106.392 Y104.963 E8.14733
G1 X106.559 Y105.588 E8.16274
G1 X105.415 Y106.733 E8.20124
G1 X104.789 Y106.565 E8.21664
G1 X103.645 Y107.709 E8.25515
G1 X103.704 Y107.931 E8.26060
G1 X101.838 Y107.931 E8.30501
G1 X102.623 Y107.145 E8.33143
G1 X103.249 Y107.313 E8.34683
G1 X104.393 Y106.169 E8.38534
G1 X104.225 Y105.543 E8.40074
G1 X105.370 Y104.399 E8.43925
G1 X105.995 Y104.566 E8.45465
G1 X107.139 Y103.422 E8.49316
G1 X106.972 Y102.797 E8.50856
G1 X107.231 Y102.537 E8.51729
G1 X107.931 Y102.538 E8.53393
G1 X105.990 Y102.243 F7800.000
G1 F4800.000
G1 X105.950 Y102.233 E8.53490
G1 X104.806 Y103.377 E8.57341
G1 X104.973 Y104.003 E8.58881
G1 X103.829 Y105.147 E8.62732
G1 X103.204 Y104.979 E8.64272
G1 X102.059 Y106.124 E8.68123
G1 X102.227 Y106.749 E8.69663
G1 X101.083 Y107.893 E8.73513
G1 X100.457 Y107.726 E8.75054
G1 X100.252 Y107.931 E8.75743
G1 X99.460 Y107.931 E8.77630
G1 X100.061 Y107.329 E8.79653
G1 X99.893 Y106.704 E8.81193
G1 X101.038 Y105.560 E8.85044
G1 X101.663 Y105.727 E8.86584
G1 X102.807 Y104.583 E8.90435
G1 X102.640 Y103.958 E8.91975
G1 X103.784 Y102.813 E8.95826
G1 X104.409 Y102.981 E8.97366
G1 X105.554 Y101.836 E9.01216
G1 X105.386 Y101.211 E9.02757
G1 X105.990 Y100.607 E9.04789
G1 X105.990 Y102.243 E9.08683
G1 X105.991 Y99.021 F7800.000
G1 F4800.000
G1 X105.967 Y99.045 E9.08765
G1 X105.991 Y99.136 E9.08988
G1 X105.991 Y99.814 E9.10602
G1 X104.990 Y100.815 E9.13969
G1 X104.365 Y100.647 E9.15509
G1 X103.220 Y101.792 E9.19360
G1 X103.388 Y102.417 E9.20900
G1 X102.243 Y103.561 E9.24751
G1 X101.618 Y103.394 E9.26291
G1 X100.474 Y104.538 E9.30142
G1 X100.641 Y105.163 E9.31682
G1 X99.497 Y106.308 E9.35533
G1 X98.872 Y106.140 E9.37073
G1 X97.727 Y107.284 E9.40924
G1 X97.895 Y107.910 E9.42464
G1 X97.874 Y107.931 E9.42534
G1 X95.579 Y107.931 E9.47995
G1 X95.561 Y107.865 E9.48157
G1 X96.706 Y106.721 E9.52008
G1 X97.331 Y106.888 E9.53548
G1 X98.475 Y105.744 E9.57399
G1 X98.308 Y105.118 E9.58939
G1 X99.452 Y103.974 E9.62790
G1 X100.077 Y104.142 E9.64330
G1 X101.222 Y102.997 E9.68181
G1 X101.054 Y102.372 E9.69721
G1 X102.198 Y101.228 E9.73571
G1 X102.824 Y101.395 E9.75112
G1 X103.968 Y100.251 E9.78962
G1 X103.801 Y99.625 E9.80503
G1 X104.945 Y98.481 E9.84353
G1 X105.570 Y98.649 E9.85894
G1 X105.991 Y98.228 E9.87311
G1 X105.991 Y99.021 E9.89198
G1 X107.931 Y95.799 F7800.000
G1 F4800.000
G1 X107.931 Y96.718 E9.91385
G1 X106.708 Y96.718 E9.94293
G1 X107.691 Y95.735 E9.97601
G1 X107.931 Y95.799 E9.98190
G1 X107.931 Y93.910 F7800.000
G1 F4800.000
G1 X107.127 Y94.713 E10.00893
G1 X107.295 Y95.338 E10.02433
G1 X106.151 Y96.483 E10.06284
G1 X105.525 Y96.315 E10.07824
G1 X104.381 Y97.459 E10.11674
G1 X104.549 Y98.085 E10.13215
G1 X103.404 Y99.229 E10.17065
G1 X102.779 Y99.062 E10.18606
G1 X101.635 Y100.206 E10.22456
G1 X101.802 Y100.831 E10.23997
G1 X100.658 Y101.976 E10.27847
G1 X100.032 Y101.808 E10.29387
G1 X98.888 Y102.952 E10.33238
G1 X99.056 Y103.578 E10.34778
G1 X97.911 Y104.722 E10.38629
G1 X97.286 Y104.554 E10.40169
G1 X96.142 Y105.699 E10.44020
G1 X96.309 Y106.324 E10.45560
G1 X95.165 Y107.468 E10.49411
G1 X94.539 Y107.301 E10.50951
G1 X93.910 Y107.931 E10.53070
G1 X93.117 Y107.931 E10.54957
G1 X94.143 Y106.904 E10.58410
G1 X93.976 Y106.279 E10.59950
G1 X95.120 Y105.135 E10.63801
G1 X95.745 Y105.302 E10.65341
G1 X96.890 Y104.158 E10.69191
G1 X96.722 Y103.533 E10.70732
G1 X97.866 Y102.388 E10.74582
G1 X98.492 Y102.556 E10.76123
G1 X99.636 Y101.412 E10.79973
G1 X99.468 Y100.786 E10.81514
G1 X100.613 Y99.642 E10.85364
G1 X101.238 Y99.809 E10.86904
G1 X102.382 Y98.665 E10.90755
G1 X102.215 Y98.040 E10.92295
G1 X103.359 Y96.895 E10.96146
G1 X103.985 Y97.063 E10.97686
G1 X105.129 Y95.919 E11.01537
G1 X104.961 Y95.293 E11.03077
G1 X106.106 Y94.149 E11.06928
G1 X106.731 Y94.317 E11.08468
G1 X107.875 Y93.172 E11.12319
G1 X107.708 Y92.547 E11.13859
G1 X107.931 Y92.324 E11.14609
G1 X107.931 Y93.910 E11.18382
G1 X107.311 Y92.150 F7800.000
G1 F4800.000
G1 X107.009 Y92.069 E11.19127
G1 X107.393 Y92.069 E11.20041
G1 X107.311 Y92.150 E11.20314
G1 X105.542 Y93.127 F7800.000
G1 F4800.000
G1 X105.709 Y93.753 E11.21854
G1 X104.565 Y94.897 E11.25705
G1 X103.940 Y94.729 E11.27245
G1 X102.795 Y95.874 E11.31096
G1 X102.963 Y96.499 E11.32636
G1 X101.818 Y97.643 E11.36486
G1 X101.193 Y97.476 E11.38027
G1 X100.049 Y98.620 E11.41877
G1 X100.216 Y99.245 E11.43418
G1 X99.072 Y100.390 E11.47268
G1 X98.447 Y100.222 E11.48809
G1 X97.302 Y101.367 E11.52659
G1 X97.470 Y101.992 E11.54199
G1 X96.326 Y103.136 E11.58050
G1 X95.700 Y102.969 E11.59590
G1 X94.556 Y104.113 E11.63441
G1 X94.723 Y104.738 E11.64981
G1 X93.579 Y105.883 E11.68832
G1 X92.954 Y105.715 E11.70372
G1 X92.069 Y106.600 E11.73348
G1 X92.069 Y105.807 E11.75235
G1 X92.557 Y105.319 E11.76877
G1 X92.390 Y104.694 E11.78417
G1 X93.534 Y103.549 E11.82268
G1 X94.160 Y103.717 E11.83808
G1 X95.304 Y102.572 E11.87659
G1 X95.136 Y101.947 E11.89199
G1 X96.281 Y100.803 E11.93050
G1 X96.906 Y100.970 E11.94590
G1 X98.050 Y99.826 E11.98441
G1 X97.883 Y99.201 E11.99981
G1 X99.027 Y98.056 E12.03832
G1 X99.652 Y98.224 E12.05372
G1 X100.797 Y97.079 E12.09223
G1 X100.629 Y96.454 E12.10763
G1 X101.774 Y95.310 E12.14613
G1 X102.399 Y95.477 E12.16154
G1 X103.543 Y94.333 E12.20004
G1 X103.444 Y93.964 E12.20913
G1 X103.938 Y93.964 E12.22087
G1 X103.938 Y93.145 E12.24035
G1 X104.520 Y92.563 E12.25993
G1 X105.145 Y92.731 E12.27533
G1 X105.807 Y92.069 E12.29759
G1 X106.600 Y92.069 E12.31646
G1 X105.542 Y93.127 E12.35206
G1 X104.124 Y92.167 F7800.000
G1 F4800.000
G1 X103.939 Y92.352 E12.35829
G1 X103.939 Y92.069 E12.36501
G1 X104.098 Y92.069 E12.36879
G1 X104.124 Y92.167 E12.37120
G1 X101.210 Y94.288 F7800.000
G1 F4800.000
G1 X101.377 Y94.913 E12.38660
G1 X100.233 Y96.058 E12.42510
G1 X99.608 Y95.890 E12.44051
G1 X98.463 Y97.035 E12.47901
G1 X98.631 Y97.660 E12.49442
G1 X97.486 Y98.804 E12.53292
G1 X96.861 Y98.637 E12.54833
G1 X95.717 Y99.781 E12.58683
G1 X95.884 Y100.406 E12.60223
G1 X94.740 Y101.551 E12.64074
G1 X94.115 Y101.383 E12.65614
G1 X92.970 Y102.527 E12.69465
G1 X93.138 Y103.153 E12.71005
G1 X92.069 Y104.221 E12.74601
G1 X92.069 Y101.996 E12.79895
G1 X92.574 Y102.131 E12.81138
G1 X93.718 Y100.987 E12.84989
G1 X93.551 Y100.361 E12.86529
G1 X94.695 Y99.217 E12.90380
G1 X95.320 Y99.385 E12.91920
G1 X96.465 Y98.240 E12.95771
G1 X96.297 Y97.615 E12.97311
G1 X97.441 Y96.471 E13.01161
G1 X98.067 Y96.638 E13.02702
G1 X99.211 Y95.494 E13.06552
G1 X99.044 Y94.868 E13.08093
G1 X99.948 Y93.964 E13.11136
G1 X101.534 Y93.964 E13.14909
G1 X101.210 Y94.288 E13.16000
G1 X98.647 Y94.472 F7800.000
G1 F4800.000
G1 X98.022 Y94.305 E13.17540
G1 X96.878 Y95.449 E13.21391
G1 X97.045 Y96.074 E13.22931
G1 X95.901 Y97.219 E13.26782
G1 X95.275 Y97.051 E13.28322
G1 X94.131 Y98.195 E13.32173
G1 X94.299 Y98.821 E13.33713
G1 X93.154 Y99.965 E13.37564
G1 X92.529 Y99.797 E13.39104
G1 X92.069 Y100.257 E13.40650
G1 X92.069 Y99.464 E13.42537
G1 X92.133 Y99.401 E13.42749
G1 X92.069 Y99.165 E13.43330
G1 X92.069 Y98.671 E13.44505
G1 X93.109 Y97.631 E13.48005
G1 X93.735 Y97.799 E13.49545
G1 X94.879 Y96.655 E13.53396
G1 X94.711 Y96.029 E13.54936
G1 X95.856 Y94.885 E13.58787
G1 X96.481 Y95.052 E13.60327
G1 X97.570 Y93.964 E13.63990
G1 X99.155 Y93.964 E13.67762
G1 X98.647 Y94.472 E13.69472
G1 X95.121 Y93.964 F7800.000
G1 F4800.000
G1 X95.319 Y93.964 E13.69944
G1 X95.459 Y94.488 E13.71236
G1 X94.315 Y95.633 E13.75087
G1 X93.690 Y95.465 E13.76627
G1 X92.545 Y96.610 E13.80478
G1 X92.713 Y97.235 E13.82018
G1 X92.069 Y97.879 E13.84183
G1 X92.069 Y96.192 E13.88197
G1 X92.149 Y96.213 E13.88393
G1 X93.293 Y95.069 E13.92243
G1 X93.126 Y94.444 E13.93784
G1 X94.270 Y93.299 E13.97634
G1 X94.895 Y93.467 E13.99174
G1 X95.120 Y93.242 E13.99931
G1 X95.121 Y93.964 E14.01649
G1 X93.706 Y92.278 F7800.000
G1 F4800.000
G1 X93.874 Y92.903 E14.03189
G1 X92.729 Y94.047 E14.07040
G1 X92.104 Y93.880 E14.08580
G1 X92.069 Y93.914 E14.08697
G1 X92.069 Y92.329 E14.12470
G1 X92.329 Y92.069 E14.13342
G1 X93.914 Y92.069 E14.17115
G1 X93.706 Y92.278 E14.17816
G1 X92.558 Y107.931 F7800.000
G1 F4800.000
G1 X92.324 Y107.931 E14.18372
G1 X92.373 Y107.881 E14.18538
G1 X92.558 Y107.931 E14.18991
G1 X107.931 Y107.388 F7800.000
G1 F4800.000
G1 X107.388 Y107.931 E14.20818
G1 X105.802 Y107.931 E14.24590
G1 X105.979 Y107.754 E14.25184
G1 X105.811 Y107.129 E14.26724
G1 X106.955 Y105.985 E14.30575
G1 X107.581 Y106.152 E14.32115
G1 X107.931 Y105.802 E14.33293
G1 X107.931 Y107.388 E14.37065
G1 X99.562 Y92.450 F7800.000
G1 F1200.000
G1 X99.562 Y90.555 E14.37528
M106 S255
G1 Z8.850 F7800.000
G1 X100.725 Y89.175 F7800.000
G1 F600.000
G1 X100.725 Y88.500 E14.38496
G1 X98.775 Y88.500 E14.41294
G1 X98.775 Y89.175 E14.42263
G1 X100.725 Y89.175 E14.45060
G1 E12.45060 F2400.00000
G92 E0
G1 X110.725 Y99.614 F7800.000
G1 E2.00000 F2400.00000
G1 F600.000
G1 X108.889 Y99.613 E2.02634
G1 X108.889 Y99.640 E2.02674
G1 X110.725 Y99.641 E2.05309
G1 X110.725 Y99.614 E2.05348
M106 S242.25
G1 Z8.950 F7800.000
G1 X110.900 Y100.625 F7800.000
G1 F3600.000
G1 X110.900 Y98.325 E2.07068
G1 X110.825 Y98.325 E2.07124
G1 X110.825 Y99.610 E2.08085
G1 X108.889 Y99.610 E2.09533
G1 X108.889 Y99.640 E2.09556
G1 X110.825 Y99.641 E2.11004
G1 X110.825 Y100.625 E2.11739
G1 X110.900 Y100.625 E2.11795
G1 E0.11795 F2400.00000
G92 E0
G1 X100.725 Y89.175 F7800.000
G1 E2.00000 F2400.00000
G1 F3600.000
G1 X100.725 Y88.500 E2.00505
G1 X98.775 Y88.500 E2.01963
G1 X98.775 Y89.175 E2.02467
G1 X100.725 Y89.175 E2.03926
G1 Z9.150 F7800.000
G1 E0.03926 F2400.00000
G92 E0
G1 X106.588 Y101.936 F7800.000
G1 E2.00000 F2400.00000
G1 F3600.000
G1 X108.529 Y101.936 E2.05235
G1 X108.529 Y108.529 E2.23018
G1 X91.471 Y108.529 E2.69034
G1 X91.471 Y91.471 E3.15049
G1 X95.884 Y91.471 E3.26953
G1 X95.885 Y93.366 E3.32065
G1 X103.150 Y93.366 E3.51664
G1 X103.151 Y91.471 E3.56776
G1 X108.529 Y91.471 E3.71282
G1 X108.529 Y97.313 E3.87042
G1 X106.590 Y97.312 E3.92271
G1 X106.588 Y101.861 E4.04541
G1 X107.224 Y101.300 F7800.000
G1 F3600.000
G1 X109.164 Y101.301 E4.09775
G1 X109.164 Y109.164 E4.30987
G1 X90.836 Y109.164 E4.80432
G1 X90.836 Y90.836 E5.29876
G1 X96.519 Y90.836 E5.45209
G1 X96.520 Y92.730 E5.50321
G1 X102.515 Y92.730 E5.66492
G1 X102.516 Y90.836 E5.71604
G1 X109.164 Y90.836 E5.89539
G1 X109.164 Y97.949 E6.08729
G1 X107.226 Y97.948 E6.13959
G1 X107.224 Y101.225 E6.22799
G1 X107.785 Y100.740 F7800.000
G1 F1800.000
G1 X109.725 Y100.741 E6.26797
G1 X109.725 Y109.725 E6.45314
G1 X90.275 Y109.725 E6.85401
G1 X90.275 Y90.275 E7.25488
G1 X97.080 Y90.275 E7.39513
G1 X97.081 Y92.170 E7.43419
G1 X99.399 Y92.170 E7.48196
G1 X99.398 Y90.275 E7.52102
G1 X99.720 Y90.275 E7.52766
G1 X99.719 Y92.170 E7.56671
G1 X101.955 Y92.170 E7.61278
G1 X101.956 Y90.275 E7.65184
G1 X109.725 Y90.275 E7.81197
G1 X109.725 Y98.510 E7.98169
G1 X107.786 Y98.509 E8.02165
G1 X107.785 Y100.665 E8.06609
G1 X107.667 Y101.226 F7800.000
G1 X107.931 Y102.534 F7800.000
G1 F4800.000
G1 X107.931 Y103.924 E8.09916
G1 X107.536 Y103.819 E8.10888
G1 X107.192 Y102.534 E8.14052
G1 X107.931 Y102.534 E8.15810
G1 X103.940 Y94.729 F7800.000
G1 F4800.000
G1 X104.565 Y94.897 E8.17351
G1 X104.984 Y96.460 E8.21201
G1 X104.526 Y96.918 E8.22742
G1 X104.945 Y98.481 E8.26592
G1 X105.570 Y98.649 E8.28133
G1 X105.989 Y100.212 E8.31983
G1 X105.531 Y100.670 E8.33523
G1 X105.950 Y102.233 E8.37374
G1 X105.990 Y102.244 E8.37472
G1 X105.990 Y102.533 E8.38162
G1 X106.611 Y102.534 E8.39641
G1 X106.994 Y103.964 E8.43163
G1 X106.537 Y104.421 E8.44703
G1 X106.955 Y105.985 E8.48554
G1 X107.581 Y106.152 E8.50094
G1 X107.931 Y107.458 E8.53310
G1 X107.931 Y107.784 E8.54087
G1 X107.784 Y107.931 E8.54579
G1 X106.316 Y107.931 E8.58073
G1 X105.956 Y106.587 E8.61381
G1 X106.414 Y106.130 E8.62922
G1 X105.995 Y104.566 E8.66772
G1 X105.370 Y104.399 E8.68313
G1 X104.951 Y102.836 E8.72163
G1 X105.409 Y102.378 E8.73704
G1 X104.990 Y100.815 E8.77554
G1 X104.365 Y100.647 E8.79094
G1 X103.946 Y99.084 E8.82945
G1 X104.403 Y98.626 E8.84485
G1 X103.985 Y97.063 E8.88336
G1 X103.359 Y96.895 E8.89876
G1 X102.940 Y95.332 E8.93727
G1 X103.398 Y94.874 E8.95267
G1 X103.154 Y93.964 E8.97510
G1 X103.735 Y93.964 E8.98890
G1 X103.940 Y94.729 E9.00775
G1 X103.979 Y92.708 F7800.000
G1 F4800.000
G1 X103.749 Y92.938 E9.01549
G1 X103.749 Y92.069 E9.03617
G1 X103.807 Y92.069 E9.03756
G1 X103.979 Y92.708 E9.05330
G1 X106.145 Y92.128 F7800.000
G1 F4800.000
G1 X105.687 Y92.586 E9.06871
G1 X106.106 Y94.149 E9.10721
G1 X106.731 Y94.317 E9.12262
G1 X107.150 Y95.880 E9.16112
G1 X106.692 Y96.337 E9.17652
G1 X106.793 Y96.714 E9.18581
G1 X106.213 Y96.714 E9.19962
G1 X106.151 Y96.483 E9.20532
G1 X105.525 Y96.315 E9.22072
G1 X105.106 Y94.752 E9.25923
G1 X105.564 Y94.294 E9.27463
G1 X105.145 Y92.731 E9.31314
G1 X104.520 Y92.563 E9.32854
G1 X104.388 Y92.069 E9.34071
G1 X106.129 Y92.069 E9.38214
G1 X106.145 Y92.128 E9.38358
G1 X107.931 Y92.295 F7800.000
G1 F4800.000
G1 X107.931 Y95.799 E9.46694
G1 X107.691 Y95.735 E9.47283
G1 X107.273 Y94.171 E9.51134
G1 X107.730 Y93.714 E9.52674
G1 X107.311 Y92.150 E9.56525
G1 X107.009 Y92.069 E9.57271
G1 X107.870 Y92.069 E9.59320
G1 X107.931 Y92.295 E9.59877
G1 X101.774 Y95.310 F7800.000
G1 F4800.000
G1 X102.399 Y95.477 E9.61417
G1 X102.818 Y97.041 E9.65268
G1 X102.360 Y97.498 E9.66808
G1 X102.779 Y99.062 E9.70659
G1 X103.404 Y99.229 E9.72199
G1 X103.823 Y100.792 E9.76050
G1 X103.365 Y101.250 E9.77590
G1 X103.784 Y102.813 E9.81441
G1 X104.409 Y102.981 E9.82981
G1 X104.828 Y104.544 E9.86832
G1 X104.371 Y105.002 E9.88372
G1 X104.789 Y106.565 E9.92223
G1 X105.415 Y106.733 E9.93763
G1 X105.736 Y107.931 E9.96714
G1 X103.995 Y107.931 E10.00857
G1 X103.790 Y107.168 E10.02736
G1 X104.248 Y106.710 E10.04276
G1 X103.829 Y105.147 E10.08127
G1 X103.204 Y104.979 E10.09667
G1 X102.785 Y103.416 E10.13518
G1 X103.243 Y102.958 E10.15058
G1 X102.824 Y101.395 E10.18909
G1 X102.198 Y101.228 E10.20449
G1 X101.780 Y99.664 E10.24300
G1 X102.237 Y99.207 E10.25840
G1 X101.818 Y97.643 E10.29691
G1 X101.193 Y97.476 E10.31231
G1 X100.774 Y95.913 E10.35082
G1 X101.232 Y95.455 E10.36622
G1 X100.833 Y93.964 E10.40294
G1 X101.413 Y93.964 E10.41675
G1 X101.774 Y95.310 E10.44989
G1 X99.189 Y94.327 F7800.000
G1 F4800.000
G1 X99.608 Y95.890 E10.48840
G1 X100.233 Y96.058 E10.50380
G1 X100.652 Y97.621 E10.54231
G1 X100.194 Y98.079 E10.55771
G1 X100.613 Y99.642 E10.59622
G1 X101.238 Y99.809 E10.61162
G1 X101.657 Y101.373 E10.65013
G1 X101.199 Y101.830 E10.66553
G1 X101.618 Y103.394 E10.70404
G1 X102.243 Y103.561 E10.71944
G1 X102.662 Y105.124 E10.75795
G1 X102.204 Y105.582 E10.77335
G1 X102.623 Y107.145 E10.81185
G1 X103.249 Y107.313 E10.82726
G1 X103.414 Y107.931 E10.84247
G1 X101.673 Y107.931 E10.88390
G1 X101.624 Y107.748 E10.88840
G1 X102.082 Y107.290 E10.90380
G1 X101.663 Y105.727 E10.94231
G1 X101.038 Y105.560 E10.95771
G1 X100.619 Y103.996 E10.99621
G1 X101.077 Y103.539 E11.01162
G1 X100.658 Y101.976 E11.05012
G1 X100.032 Y101.808 E11.06553
G1 X99.614 Y100.245 E11.10403
G1 X100.071 Y99.787 E11.11944
G1 X99.652 Y98.224 E11.15794
G1 X99.027 Y98.056 E11.17334
G1 X98.608 Y96.493 E11.21185
G1 X99.066 Y96.035 E11.22725
G1 X98.647 Y94.472 E11.26576
G1 X98.022 Y94.305 E11.28116
G1 X97.931 Y93.964 E11.28955
G1 X99.551 Y93.964 E11.32811
G1 X99.189 Y94.327 E11.34032
G1 X97.480 Y94.450 F7800.000
G1 F4800.000
G1 X97.023 Y94.907 E11.35572
G1 X97.441 Y96.471 E11.39423
G1 X98.067 Y96.638 E11.40963
G1 X98.486 Y98.201 E11.44814
G1 X98.028 Y98.659 E11.46354
G1 X98.447 Y100.222 E11.50204
G1 X99.072 Y100.390 E11.51745
G1 X99.491 Y101.953 E11.55595
G1 X99.033 Y102.411 E11.57136
G1 X99.452 Y103.974 E11.60986
G1 X100.077 Y104.142 E11.62527
G1 X100.496 Y105.705 E11.66377
G1 X100.038 Y106.163 E11.67917
G1 X100.457 Y107.726 E11.71768
G1 X101.083 Y107.893 E11.73308
G1 X101.093 Y107.931 E11.73400
G1 X99.856 Y107.931 E11.76343
G1 X99.916 Y107.871 E11.76544
G1 X99.497 Y106.308 E11.80394
G1 X98.872 Y106.140 E11.81935
G1 X98.453 Y104.577 E11.85785
G1 X98.911 Y104.119 E11.87326
G1 X98.492 Y102.556 E11.91176
G1 X97.866 Y102.388 E11.92717
G1 X97.447 Y100.825 E11.96567
G1 X97.905 Y100.367 E11.98107
G1 X97.486 Y98.804 E12.01958
G1 X96.861 Y98.637 E12.03498
G1 X96.442 Y97.073 E12.07349
G1 X96.900 Y96.616 E12.08889
G1 X96.481 Y95.052 E12.12740
G1 X95.856 Y94.885 E12.14280
G1 X95.609 Y93.964 E12.16548
G1 X97.350 Y93.964 E12.20691
G1 X97.480 Y94.450 E12.21887
G1 X94.270 Y93.299 F7800.000
G1 F4800.000
G1 X94.895 Y93.467 E12.23427
G1 X95.314 Y95.030 E12.27278
G1 X94.857 Y95.488 E12.28818
G1 X95.275 Y97.051 E12.32669
G1 X95.901 Y97.219 E12.34209
G1 X96.320 Y98.782 E12.38060
G1 X95.862 Y99.239 E12.39600
G1 X96.281 Y100.803 E12.43450
G1 X96.906 Y100.970 E12.44991
G1 X97.325 Y102.533 E12.48841
G1 X96.867 Y102.991 E12.50382
G1 X97.286 Y104.554 E12.54232
G1 X97.911 Y104.722 E12.55773
G1 X98.330 Y106.285 E12.59623
G1 X97.872 Y106.743 E12.61163
G1 X98.191 Y107.931 E12.64089
G1 X97.610 Y107.931 E12.65470
G1 X97.331 Y106.888 E12.68038
G1 X96.706 Y106.720 E12.69579
G1 X96.287 Y105.157 E12.73429
G1 X96.744 Y104.700 E12.74970
G1 X96.326 Y103.136 E12.78820
G1 X95.700 Y102.969 E12.80360
G1 X95.281 Y101.406 E12.84211
G1 X95.739 Y100.948 E12.85751
G1 X95.320 Y99.385 E12.89602
G1 X94.695 Y99.217 E12.91142
G1 X94.276 Y97.654 E12.94993
G1 X94.734 Y97.196 E12.96533
G1 X94.315 Y95.633 E13.00384
G1 X93.690 Y95.465 E13.01924
G1 X93.271 Y93.902 E13.05775
G1 X93.729 Y93.444 E13.07315
G1 X93.360 Y92.069 E13.10702
G1 X93.941 Y92.069 E13.12083
G1 X94.270 Y93.299 E13.15112
G1 X92.104 Y93.880 F7800.000
G1 F4800.000
G1 X92.729 Y94.047 E13.16653
G1 X93.148 Y95.610 E13.20503
G1 X92.690 Y96.068 E13.22044
G1 X93.109 Y97.631 E13.25894
G1 X93.735 Y97.799 E13.27435
G1 X94.153 Y99.362 E13.31285
G1 X93.696 Y99.820 E13.32825
G1 X94.115 Y101.383 E13.36676
G1 X94.740 Y101.551 E13.38216
G1 X95.159 Y103.114 E13.42067
G1 X94.701 Y103.572 E13.43607
G1 X95.120 Y105.135 E13.47458
G1 X95.745 Y105.302 E13.48998
G1 X96.164 Y106.866 E13.52849
G1 X95.706 Y107.323 E13.54389
G1 X95.869 Y107.931 E13.55885
G1 X95.289 Y107.931 E13.57266
G1 X95.165 Y107.468 E13.58405
G1 X94.539 Y107.301 E13.59945
G1 X94.121 Y105.738 E13.63796
G1 X94.578 Y105.280 E13.65336
G1 X94.160 Y103.717 E13.69186
G1 X93.534 Y103.549 E13.70727
G1 X93.115 Y101.986 E13.74577
G1 X93.573 Y101.528 E13.76118
G1 X93.154 Y99.965 E13.79968
G1 X92.529 Y99.797 E13.81509
G1 X92.110 Y98.234 E13.85359
G1 X92.568 Y97.776 E13.86899
G1 X92.149 Y96.213 E13.90750
G1 X92.069 Y96.192 E13.90946
G1 X92.069 Y93.750 E13.96756
G1 X92.104 Y93.880 E13.97075
G1 X92.574 Y102.131 F7800.000
G1 F4800.000
G1 X92.993 Y103.694 E14.00926
G1 X92.535 Y104.152 E14.02466
G1 X92.954 Y105.715 E14.06317
G1 X93.579 Y105.883 E14.07857
G1 X93.998 Y107.446 E14.11708
G1 X93.540 Y107.904 E14.13248
G1 X93.547 Y107.931 E14.13314
G1 X92.558 Y107.931 E14.15669
G1 X92.373 Y107.881 E14.16123
G1 X92.069 Y106.746 E14.18919
G1 X92.069 Y106.203 E14.20211
G1 X92.412 Y105.860 E14.21365
G1 X92.069 Y104.580 E14.24518
G1 X92.069 Y101.996 E14.30667
G1 X92.574 Y102.131 E14.31910
M106 S255
G1 Z9.150 F7800.000
G1 E12.31910 F2400.00000
G92 E0
G1 X100.725 Y89.175 F7800.000
G1 E2.00000 F2400.00000
G1 F600.000
G1 X100.725 Y88.500 E2.00968
G1 X98.775 Y88.500 E2.03766
G1 X98.775 Y89.175 E2.04735
G1 X100.725 Y89.175 E2.07532
G1 E0.07532 F2400.00000
G92 E0
G1 X111.175 Y100.900 F7800.000
G1 E2.00000 F2400.00000
G1 F600.000
G1 X111.175 Y98.050 E2.04089
G1 X110.825 Y98.050 E2.04591
G1 X110.825 Y99.610 E2.06830
G1 X108.889 Y99.610 E2.09608
G1 X108.889 Y99.637 E2.09647
G1 X110.825 Y99.638 E2.12425
G1 X110.825 Y100.900 E2.14236
G1 X111.175 Y100.900 E2.14738
M106 S242.25
G1 Z9.250 F7800.000
G1 X111.450 Y101.175 F7800.000
G1 F3600.000
G1 X111.450 Y97.964 E2.17139
G1 X110.825 Y97.964 E2.17607
G1 X110.825 Y99.607 E2.18835
G1 X108.889 Y99.606 E2.20283
G1 X108.889 Y99.637 E2.20306
G1 X110.825 Y99.638 E2.21754
G1 X110.825 Y101.175 E2.22903
G1 X111.450 Y101.175 E2.23370
G1 E0.23370 F2400.00000
G92 E0
G1 X100.725 Y89.175 F7800.000
G1 E2.00000 F2400.00000
G1 F3600.000
G1 X100.725 Y88.500 E2.00505
G1 X98.775 Y88.500 E2.01963
G1 X98.775 Y89.175 E2.02467
G1 X100.725 Y89.175 E2.03926
G1 Z9.450 F7800.000
G1 E0.03926 F2400.00000
G92 E0
G1 X106.589 Y101.932 F7800.000
G1 E2.00000 F2400.00000
G1 F3600.000
G1 X108.529 Y101.933 E2.05233
G1 X108.529 Y108.529 E2.23026
G1 X91.471 Y108.529 E2.69041
G1 X91.471 Y91.471 E3.15057
G1 X96.051 Y91.471 E3.27410
G1 X96.052 Y93.366 E3.32522
G1 X102.960 Y93.366 E3.51160
G1 X102.961 Y91.471 E3.56273
G1 X108.529 Y91.471 E3.71291
G1 X108.529 Y97.310 E3.87042
G1 X106.591 Y97.309 E3.92270
G1 X106.589 Y101.857 E4.04540
G1 X107.225 Y101.297 F7800.000
G1 F3600.000
G1 X109.164 Y101.298 E4.09772
G1 X109.164 Y109.164 E4.30993
G1 X90.836 Y109.164 E4.80438
G1 X90.836 Y90.836 E5.29883
G1 X96.686 Y90.836 E5.45665
G1 X96.687 Y92.731 E5.50777
G1 X102.325 Y92.731 E5.65988
G1 X102.326 Y90.836 E5.71100
G1 X109.164 Y90.836 E5.89547
G1 X109.164 Y97.946 E6.08728
G1 X107.226 Y97.945 E6.13956
G1 X107.225 Y101.222 E6.22797
G1 X107.786 Y100.737 F7800.000
G1 F1800.000
G1 X109.725 Y100.737 E6.26794
G1 X109.725 Y109.725 E6.45318
G1 X90.275 Y109.725 E6.85405
G1 X90.275 Y90.275 E7.25492
G1 X97.246 Y90.275 E7.39860
G1 X97.247 Y92.170 E7.43766
G1 X101.765 Y92.170 E7.53077
G1 X101.766 Y90.275 E7.56983
G1 X109.725 Y90.275 E7.73387
G1 X109.725 Y98.507 E7.90352
G1 X107.787 Y98.506 E7.94348
G1 X107.786 Y100.662 E7.98791
G1 X107.667 Y101.222 F7800.000
G1 X99.557 Y92.170 F7800.000
G1 F1800.000
G1 X99.557 Y90.000 E8.02913
G1 E6.02913 F2400.00000
G92 E0
G1 X99.189 Y94.327 F7800.000
G1 E2.00000 F2400.00000
G1 F4800.000
G1 X97.836 Y93.964 E2.03333
G1 X99.551 Y93.964 E2.07415
G1 X99.189 Y94.327 E2.08634
G1 X95.453 Y93.305 F7800.000
G1 F4800.000
G1 X95.437 Y93.322 E2.08690
G1 X93.874 Y92.903 E2.12540
G1 X93.706 Y92.278 E2.14081
G1 X92.929 Y92.069 E2.15994
G1 X95.453 Y92.069 E2.21999
G1 X95.453 Y93.305 E2.24939
G1 X95.292 Y93.863 F7800.000
G1 F4800.000
G1 X95.459 Y94.488 E2.26480
G1 X97.023 Y94.907 E2.30330
G1 X97.480 Y94.450 E2.31871
G1 X99.044 Y94.868 E2.35721
G1 X99.211 Y95.494 E2.37262
G1 X100.774 Y95.913 E2.41112
G1 X101.232 Y95.455 E2.42652
G1 X102.795 Y95.874 E2.46503
G1 X102.963 Y96.499 E2.48043
G1 X104.526 Y96.918 E2.51894
G1 X104.984 Y96.460 E2.53434
G1 X105.993 Y96.731 E2.55920
G1 X105.992 Y98.472 E2.60062
G1 X104.549 Y98.085 E2.63619
G1 X104.381 Y97.459 E2.65159
G1 X102.818 Y97.041 E2.69009
G1 X102.360 Y97.498 E2.70550
G1 X100.797 Y97.079 E2.74400
G1 X100.629 Y96.454 E2.75941
G1 X99.066 Y96.035 E2.79791
G1 X98.608 Y96.493 E2.81332
G1 X97.045 Y96.074 E2.85182
G1 X96.878 Y95.449 E2.86722
G1 X95.314 Y95.030 E2.90573
G1 X94.857 Y95.488 E2.92113
G1 X93.293 Y95.069 E2.95964
G1 X93.126 Y94.444 E2.97504
G1 X92.069 Y94.161 E3.00107
G1 X92.069 Y93.580 E3.01487
G1 X93.271 Y93.902 E3.04447
G1 X93.729 Y93.444 E3.05987
G1 X95.292 Y93.863 E3.09838
G1 X94.711 Y96.029 F7800.000
G1 F4800.000
G1 X94.879 Y96.655 E3.11378
G1 X96.442 Y97.073 E3.15229
G1 X96.900 Y96.616 E3.16769
G1 X98.463 Y97.035 E3.20620
G1 X98.631 Y97.660 E3.22160
G1 X100.194 Y98.079 E3.26011
G1 X100.652 Y97.621 E3.27551
G1 X102.215 Y98.040 E3.31402
G1 X102.382 Y98.665 E3.32942
G1 X103.946 Y99.084 E3.36793
G1 X104.403 Y98.626 E3.38333
G1 X105.967 Y99.045 E3.42184
G1 X105.992 Y99.139 E3.42416
G1 X105.991 Y100.213 E3.44969
G1 X105.531 Y100.670 E3.46512
G1 X103.968 Y100.251 E3.50363
G1 X103.801 Y99.625 E3.51903
G1 X102.237 Y99.207 E3.55754
G1 X101.780 Y99.664 E3.57294
G1 X100.216 Y99.245 E3.61145
G1 X100.049 Y98.620 E3.62685
G1 X98.486 Y98.201 E3.66536
G1 X98.028 Y98.659 E3.68076
G1 X96.465 Y98.240 E3.71927
G1 X96.297 Y97.615 E3.73467
G1 X94.734 Y97.196 E3.77317
G1 X94.276 Y97.654 E3.78858
G1 X92.713 Y97.235 E3.82708
G1 X92.545 Y96.610 E3.84249
G1 X92.069 Y96.482 E3.85421
G1 X92.069 Y95.902 E3.86802
G1 X92.690 Y96.068 E3.88332
G1 X93.148 Y95.610 E3.89872
G1 X94.711 Y96.029 E3.93723
G1 X94.131 Y98.195 F7800.000
G1 F4800.000
G1 X94.299 Y98.821 E3.95263
G1 X95.862 Y99.239 E3.99114
G1 X96.320 Y98.782 E4.00654
G1 X97.883 Y99.201 E4.04505
G1 X98.050 Y99.826 E4.06045
G1 X99.614 Y100.245 E4.09896
G1 X100.071 Y99.787 E4.11436
G1 X101.635 Y100.206 E4.15287
G1 X101.802 Y100.831 E4.16827
G1 X103.365 Y101.250 E4.20678
G1 X103.823 Y100.792 E4.22218
G1 X105.386 Y101.211 E4.26069
G1 X105.554 Y101.836 E4.27609
G1 X105.991 Y101.953 E4.28685
G1 X105.990 Y102.530 E4.30057
G1 X107.931 Y102.531 E4.34674
G1 X107.931 Y103.634 E4.37298
G1 X107.139 Y103.422 E4.39247
G1 X106.972 Y102.797 E4.40787
G1 X105.409 Y102.378 E4.44638
G1 X104.951 Y102.836 E4.46178
G1 X103.388 Y102.417 E4.50029
G1 X103.220 Y101.792 E4.51569
G1 X101.657 Y101.373 E4.55420
G1 X101.199 Y101.830 E4.56960
G1 X99.636 Y101.412 E4.60811
G1 X99.468 Y100.786 E4.62351
G1 X97.905 Y100.367 E4.66202
G1 X97.447 Y100.825 E4.67742
G1 X95.884 Y100.406 E4.71593
G1 X95.717 Y99.781 E4.73133
G1 X94.153 Y99.362 E4.76984
G1 X93.696 Y99.820 E4.78524
G1 X92.133 Y99.401 E4.82374
G1 X92.069 Y99.165 E4.82955
G1 X92.069 Y98.223 E4.85196
G1 X92.110 Y98.234 E4.85297
G1 X92.568 Y97.776 E4.86837
G1 X94.131 Y98.195 E4.90688
G1 X93.551 Y100.361 F7800.000
G1 F4800.000
G1 X93.718 Y100.987 E4.92228
G1 X95.281 Y101.406 E4.96079
G1 X95.739 Y100.948 E4.97619
G1 X97.302 Y101.367 E5.01470
G1 X97.470 Y101.992 E5.03010
G1 X99.033 Y102.411 E5.06860
G1 X99.491 Y101.953 E5.08401
G1 X101.054 Y102.372 E5.12251
G1 X101.222 Y102.997 E5.13792
G1 X102.785 Y103.416 E5.17642
G1 X103.243 Y102.958 E5.19183
G1 X104.806 Y103.377 E5.23033
G1 X104.973 Y104.002 E5.24573
G1 X106.537 Y104.421 E5.28424
G1 X106.994 Y103.964 E5.29964
G1 X107.931 Y104.214 E5.32271
G1 X107.931 Y105.956 E5.36414
G1 X106.559 Y105.588 E5.39792
G1 X106.392 Y104.963 E5.41332
G1 X104.828 Y104.544 E5.45183
G1 X104.371 Y105.002 E5.46723
G1 X102.807 Y104.583 E5.50574
G1 X102.640 Y103.958 E5.52114
G1 X101.077 Y103.539 E5.55965
G1 X100.619 Y103.996 E5.57505
G1 X99.056 Y103.578 E5.61356
G1 X98.888 Y102.952 E5.62896
G1 X97.325 Y102.533 E5.66747
G1 X96.867 Y102.991 E5.68287
G1 X95.304 Y102.572 E5.72138
G1 X95.136 Y101.947 E5.73678
G1 X93.573 Y101.528 E5.77529
G1 X93.115 Y101.986 E5.79069
G1 X92.069 Y101.706 E5.81645
G1 X92.069 Y99.964 E5.85788
G1 X93.551 Y100.361 E5.89437
G1 X92.970 Y102.527 F7800.000
G1 F4800.000
G1 X93.138 Y103.153 E5.90977
G1 X94.701 Y103.572 E5.94828
G1 X95.159 Y103.114 E5.96368
G1 X96.722 Y103.533 E6.00219
G1 X96.890 Y104.158 E6.01759
G1 X98.453 Y104.577 E6.05610
G1 X98.911 Y104.119 E6.07150
G1 X100.474 Y104.538 E6.11001
G1 X100.641 Y105.163 E6.12541
G1 X102.204 Y105.582 E6.16392
G1 X102.662 Y105.124 E6.17932
G1 X104.225 Y105.543 E6.21783
G1 X104.393 Y106.169 E6.23323
G1 X105.956 Y106.587 E6.27174
G1 X106.414 Y106.130 E6.28714
G1 X107.931 Y106.536 E6.32450
G1 X107.931 Y107.784 E6.35420
G1 X107.784 Y107.931 E6.35912
G1 X106.637 Y107.931 E6.38642
G1 X105.979 Y107.754 E6.40264
G1 X105.811 Y107.129 E6.41804
G1 X104.248 Y106.710 E6.45655
G1 X103.790 Y107.168 E6.47195
G1 X102.227 Y106.749 E6.51046
G1 X102.059 Y106.124 E6.52586
G1 X100.496 Y105.705 E6.56437
G1 X100.038 Y106.163 E6.57977
G1 X98.475 Y105.744 E6.61827
G1 X98.308 Y105.118 E6.63368
G1 X96.744 Y104.700 E6.67218
G1 X96.287 Y105.157 E6.68759
G1 X94.723 Y104.738 E6.72609
G1 X94.556 Y104.113 E6.74150
G1 X92.993 Y103.694 E6.78000
G1 X92.535 Y104.152 E6.79540
G1 X92.069 Y104.027 E6.80687
G1 X92.069 Y102.286 E6.84830
G1 X92.970 Y102.527 E6.87049
G1 X92.390 Y104.694 F7800.000
G1 F4800.000
G1 X92.557 Y105.319 E6.88590
G1 X94.121 Y105.738 E6.92440
G1 X94.578 Y105.280 E6.93981
G1 X96.142 Y105.699 E6.97831
G1 X96.309 Y106.324 E6.99372
G1 X97.872 Y106.743 E7.03222
G1 X98.330 Y106.285 E7.04762
G1 X99.893 Y106.704 E7.08613
G1 X100.061 Y107.329 E7.10153
G1 X101.624 Y107.748 E7.14004
G1 X102.082 Y107.290 E7.15544
G1 X103.645 Y107.709 E7.19395
G1 X103.704 Y107.931 E7.19940
G1 X100.139 Y107.931 E7.28424
G1 X99.916 Y107.871 E7.28973
G1 X99.856 Y107.931 E7.29174
G1 X97.973 Y107.931 E7.33655
G1 X97.895 Y107.910 E7.33847
G1 X97.727 Y107.284 E7.35387
G1 X96.164 Y106.866 E7.39238
G1 X95.706 Y107.323 E7.40778
G1 X94.143 Y106.904 E7.44629
G1 X93.976 Y106.279 E7.46169
G1 X92.412 Y105.860 E7.50020
G1 X92.069 Y106.203 E7.51174
G1 X92.069 Y104.608 E7.54971
G1 X92.390 Y104.694 E7.55760
G1 X95.561 Y107.865 F7800.000
G1 F4800.000
G1 X95.579 Y107.931 E7.55922
G1 X92.069 Y107.931 E7.64272
G1 X92.069 Y107.510 E7.65274
G1 X93.540 Y107.904 E7.68897
G1 X93.998 Y107.446 E7.70438
G1 X95.561 Y107.865 E7.74288
G1 X103.543 Y94.333 F7800.000
G1 F4800.000
G1 X105.106 Y94.752 E7.78139
G1 X105.564 Y94.294 E7.79679
G1 X107.127 Y94.713 E7.83530
G1 X107.295 Y95.338 E7.85070
G1 X107.931 Y95.509 E7.86636
G1 X107.931 Y96.089 E7.88017
G1 X107.150 Y95.880 E7.89940
G1 X106.692 Y96.337 E7.91480
G1 X105.129 Y95.919 E7.95331
G1 X104.961 Y95.293 E7.96871
G1 X103.398 Y94.874 E8.00722
G1 X102.940 Y95.332 E8.02262
G1 X101.377 Y94.913 E8.06113
G1 X101.210 Y94.288 E8.07653
G1 X100.002 Y93.964 E8.10629
G1 X103.444 Y93.964 E8.18820
G1 X103.543 Y94.333 E8.19728
G1 X104.124 Y92.167 F7800.000
G1 F4800.000
G1 X105.687 Y92.586 E8.23578
G1 X106.145 Y92.128 E8.25119
G1 X107.708 Y92.547 E8.28969
G1 X107.875 Y93.172 E8.30510
G1 X107.931 Y93.187 E8.30646
G1 X107.931 Y93.767 E8.32027
G1 X107.730 Y93.714 E8.32520
G1 X107.273 Y94.171 E8.34061
G1 X105.709 Y93.753 E8.37911
G1 X105.542 Y93.127 E8.39451
G1 X103.979 Y92.708 E8.43302
G1 X103.559 Y93.128 E8.44715
G1 X103.559 Y92.069 E8.47234
G1 X104.098 Y92.069 E8.48515
G1 X104.124 Y92.167 E8.48755
M106 S255
G1 Z9.450 F7800.000
G1 E6.48755 F2400.00000
G92 E0
G1 X100.725 Y89.175 F7800.000
G1 E2.00000 F2400.00000
G1 F600.000
G1 X100.725 Y88.500 E2.00968
G1 X98.775 Y88.500 E2.03766
G1 X98.775 Y89.175 E2.04735
G1 X100.725 Y89.175 E2.07532
G1 E0.07532 F2400.00000
G92 E0
G1 X111.500 Y101.205 F7800.000
G1 E2.00000 F2400.00000
G1 F600.000
G1 X111.500 Y97.964 E2.04651
G1 X110.825 Y97.964 E2.05619
G1 X110.825 Y99.607 E2.07976
G1 X108.889 Y99.606 E2.10754
G1 X108.889 Y99.634 E2.10794
G1 X110.825 Y99.635 E2.13572
G1 X110.825 Y101.204 E2.15824
G1 X111.500 Y101.205 E2.16792
M106 S242.25
G1 Z9.550 F7800.000
G1 F3600.000
G1 X110.825 Y101.204 E2.17297
G1 X110.825 Y99.635 E2.18471
G1 X108.889 Y99.634 E2.19918
G1 X108.889 Y99.603 E2.19941
G1 X110.825 Y99.604 E2.21389
G1 X110.825 Y97.964 E2.22615
G1 X111.500 Y97.964 E2.23120
G1 X111.500 Y101.205 E2.25544
G1 E0.25544 F2400.00000
G92 E0
G1 X100.725 Y89.175 F7800.000
G1 E2.00000 F2400.00000
G1 F3600.000
G1 X100.725 Y88.500 E2.00505
G1 X98.775 Y88.500 E2.01963
G1 X98.775 Y89.175 E2.02467
G1 X100.725 Y89.175 E2.03926
G1 Z9.750 F7800.000
G1 E0.03926 F2400.00000
G92 E0
G1 X106.589 Y101.929 F7800.000
G1 E2.00000 F2400.00000
G1 F3600.000
G1 X108.529 Y101.930 E2.05232
G1 X108.529 Y108.529 E2.23033
G1 X91.471 Y108.529 E2.69049
G1 X91.471 Y91.471 E3.15064
G1 X96.217 Y91.471 E3.27867
G1 X96.218 Y93.367 E3.32980
G1 X102.771 Y93.367 E3.50657
G1 X102.772 Y91.471 E3.55770
G1 X108.529 Y91.471 E3.71300
G1 X108.529 Y97.307 E3.87042
G1 X106.591 Y97.306 E3.92269
G1 X106.589 Y101.854 E4.04538
G1 X107.225 Y101.294 F7800.000
G1 F3600.000
G1 X109.164 Y101.295 E4.09770
G1 X109.164 Y109.164 E4.31000
G1 X90.836 Y109.164 E4.80444
G1 X90.836 Y90.836 E5.29889
G1 X96.852 Y90.836 E5.46121
G1 X96.853 Y92.731 E5.51233
G1 X102.136 Y92.731 E5.65483
G1 X102.137 Y90.836 E5.70596
G1 X109.164 Y90.836 E5.89555
G1 X109.164 Y97.943 E6.08727
G1 X107.227 Y97.942 E6.13954
G1 X107.225 Y101.219 E6.22794
G1 X107.786 Y100.733 F7800.000
G1 F1800.000
G1 X109.725 Y100.734 E6.26791
G1 X109.725 Y109.725 E6.45321
G1 X90.275 Y109.725 E6.85408
G1 X90.275 Y90.275 E7.25495
G1 X97.413 Y90.275 E7.40207
G1 X97.414 Y92.170 E7.44113
G1 X101.575 Y92.170 E7.52690
G1 X101.576 Y90.275 E7.56596
G1 X109.725 Y90.275 E7.73391
G1 X109.725 Y98.503 E7.90350
G1 X107.787 Y98.503 E7.94345
G1 X107.786 Y100.658 E7.98788
G1 X107.668 Y101.219 F7800.000
G1 X107.931 Y102.528 F7800.000
G1 F4800.000
G1 X107.931 Y103.924 E8.02110
G1 X107.536 Y103.819 E8.03083
G1 X106.392 Y104.963 E8.06933
G1 X106.559 Y105.588 E8.08474
G1 X105.415 Y106.733 E8.12324
G1 X104.789 Y106.565 E8.13865
G1 X103.645 Y107.709 E8.17715
G1 X103.704 Y107.931 E8.18260
G1 X101.838 Y107.931 E8.22701
G1 X102.623 Y107.145 E8.25343
G1 X103.249 Y107.313 E8.26884
G1 X104.393 Y106.169 E8.30734
G1 X104.225 Y105.543 E8.32274
G1 X105.370 Y104.399 E8.36125
G1 X105.995 Y104.566 E8.37665
G1 X107.139 Y103.422 E8.41516
G1 X106.972 Y102.797 E8.43056
G1 X107.241 Y102.528 E8.43962
G1 X107.931 Y102.528 E8.45603
G1 X105.991 Y102.244 F7800.000
G1 F4800.000
G1 X105.950 Y102.233 E8.45703
G1 X104.806 Y103.377 E8.49554
G1 X104.973 Y104.003 E8.51094
G1 X103.829 Y105.147 E8.54945
G1 X103.204 Y104.979 E8.56485
G1 X102.059 Y106.124 E8.60336
G1 X102.227 Y106.749 E8.61876
G1 X101.083 Y107.893 E8.65727
G1 X100.457 Y107.726 E8.67267
G1 X100.252 Y107.931 E8.67956
G1 X99.460 Y107.931 E8.69843
G1 X100.061 Y107.329 E8.71866
G1 X99.893 Y106.704 E8.73406
G1 X101.038 Y105.560 E8.77257
G1 X101.663 Y105.727 E8.78797
G1 X102.807 Y104.583 E8.82648
G1 X102.640 Y103.958 E8.84188
G1 X103.784 Y102.813 E8.88039
G1 X104.409 Y102.981 E8.89579
G1 X105.554 Y101.836 E8.93430
G1 X105.386 Y101.211 E8.94970
G1 X105.992 Y100.606 E8.97007
G1 X105.991 Y102.244 E9.00905
G1 X105.992 Y99.019 F7800.000
G1 F4800.000
G1 X105.967 Y99.045 E9.00991
G1 X105.992 Y99.141 E9.01228
G1 X105.992 Y99.813 E9.02825
G1 X104.990 Y100.815 E9.06198
G1 X104.365 Y100.647 E9.07738
G1 X103.220 Y101.792 E9.11589
G1 X103.388 Y102.417 E9.13129
G1 X102.243 Y103.561 E9.16980
G1 X101.618 Y103.394 E9.18520
G1 X100.474 Y104.538 E9.22370
G1 X100.641 Y105.163 E9.23911
G1 X99.497 Y106.308 E9.27761
G1 X98.872 Y106.140 E9.29302
G1 X97.727 Y107.284 E9.33152
G1 X97.895 Y107.910 E9.34693
G1 X97.874 Y107.931 E9.34763
G1 X95.579 Y107.931 E9.40224
G1 X95.561 Y107.865 E9.40386
G1 X96.706 Y106.721 E9.44236
G1 X97.331 Y106.888 E9.45777
G1 X98.475 Y105.744 E9.49627
G1 X98.308 Y105.118 E9.51168
G1 X99.452 Y103.974 E9.55018
G1 X100.077 Y104.142 E9.56558
G1 X101.222 Y102.997 E9.60409
G1 X101.054 Y102.372 E9.61949
G1 X102.198 Y101.228 E9.65800
G1 X102.824 Y101.395 E9.67340
G1 X103.968 Y100.251 E9.71191
G1 X103.801 Y99.625 E9.72731
G1 X104.945 Y98.481 E9.76582
G1 X105.570 Y98.649 E9.78122
G1 X105.993 Y98.226 E9.79544
G1 X105.992 Y99.019 E9.81431
G1 X107.931 Y95.799 F7800.000
G1 F4800.000
G1 X107.931 Y96.708 E9.83595
G1 X106.718 Y96.708 E9.86480
G1 X107.691 Y95.735 E9.89755
G1 X107.931 Y95.799 E9.90344
G1 X107.931 Y93.910 F7800.000
G1 F4800.000
G1 X107.127 Y94.713 E9.93047
G1 X107.295 Y95.338 E9.94587
G1 X106.151 Y96.483 E9.98438
G1 X105.525 Y96.315 E9.99978
G1 X104.381 Y97.459 E10.03829
G1 X104.549 Y98.085 E10.05369
G1 X103.404 Y99.229 E10.09219
G1 X102.779 Y99.062 E10.10760
G1 X101.635 Y100.206 E10.14610
G1 X101.802 Y100.831 E10.16151
G1 X100.658 Y101.976 E10.20001
G1 X100.032 Y101.808 E10.21542
G1 X98.888 Y102.952 E10.25392
G1 X99.056 Y103.578 E10.26932
G1 X97.911 Y104.722 E10.30783
G1 X97.286 Y104.554 E10.32323
G1 X96.142 Y105.699 E10.36174
G1 X96.309 Y106.324 E10.37714
G1 X95.165 Y107.468 E10.41565
G1 X94.539 Y107.301 E10.43105
G1 X93.910 Y107.931 E10.45224
G1 X93.117 Y107.931 E10.47111
G1 X94.143 Y106.904 E10.50564
G1 X93.976 Y106.279 E10.52104
G1 X95.120 Y105.135 E10.55955
G1 X95.745 Y105.302 E10.57495
G1 X96.890 Y104.158 E10.61346
G1 X96.722 Y103.533 E10.62886
G1 X97.866 Y102.388 E10.66736
G1 X98.492 Y102.556 E10.68277
G1 X99.636 Y101.412 E10.72127
G1 X99.468 Y100.786 E10.73668
G1 X100.613 Y99.642 E10.77518
G1 X101.238 Y99.809 E10.79059
G1 X102.382 Y98.665 E10.82909
G1 X102.215 Y98.040 E10.84449
G1 X103.359 Y96.895 E10.88300
G1 X103.985 Y97.063 E10.89840
G1 X105.129 Y95.919 E10.93691
G1 X104.961 Y95.293 E10.95231
G1 X106.106 Y94.149 E10.99082
G1 X106.731 Y94.317 E11.00622
G1 X107.875 Y93.172 E11.04473
G1 X107.708 Y92.547 E11.06013
G1 X107.931 Y92.324 E11.06763
G1 X107.931 Y93.910 E11.10536
G1 X107.311 Y92.150 F7800.000
G1 F4800.000
G1 X107.009 Y92.069 E11.11281
G1 X107.393 Y92.069 E11.12195
G1 X107.311 Y92.150 E11.12468
G1 X105.542 Y93.127 F7800.000
G1 F4800.000
G1 X105.709 Y93.753 E11.14008
G1 X104.565 Y94.897 E11.17859
G1 X103.940 Y94.729 E11.19399
G1 X102.795 Y95.874 E11.23250
G1 X102.963 Y96.499 E11.24790
G1 X101.818 Y97.643 E11.28641
G1 X101.193 Y97.476 E11.30181
G1 X100.049 Y98.620 E11.34031
G1 X100.216 Y99.245 E11.35572
G1 X99.072 Y100.390 E11.39422
G1 X98.447 Y100.222 E11.40963
G1 X97.302 Y101.367 E11.44813
G1 X97.470 Y101.992 E11.46354
G1 X96.326 Y103.136 E11.50204
G1 X95.700 Y102.969 E11.51744
G1 X94.556 Y104.113 E11.55595
G1 X94.723 Y104.738 E11.57135
G1 X93.579 Y105.883 E11.60986
G1 X92.954 Y105.715 E11.62526
G1 X92.069 Y106.600 E11.65502
G1 X92.069 Y105.807 E11.67389
G1 X92.557 Y105.319 E11.69031
G1 X92.390 Y104.694 E11.70571
G1 X93.534 Y103.549 E11.74422
G1 X94.160 Y103.717 E11.75962
G1 X95.304 Y102.572 E11.79813
G1 X95.136 Y101.947 E11.81353
G1 X96.281 Y100.803 E11.85204
G1 X96.906 Y100.970 E11.86744
G1 X98.050 Y99.826 E11.90595
G1 X97.883 Y99.201 E11.92135
G1 X99.027 Y98.056 E11.95986
G1 X99.652 Y98.224 E11.97526
G1 X100.797 Y97.079 E12.01377
G1 X100.629 Y96.454 E12.02917
G1 X101.774 Y95.310 E12.06768
G1 X102.399 Y95.477 E12.08308
G1 X103.543 Y94.333 E12.12158
G1 X103.376 Y93.708 E12.13699
G1 X104.520 Y92.563 E12.17549
G1 X105.145 Y92.731 E12.19090
G1 X105.807 Y92.069 E12.21316
G1 X106.600 Y92.069 E12.23202
G1 X105.542 Y93.127 E12.26762
G1 X104.124 Y92.167 F7800.000
G1 F4800.000
G1 X103.369 Y92.921 E12.29301
G1 X103.370 Y92.069 E12.31328
G1 X104.098 Y92.069 E12.33060
G1 X104.124 Y92.167 E12.33300
G1 X101.210 Y94.288 F7800.000
G1 F4800.000
G1 X101.377 Y94.913 E12.34840
G1 X100.233 Y96.058 E12.38691
G1 X99.608 Y95.890 E12.40231
G1 X98.463 Y97.035 E12.44082
G1 X98.631 Y97.660 E12.45622
G1 X97.486 Y98.804 E12.49473
G1 X96.861 Y98.637 E12.51013
G1 X95.717 Y99.781 E12.54864
G1 X95.884 Y100.406 E12.56404
G1 X94.740 Y101.551 E12.60255
G1 X94.115 Y101.383 E12.61795
G1 X92.970 Y102.527 E12.65646
G1 X93.138 Y103.153 E12.67186
G1 X92.069 Y104.221 E12.70781
G1 X92.069 Y101.996 E12.76076
G1 X92.574 Y102.131 E12.77319
G1 X93.718 Y100.987 E12.81169
G1 X93.551 Y100.361 E12.82710
G1 X94.695 Y99.217 E12.86560
G1 X95.320 Y99.385 E12.88100
G1 X96.465 Y98.240 E12.91951
G1 X96.297 Y97.615 E12.93491
G1 X97.441 Y96.471 E12.97342
G1 X98.067 Y96.638 E12.98882
G1 X99.211 Y95.494 E13.02733
G1 X99.044 Y94.868 E13.04273
G1 X99.947 Y93.965 E13.07314
G1 X101.533 Y93.965 E13.11087
G1 X101.210 Y94.288 E13.12175
G1 X98.647 Y94.472 F7800.000
G1 F4800.000
G1 X98.022 Y94.305 E13.13716
G1 X96.878 Y95.449 E13.17566
G1 X97.045 Y96.074 E13.19107
G1 X95.901 Y97.219 E13.22957
G1 X95.275 Y97.051 E13.24498
G1 X94.131 Y98.195 E13.28348
G1 X94.299 Y98.821 E13.29888
G1 X93.154 Y99.965 E13.33739
G1 X92.529 Y99.797 E13.35279
G1 X92.069 Y100.257 E13.36826
G1 X92.069 Y99.464 E13.38712
G1 X92.133 Y99.401 E13.38925
G1 X92.069 Y99.165 E13.39506
G1 X92.069 Y98.671 E13.40681
G1 X93.109 Y97.631 E13.44180
G1 X93.735 Y97.799 E13.45721
G1 X94.879 Y96.655 E13.49571
G1 X94.711 Y96.029 E13.51111
G1 X95.856 Y94.885 E13.54962
G1 X96.481 Y95.052 E13.56502
G1 X97.569 Y93.965 E13.60163
G1 X99.155 Y93.965 E13.63935
G1 X98.647 Y94.472 E13.65643
G1 X95.620 Y93.535 F7800.000
G1 F4800.000
G1 X95.292 Y93.863 E13.66747
G1 X95.459 Y94.488 E13.68287
G1 X94.315 Y95.633 E13.72138
G1 X93.690 Y95.465 E13.73678
G1 X92.545 Y96.610 E13.77529
G1 X92.713 Y97.235 E13.79069
G1 X92.069 Y97.879 E13.81235
G1 X92.069 Y96.192 E13.85248
G1 X92.149 Y96.213 E13.85444
G1 X93.293 Y95.069 E13.89294
G1 X93.126 Y94.444 E13.90835
G1 X94.270 Y93.299 E13.94685
G1 X94.895 Y93.467 E13.96226
G1 X95.620 Y92.743 E13.98663
G1 X95.620 Y93.535 E14.00548
G1 X93.706 Y92.278 F7800.000
G1 F4800.000
G1 X93.874 Y92.903 E14.02088
G1 X92.729 Y94.047 E14.05939
G1 X92.104 Y93.880 E14.07479
G1 X92.069 Y93.914 E14.07596
G1 X92.069 Y92.329 E14.11369
G1 X92.329 Y92.069 E14.12242
G1 X93.914 Y92.069 E14.16014
G1 X93.706 Y92.278 E14.16715
G1 X92.558 Y107.931 F7800.000
G1 F4800.000
G1 X92.324 Y107.931 E14.17271
G1 X92.373 Y107.881 E14.17437
G1 X92.558 Y107.931 E14.17891
G1 X107.931 Y107.388 F7800.000
G1 F4800.000
G1 X107.388 Y107.931 E14.19717
G1 X105.802 Y107.931 E14.23490
G1 X105.979 Y107.754 E14.24083
G1 X105.811 Y107.129 E14.25624
G1 X106.955 Y105.985 E14.29474
G1 X107.581 Y106.152 E14.31014
G1 X107.931 Y105.802 E14.32192
G1 X107.931 Y107.388 E14.35965
M106 S255
G1 Z9.750 F7800.000
G1 E12.35965 F2400.00000
G92 E0
G1 X111.500 Y101.205 F7800.000
G1 E2.00000 F2400.00000
G1 F600.000
G1 X111.500 Y97.964 E2.04651
G1 X110.825 Y97.964 E2.05619
G1 X110.825 Y99.604 E2.07972
G1 X108.889 Y99.603 E2.10750
G1 X108.889 Y99.631 E2.10789
G1 X110.825 Y99.631 E2.13567
G1 X110.825 Y101.204 E2.15824
G1 X111.500 Y101.205 E2.16792
G1 E0.16792 F2400.00000
G92 E0
G1 X100.900 Y89.175 F7800.000
G1 E2.00000 F2400.00000
G1 F600.000
G1 X100.900 Y88.500 E2.00968
G1 X98.600 Y88.500 E2.04268
G1 X98.600 Y89.175 E2.05237
G1 X100.900 Y89.175 E2.08537
M106 S242.25
G1 Z9.850 F7800.000
G1 X101.106 Y89.175 F7800.000
G1 F3600.000
G1 X101.106 Y88.500 E2.09041
G1 X98.325 Y88.500 E2.11121
G1 X98.325 Y89.175 E2.11626
G1 X101.106 Y89.175 E2.13705
G1 E0.13705 F2400.00000
G92 E0
G1 X111.500 Y101.205 F7800.000
G1 E2.00000 F2400.00000
G1 F3600.000
G1 X111.500 Y97.964 E2.02424
G1 X110.825 Y97.964 E2.02928
G1 X110.825 Y99.601 E2.04152
G1 X108.889 Y99.600 E2.05600
G1 X108.889 Y99.631 E2.05623
G1 X110.825 Y99.631 E2.07071
G1 X110.825 Y101.204 E2.08247
G1 X111.500 Y101.205 E2.08751
G1 Z10.050 F7800.000
G1 E0.08751 F2400.00000
G92 E0
G1 X106.590 Y101.926 F7800.000
G1 E2.00000 F2400.00000
G1 F3600.000
G1 X108.529 Y101.927 E2.05231
G1 X108.529 Y108.529 E2.23041
G1 X91.471 Y108.529 E2.69056
G1 X91.471 Y91.471 E3.15072
G1 X96.384 Y91.471 E3.28324
G1 X96.385 Y93.367 E3.33437
G1 X102.581 Y93.367 E3.50153
G1 X102.582 Y91.471 E3.55267
G1 X108.529 Y91.471 E3.71309
G1 X108.529 Y97.303 E3.87042
G1 X106.592 Y97.303 E3.92268
G1 X106.590 Y101.851 E4.04537
G1 X107.226 Y101.291 F7800.000
G1 F3600.000
G1 X109.164 Y101.291 E4.09768
G1 X109.164 Y109.164 E4.31006
G1 X90.836 Y109.164 E4.80451
G1 X90.836 Y90.836 E5.29895
G1 X97.019 Y90.836 E5.46576
G1 X97.020 Y92.731 E5.51690
G1 X101.946 Y92.731 E5.64978
G1 X101.947 Y90.836 E5.70092
G1 X109.164 Y90.836 E5.89562
G1 X109.164 Y97.939 E6.08726
G1 X107.227 Y97.939 E6.13952
G1 X107.226 Y101.216 E6.22792
G1 X107.786 Y100.730 F7800.000
G1 F1800.000
G1 X109.725 Y100.731 E6.26787
G1 X109.725 Y109.725 E6.45324
G1 X90.275 Y109.725 E6.85412
G1 X90.275 Y90.275 E7.25499
G1 X97.579 Y90.275 E7.40553
G1 X97.580 Y92.171 E7.44460
G1 X101.386 Y92.171 E7.52303
G1 X101.387 Y90.275 E7.56210
G1 X109.725 Y90.275 E7.73396
G1 X109.725 Y98.500 E7.90348
G1 X107.787 Y98.499 E7.94341
G1 X107.786 Y100.655 E7.98784
G1 X107.668 Y101.216 F7800.000
G1 X107.931 Y102.525 F7800.000
G1 F4800.000
G1 X107.931 Y103.924 E8.02115
G1 X107.536 Y103.819 E8.03087
G1 X107.189 Y102.524 E8.06275
G1 X107.931 Y102.525 E8.08040
G1 X101.774 Y95.310 F7800.000
G1 F4800.000
G1 X102.399 Y95.477 E8.09580
G1 X102.818 Y97.041 E8.13431
G1 X102.360 Y97.498 E8.14971
G1 X102.779 Y99.062 E8.18822
G1 X103.404 Y99.229 E8.20362
G1 X103.823 Y100.792 E8.24213
G1 X103.365 Y101.250 E8.25753
G1 X103.784 Y102.813 E8.29603
G1 X104.409 Y102.981 E8.31144
G1 X104.828 Y104.544 E8.34994
G1 X104.371 Y105.002 E8.36535
G1 X104.789 Y106.565 E8.40385
G1 X105.415 Y106.733 E8.41926
G1 X105.736 Y107.931 E8.44877
G1 X103.995 Y107.931 E8.49020
G1 X103.790 Y107.168 E8.50899
G1 X104.248 Y106.710 E8.52439
G1 X103.829 Y105.147 E8.56290
G1 X103.204 Y104.979 E8.57830
G1 X102.785 Y103.416 E8.61681
G1 X103.243 Y102.958 E8.63221
G1 X102.824 Y101.395 E8.67072
G1 X102.198 Y101.228 E8.68612
G1 X101.780 Y99.664 E8.72463
G1 X102.237 Y99.207 E8.74003
G1 X101.818 Y97.643 E8.77853
G1 X101.193 Y97.476 E8.79394
G1 X100.774 Y95.913 E8.83244
G1 X101.232 Y95.455 E8.84785
G1 X100.833 Y93.965 E8.88455
G1 X101.413 Y93.965 E8.89836
G1 X101.774 Y95.310 E8.93148
G1 X99.189 Y94.327 F7800.000
G1 F4800.000
G1 X99.608 Y95.890 E8.96999
G1 X100.233 Y96.058 E8.98539
G1 X100.652 Y97.621 E9.02390
G1 X100.194 Y98.079 E9.03930
G1 X100.613 Y99.642 E9.07781
G1 X101.238 Y99.809 E9.09321
G1 X101.657 Y101.373 E9.13172
G1 X101.199 Y101.830 E9.14712
G1 X101.618 Y103.394 E9.18563
G1 X102.243 Y103.561 E9.20103
G1 X102.662 Y105.124 E9.23954
G1 X102.204 Y105.582 E9.25494
G1 X102.623 Y107.145 E9.29345
G1 X103.249 Y107.313 E9.30885
G1 X103.414 Y107.931 E9.32407
G1 X101.673 Y107.931 E9.36549
G1 X101.624 Y107.748 E9.36999
G1 X102.082 Y107.290 E9.38539
G1 X101.663 Y105.727 E9.42390
G1 X101.038 Y105.560 E9.43930
G1 X100.619 Y103.996 E9.47781
G1 X101.077 Y103.539 E9.49321
G1 X100.658 Y101.976 E9.53172
G1 X100.032 Y101.808 E9.54712
G1 X99.614 Y100.245 E9.58562
G1 X100.071 Y99.787 E9.60103
G1 X99.652 Y98.224 E9.63953
G1 X99.027 Y98.056 E9.65494
G1 X98.608 Y96.493 E9.69344
G1 X99.066 Y96.035 E9.70885
G1 X98.647 Y94.472 E9.74735
G1 X98.022 Y94.305 E9.76275
G1 X97.931 Y93.965 E9.77112
G1 X99.551 Y93.965 E9.80966
G1 X99.189 Y94.327 E9.82184
G1 X95.787 Y93.965 F7800.000
G1 F4800.000
G1 X97.350 Y93.965 E9.85905
G1 X97.480 Y94.450 E9.87099
G1 X97.023 Y94.907 E9.88639
G1 X97.441 Y96.471 E9.92490
G1 X98.067 Y96.638 E9.94030
G1 X98.486 Y98.201 E9.97881
G1 X98.028 Y98.659 E9.99421
G1 X98.447 Y100.222 E10.03272
G1 X99.072 Y100.390 E10.04812
G1 X99.491 Y101.953 E10.08662
G1 X99.033 Y102.411 E10.10203
G1 X99.452 Y103.974 E10.14053
G1 X100.077 Y104.142 E10.15594
G1 X100.496 Y105.705 E10.19444
G1 X100.038 Y106.163 E10.20985
G1 X100.457 Y107.726 E10.24835
G1 X101.083 Y107.893 E10.26375
G1 X101.093 Y107.931 E10.26467
G1 X99.856 Y107.931 E10.29410
G1 X99.916 Y107.871 E10.29611
G1 X99.497 Y106.308 E10.33462
G1 X98.872 Y106.140 E10.35002
G1 X98.453 Y104.577 E10.38852
G1 X98.911 Y104.119 E10.40393
G1 X98.492 Y102.556 E10.44243
G1 X97.866 Y102.388 E10.45784
G1 X97.447 Y100.825 E10.49634
G1 X97.905 Y100.367 E10.51175
G1 X97.486 Y98.804 E10.55025
G1 X96.861 Y98.637 E10.56565
G1 X96.442 Y97.073 E10.60416
G1 X96.900 Y96.616 E10.61956
G1 X96.481 Y95.052 E10.65807
G1 X95.856 Y94.885 E10.67347
G1 X95.437 Y93.322 E10.71198
G1 X95.786 Y92.972 E10.72373
G1 X95.787 Y93.965 E10.74735
G1 X95.786 Y92.458 F7800.000
G1 F4800.000
G1 X95.682 Y92.069 E10.75694
G1 X95.786 Y92.069 E10.75941
G1 X95.786 Y92.458 E10.76867
G1 X94.270 Y93.299 F7800.000
G1 F4800.000
G1 X94.895 Y93.467 E10.78407
G1 X95.314 Y95.030 E10.82258
G1 X94.857 Y95.488 E10.83798
G1 X95.275 Y97.051 E10.87649
G1 X95.901 Y97.219 E10.89189
G1 X96.320 Y98.782 E10.93040
G1 X95.862 Y99.239 E10.94580
G1 X96.281 Y100.803 E10.98431
G1 X96.906 Y100.970 E10.99971
G1 X97.325 Y102.533 E11.03822
G1 X96.867 Y102.991 E11.05362
G1 X97.286 Y104.554 E11.09213
G1 X97.911 Y104.722 E11.10753
G1 X98.330 Y106.285 E11.14604
G1 X97.872 Y106.743 E11.16144
G1 X98.191 Y107.931 E11.19069
G1 X97.610 Y107.931 E11.20450
G1 X97.331 Y106.888 E11.23019
G1 X96.706 Y106.720 E11.24559
G1 X96.287 Y105.157 E11.28410
G1 X96.744 Y104.700 E11.29950
G1 X96.326 Y103.136 E11.33801
G1 X95.700 Y102.969 E11.35341
G1 X95.281 Y101.406 E11.39191
G1 X95.739 Y100.948 E11.40732
G1 X95.320 Y99.385 E11.44582
G1 X94.695 Y99.217 E11.46123
G1 X94.276 Y97.654 E11.49973
G1 X94.734 Y97.196 E11.51514
G1 X94.315 Y95.633 E11.55364
G1 X93.690 Y95.465 E11.56904
G1 X93.271 Y93.902 E11.60755
G1 X93.729 Y93.444 E11.62295
G1 X93.360 Y92.069 E11.65682
G1 X93.941 Y92.069 E11.67063
G1 X94.270 Y93.299 E11.70093
G1 X92.104 Y93.880 F7800.000
G1 F4800.000
G1 X92.729 Y94.047 E11.71633
G1 X93.148 Y95.610 E11.75484
G1 X92.690 Y96.068 E11.77024
G1 X93.109 Y97.631 E11.80875
G1 X93.735 Y97.799 E11.82415
G1 X94.153 Y99.362 E11.86266
G1 X93.696 Y99.820 E11.87806
G1 X94.115 Y101.383 E11.91656
G1 X94.740 Y101.551 E11.93197
G1 X95.159 Y103.114 E11.97047
G1 X94.701 Y103.572 E11.98588
G1 X95.120 Y105.135 E12.02438
G1 X95.745 Y105.302 E12.03979
G1 X96.164 Y106.866 E12.07829
G1 X95.706 Y107.323 E12.09369
G1 X95.869 Y107.931 E12.10865
G1 X95.289 Y107.931 E12.12246
G1 X95.165 Y107.468 E12.13385
G1 X94.539 Y107.301 E12.14925
G1 X94.121 Y105.738 E12.18776
G1 X94.578 Y105.280 E12.20316
G1 X94.160 Y103.717 E12.24167
G1 X93.534 Y103.549 E12.25707
G1 X93.115 Y101.986 E12.29558
G1 X93.573 Y101.528 E12.31098
G1 X93.154 Y99.965 E12.34949
G1 X92.529 Y99.797 E12.36489
G1 X92.110 Y98.234 E12.40339
G1 X92.568 Y97.776 E12.41880
G1 X92.149 Y96.213 E12.45730
G1 X92.069 Y96.192 E12.45927
G1 X92.069 Y93.750 E12.51737
G1 X92.104 Y93.880 E12.52056
G1 X92.574 Y102.131 F7800.000
G1 F4800.000
G1 X92.993 Y103.694 E12.55906
G1 X92.535 Y104.152 E12.57447
G1 X92.954 Y105.715 E12.61297
G1 X93.579 Y105.883 E12.62838
G1 X93.998 Y107.446 E12.66688
G1 X93.540 Y107.904 E12.68228
G1 X93.547 Y107.931 E12.68295
G1 X92.558 Y107.931 E12.70650
G1 X92.373 Y107.881 E12.71104
G1 X92.069 Y106.746 E12.73899
G1 X92.069 Y106.203 E12.75191
G1 X92.412 Y105.860 E12.76345
G1 X92.069 Y104.580 E12.79498
G1 X92.069 Y101.996 E12.85648
G1 X92.574 Y102.131 E12.86890
G1 X103.979 Y92.708 F7800.000
G1 F4800.000
G1 X103.521 Y93.166 E12.88431
G1 X103.940 Y94.729 E12.92281
G1 X104.565 Y94.897 E12.93822
G1 X104.984 Y96.460 E12.97672
G1 X104.526 Y96.918 E12.99213
G1 X104.945 Y98.481 E13.03063
G1 X105.570 Y98.649 E13.04603
G1 X105.989 Y100.212 E13.08454
G1 X105.531 Y100.670 E13.09994
G1 X105.950 Y102.233 E13.13845
G1 X105.991 Y102.244 E13.13947
G1 X105.991 Y102.524 E13.14612
G1 X106.609 Y102.524 E13.16081
G1 X106.994 Y103.964 E13.19627
G1 X106.537 Y104.421 E13.21168
G1 X106.955 Y105.985 E13.25018
G1 X107.581 Y106.152 E13.26559
G1 X107.931 Y107.458 E13.29775
G1 X107.931 Y107.784 E13.30552
G1 X107.784 Y107.931 E13.31044
G1 X106.316 Y107.931 E13.34537
G1 X105.956 Y106.587 E13.37846
G1 X106.414 Y106.130 E13.39386
G1 X105.995 Y104.566 E13.43237
G1 X105.370 Y104.399 E13.44777
G1 X104.951 Y102.836 E13.48628
G1 X105.409 Y102.378 E13.50168
G1 X104.990 Y100.815 E13.54019
G1 X104.365 Y100.647 E13.55559
G1 X103.946 Y99.084 E13.59410
G1 X104.403 Y98.626 E13.60950
G1 X103.985 Y97.063 E13.64801
G1 X103.359 Y96.895 E13.66341
G1 X102.940 Y95.332 E13.70192
G1 X103.398 Y94.874 E13.71732
G1 X103.154 Y93.965 E13.73972
G1 X103.179 Y93.965 E13.74031
G1 X103.180 Y92.069 E13.78541
G1 X103.807 Y92.069 E13.80034
G1 X103.979 Y92.708 E13.81608
G1 X106.145 Y92.128 F7800.000
G1 F4800.000
G1 X105.687 Y92.586 E13.83148
G1 X106.106 Y94.149 E13.86999
G1 X106.731 Y94.317 E13.88539
G1 X107.150 Y95.880 E13.92390
G1 X106.692 Y96.337 E13.93930
G1 X106.791 Y96.705 E13.94834
G1 X106.210 Y96.704 E13.96215
G1 X106.151 Y96.483 E13.96762
G1 X105.525 Y96.315 E13.98302
G1 X105.106 Y94.752 E14.02153
G1 X105.564 Y94.294 E14.03693
G1 X105.145 Y92.731 E14.07543
G1 X104.520 Y92.563 E14.09084
G1 X104.388 Y92.069 E14.10301
G1 X106.129 Y92.069 E14.14443
G1 X106.145 Y92.128 E14.14588
G1 X107.931 Y92.295 F7800.000
G1 F4800.000
G1 X107.931 Y95.799 E14.22924
G1 X107.691 Y95.735 E14.23513
G1 X107.273 Y94.171 E14.27364
G1 X107.730 Y93.714 E14.28904
G1 X107.311 Y92.150 E14.32754
G1 X107.009 Y92.069 E14.33500
G1 X107.870 Y92.069 E14.35550
G1 X107.931 Y92.295 E14.36107
G1 Z10.150 F7800.000
G1 E12.36107 F2400.00000
G92 E0
G1 X101.106 Y89.175 F7800.000
G1 E2.00000 F2400.00000
G1 F3600.000
G1 X101.106 Y88.500 E2.01391
G1 X98.050 Y88.500 E2.07690
G1 X98.050 Y89.175 E2.09081
G1 X101.106 Y89.175 E2.15381
G1 E0.15381 F2400.00000
G92 E0
G1 X111.500 Y101.205 F7800.000
G1 E2.00000 F2400.00000
G1 F3600.000
G1 X111.500 Y97.964 E2.06681
G1 X110.825 Y97.964 E2.08072
G1 X110.825 Y99.601 E2.11445
G1 X108.889 Y99.600 E2.15435
G1 X108.889 Y99.627 E2.15492
G1 X110.825 Y99.628 E2.19483
G1 X110.825 Y101.204 E2.22731
G1 X111.500 Y101.205 E2.24122
G1 Z10.350 F7800.000
G1 E0.24122 F2400.00000
G92 E0
G1 X106.590 Y101.923 F7800.000
G1 E2.00000 F2400.00000
G1 F3600.000
G1 X108.529 Y101.923 E2.05230
G1 X108.529 Y108.529 E2.23049
G1 X91.471 Y108.529 E2.69064
G1 X91.471 Y91.471 E3.15079
G1 X96.550 Y91.471 E3.28780
G1 X96.551 Y93.367 E3.33895
G1 X102.391 Y93.367 E3.49650
G1 X102.392 Y91.471 E3.54764
G1 X108.529 Y91.471 E3.71318
G1 X108.529 Y97.300 E3.87042
G1 X106.592 Y97.299 E3.92267
G1 X106.590 Y101.848 E4.04536
G1 X107.226 Y101.287 F7800.000
G1 F3600.000
G1 X109.164 Y101.288 E4.09765
G1 X109.164 Y109.164 E4.31013
G1 X90.836 Y109.164 E4.80457
G1 X90.836 Y90.836 E5.29902
G1 X97.186 Y90.836 E5.47032
G1 X97.186 Y92.731 E5.52146
G1 X101.756 Y92.731 E5.64474
G1 X101.757 Y90.836 E5.69588
G1 X109.164 Y90.836 E5.89570
G1 X109.164 Y97.936 E6.08725
G1 X107.228 Y97.935 E6.13950
G1 X107.226 Y101.212 E6.22790
G1 X107.787 Y100.727 F7800.000
G1 F1800.000
G1 X109.725 Y100.728 E6.26784
G1 X109.725 Y109.725 E6.45328
G1 X90.275 Y109.725 E6.85415
G1 X90.275 Y90.275 E7.25502
G1 X97.746 Y90.275 E7.40900
G1 X97.747 Y92.171 E7.44807
G1 X101.196 Y92.171 E7.51916
G1 X101.197 Y90.275 E7.55823
G1 X109.725 Y90.275 E7.73400
G1 X109.725 Y98.497 E7.90346
G1 X107.788 Y98.496 E7.94338
G1 X107.787 Y100.652 E7.98781
G1 X107.669 Y101.213 F7800.000
G1 X103.376 Y93.708 F7800.000
G1 F4800.000
G1 X103.543 Y94.333 E8.00322
G1 X105.106 Y94.752 E8.04172
G1 X105.564 Y94.294 E8.05712
G1 X107.127 Y94.713 E8.09563
G1 X107.295 Y95.338 E8.11103
G1 X107.931 Y95.509 E8.12669
G1 X107.931 Y96.089 E8.14050
G1 X107.150 Y95.880 E8.15973
G1 X106.692 Y96.337 E8.17514
G1 X105.129 Y95.919 E8.21364
G1 X104.961 Y95.293 E8.22905
G1 X103.398 Y94.874 E8.26755
G1 X102.940 Y95.332 E8.28296
G1 X101.377 Y94.913 E8.32146
G1 X101.210 Y94.288 E8.33686
G1 X100.005 Y93.965 E8.36655
G1 X102.989 Y93.965 E8.43756
G1 X102.989 Y93.604 E8.44615
G1 X103.376 Y93.708 E8.45567
G1 X104.124 Y92.167 F7800.000
G1 F4800.000
G1 X105.687 Y92.586 E8.49418
G1 X106.145 Y92.128 E8.50958
G1 X107.708 Y92.547 E8.54808
G1 X107.875 Y93.172 E8.56349
G1 X107.931 Y93.187 E8.56485
G1 X107.931 Y93.767 E8.57866
G1 X107.730 Y93.714 E8.58359
G1 X107.273 Y94.171 E8.59900
G1 X105.709 Y93.753 E8.63750
G1 X105.542 Y93.127 E8.65291
G1 X103.979 Y92.708 E8.69141
G1 X103.521 Y93.166 E8.70682
G1 X102.990 Y93.024 E8.71990
G1 X102.990 Y92.069 E8.74261
G1 X104.098 Y92.069 E8.76895
G1 X104.124 Y92.167 E8.77136
G1 X99.189 Y94.327 F7800.000
G1 F4800.000
G1 X97.838 Y93.965 E8.80462
G1 X99.550 Y93.965 E8.84535
G1 X99.189 Y94.327 E8.85752
G1 X95.953 Y92.879 F7800.000
G1 F4800.000
G1 X95.895 Y92.864 E8.85895
G1 X95.437 Y93.322 E8.87436
G1 X93.874 Y92.903 E8.91286
G1 X93.706 Y92.278 E8.92827
G1 X92.929 Y92.069 E8.94740
G1 X95.952 Y92.069 E9.01933
G1 X95.953 Y92.879 E9.03861
G1 X95.292 Y93.863 F7800.000
G1 F4800.000
G1 X95.459 Y94.488 E9.05401
G1 X97.023 Y94.907 E9.09252
G1 X97.480 Y94.450 E9.10792
G1 X99.044 Y94.868 E9.14643
G1 X99.211 Y95.494 E9.16183
G1 X100.774 Y95.913 E9.20034
G1 X101.232 Y95.455 E9.21574
G1 X102.795 Y95.874 E9.25425
G1 X102.963 Y96.499 E9.26965
G1 X104.526 Y96.918 E9.30816
G1 X104.984 Y96.460 E9.32356
G1 X105.994 Y96.731 E9.34845
G1 X105.994 Y98.472 E9.38987
G1 X104.549 Y98.085 E9.42547
G1 X104.381 Y97.459 E9.44087
G1 X102.818 Y97.041 E9.47938
G1 X102.360 Y97.498 E9.49478
G1 X100.797 Y97.079 E9.53329
G1 X100.629 Y96.454 E9.54869
G1 X99.066 Y96.035 E9.58720
G1 X98.608 Y96.493 E9.60260
G1 X97.045 Y96.074 E9.64111
G1 X96.878 Y95.449 E9.65651
G1 X95.314 Y95.030 E9.69501
G1 X94.857 Y95.488 E9.71042
G1 X93.293 Y95.069 E9.74892
G1 X93.126 Y94.444 E9.76433
G1 X92.069 Y94.161 E9.79035
G1 X92.069 Y93.580 E9.80416
G1 X93.271 Y93.902 E9.83376
G1 X93.729 Y93.444 E9.84916
G1 X95.292 Y93.863 E9.88766
G1 X94.711 Y96.029 F7800.000
G1 F4800.000
G1 X94.879 Y96.655 E9.90307
G1 X96.442 Y97.073 E9.94157
G1 X96.900 Y96.616 E9.95698
G1 X98.463 Y97.035 E9.99548
G1 X98.631 Y97.660 E10.01089
G1 X100.194 Y98.079 E10.04939
G1 X100.652 Y97.621 E10.06479
G1 X102.215 Y98.040 E10.10330
G1 X102.382 Y98.665 E10.11870
G1 X103.946 Y99.084 E10.15721
G1 X104.403 Y98.626 E10.17261
G1 X105.967 Y99.045 E10.21112
G1 X105.993 Y99.144 E10.21357
G1 X105.993 Y100.213 E10.23899
G1 X105.531 Y100.670 E10.25444
G1 X103.968 Y100.251 E10.29294
G1 X103.801 Y99.625 E10.30835
G1 X102.237 Y99.207 E10.34685
G1 X101.780 Y99.664 E10.36226
G1 X100.216 Y99.245 E10.40076
G1 X100.049 Y98.620 E10.41616
G1 X98.486 Y98.201 E10.45467
G1 X98.028 Y98.659 E10.47007
G1 X96.465 Y98.240 E10.50858
G1 X96.297 Y97.615 E10.52398
G1 X94.734 Y97.196 E10.56249
G1 X94.276 Y97.654 E10.57789
G1 X92.713 Y97.235 E10.61640
G1 X92.545 Y96.610 E10.63180
G1 X92.069 Y96.482 E10.64353
G1 X92.069 Y95.902 E10.65734
G1 X92.690 Y96.068 E10.67264
G1 X93.148 Y95.610 E10.68804
G1 X94.711 Y96.029 E10.72655
G1 X94.131 Y98.195 F7800.000
G1 F4800.000
G1 X94.299 Y98.821 E10.74195
G1 X95.862 Y99.239 E10.78045
G1 X96.320 Y98.782 E10.79586
G1 X97.883 Y99.201 E10.83436
G1 X98.050 Y99.826 E10.84977
G1 X99.614 Y100.245 E10.88827
G1 X100.071 Y99.787 E10.90368
G1 X101.635 Y100.206 E10.94218
G1 X101.802 Y100.831 E10.95758
G1 X103.365 Y101.250 E10.99609
G1 X103.823 Y100.792 E11.01149
G1 X105.386 Y101.211 E11.05000
G1 X105.554 Y101.836 E11.06540
G1 X105.992 Y101.954 E11.07620
G1 X105.992 Y102.520 E11.08968
G1 X107.931 Y102.521 E11.13581
G1 X107.931 Y103.634 E11.16229
G1 X107.139 Y103.422 E11.18178
G1 X106.972 Y102.797 E11.19718
G1 X105.409 Y102.378 E11.23569
G1 X104.951 Y102.836 E11.25109
G1 X103.388 Y102.417 E11.28960
G1 X103.220 Y101.792 E11.30500
G1 X101.657 Y101.373 E11.34351
G1 X101.199 Y101.830 E11.35891
G1 X99.636 Y101.412 E11.39741
G1 X99.468 Y100.786 E11.41282
G1 X97.905 Y100.367 E11.45132
G1 X97.447 Y100.825 E11.46673
G1 X95.884 Y100.406 E11.50523
G1 X95.717 Y99.781 E11.52064
G1 X94.153 Y99.362 E11.55914
G1 X93.696 Y99.820 E11.57454
G1 X92.133 Y99.401 E11.61305
G1 X92.069 Y99.165 E11.61886
G1 X92.069 Y98.223 E11.64127
G1 X92.110 Y98.234 E11.64227
G1 X92.568 Y97.776 E11.65768
G1 X94.131 Y98.195 E11.69618
G1 X93.551 Y100.361 F7800.000
G1 F4800.000
G1 X93.718 Y100.987 E11.71159
G1 X95.281 Y101.406 E11.75009
G1 X95.739 Y100.948 E11.76550
G1 X97.302 Y101.367 E11.80400
G1 X97.470 Y101.992 E11.81940
G1 X99.033 Y102.411 E11.85791
G1 X99.491 Y101.953 E11.87331
G1 X101.054 Y102.372 E11.91182
G1 X101.222 Y102.997 E11.92722
G1 X102.785 Y103.416 E11.96573
G1 X103.243 Y102.958 E11.98113
G1 X104.806 Y103.377 E12.01964
G1 X104.973 Y104.002 E12.03504
G1 X106.537 Y104.421 E12.07355
G1 X106.994 Y103.964 E12.08895
G1 X107.931 Y104.214 E12.11201
G1 X107.931 Y105.956 E12.15344
G1 X106.559 Y105.588 E12.18723
G1 X106.392 Y104.963 E12.20263
G1 X104.828 Y104.544 E12.24114
G1 X104.371 Y105.002 E12.25654
G1 X102.807 Y104.583 E12.29505
G1 X102.640 Y103.958 E12.31045
G1 X101.077 Y103.539 E12.34896
G1 X100.619 Y103.996 E12.36436
G1 X99.056 Y103.578 E12.40286
G1 X98.888 Y102.952 E12.41827
G1 X97.325 Y102.533 E12.45677
G1 X96.867 Y102.991 E12.47218
G1 X95.304 Y102.572 E12.51068
G1 X95.136 Y101.947 E12.52609
G1 X93.573 Y101.528 E12.56459
G1 X93.115 Y101.986 E12.57999
G1 X92.069 Y101.706 E12.60576
G1 X92.069 Y99.964 E12.64719
G1 X93.551 Y100.361 E12.68368
G1 X92.970 Y102.527 F7800.000
G1 F4800.000
G1 X93.138 Y103.153 E12.69908
G1 X94.701 Y103.572 E12.73759
G1 X95.159 Y103.114 E12.75299
G1 X96.722 Y103.533 E12.79150
G1 X96.890 Y104.158 E12.80690
G1 X98.453 Y104.577 E12.84541
G1 X98.911 Y104.119 E12.86081
G1 X100.474 Y104.538 E12.89931
G1 X100.641 Y105.163 E12.91472
G1 X102.204 Y105.582 E12.95322
G1 X102.662 Y105.124 E12.96863
G1 X104.225 Y105.543 E13.00713
G1 X104.393 Y106.169 E13.02254
G1 X105.956 Y106.587 E13.06104
G1 X106.414 Y106.130 E13.07644
G1 X107.931 Y106.536 E13.11380
G1 X107.931 Y107.784 E13.14351
G1 X107.784 Y107.931 E13.14843
G1 X106.637 Y107.931 E13.17573
G1 X105.979 Y107.754 E13.19194
G1 X105.811 Y107.129 E13.20735
G1 X104.248 Y106.710 E13.24585
G1 X103.790 Y107.168 E13.26126
G1 X102.227 Y106.749 E13.29976
G1 X102.059 Y106.124 E13.31516
G1 X100.496 Y105.705 E13.35367
G1 X100.038 Y106.163 E13.36907
G1 X98.475 Y105.744 E13.40758
G1 X98.308 Y105.118 E13.42298
G1 X96.744 Y104.700 E13.46149
G1 X96.287 Y105.157 E13.47689
G1 X94.723 Y104.738 E13.51540
G1 X94.556 Y104.113 E13.53080
G1 X92.993 Y103.694 E13.56931
G1 X92.535 Y104.152 E13.58471
G1 X92.069 Y104.027 E13.59618
G1 X92.069 Y102.286 E13.63761
G1 X92.970 Y102.527 E13.65980
G1 X92.390 Y104.694 F7800.000
G1 F4800.000
G1 X92.557 Y105.319 E13.67520
G1 X94.121 Y105.738 E13.71371
G1 X94.578 Y105.280 E13.72911
G1 X96.142 Y105.699 E13.76762
G1 X96.309 Y106.324 E13.78302
G1 X97.872 Y106.743 E13.82153
G1 X98.330 Y106.285 E13.83693
G1 X99.893 Y106.704 E13.87544
G1 X100.061 Y107.329 E13.89084
G1 X101.624 Y107.748 E13.92935
G1 X102.082 Y107.290 E13.94475
G1 X103.645 Y107.709 E13.98326
G1 X103.704 Y107.931 E13.98871
G1 X100.139 Y107.931 E14.07354
G1 X99.916 Y107.871 E14.07904
G1 X99.856 Y107.931 E14.08105
G1 X97.973 Y107.931 E14.12586
G1 X97.895 Y107.910 E14.12778
G1 X97.727 Y107.284 E14.14318
G1 X96.164 Y106.866 E14.18169
G1 X95.706 Y107.323 E14.19709
G1 X94.143 Y106.904 E14.23560
G1 X93.976 Y106.279 E14.25100
G1 X92.412 Y105.860 E14.28951
G1 X92.069 Y106.203 E14.30105
G1 X92.069 Y104.608 E14.33901
G1 X92.390 Y104.694 E14.34691
G1 X95.561 Y107.865 F7800.000
G1 F4800.000
G1 X95.579 Y107.931 E14.34853
G1 X92.069 Y107.931 E14.43203
G1 X92.069 Y107.510 E14.44205
G1 X93.540 Y107.904 E14.47828
G1 X93.998 Y107.446 E14.49368
G1 X95.561 Y107.865 E14.53219
G1 Z10.450 F7800.000
G1 E12.53219 F2400.00000
G92 E0
G1 X111.500 Y101.205 F7800.000
G1 E2.00000 F2400.00000
G1 F3600.000
G1 X111.500 Y97.964 E2.06681
G1 X110.825 Y97.964 E2.08072
G1 X110.825 Y99.597 E2.11438
G1 X108.889 Y99.597 E2.15429
G1 X108.889 Y99.627 E2.15492
G1 X110.825 Y99.628 E2.19483
G1 X110.825 Y101.204 E2.22731
G1 X111.500 Y101.205 E2.24122
G1 E0.24122 F2400.00000
G92 E0
G1 X101.106 Y89.175 F7800.000
G1 E2.00000 F2400.00000
G1 F3600.000
G1 X101.106 Y88.500 E2.01391
G1 X97.972 Y88.500 E2.07851
G1 X97.971 Y89.175 E2.09242
G1 X101.106 Y89.175 E2.15704
G1 Z10.650 F7800.000
G1 E0.15704 F2400.00000
G92 E0
G1 X106.591 Y101.986 F7800.000
G1 E2.00000 F2400.00000
G1 F3600.000
G1 X108.529 Y101.988 E2.05229
G1 X108.529 Y108.529 E2.22872
G1 X91.471 Y108.529 E2.68888
G1 X91.471 Y91.471 E3.14903
G1 X96.717 Y91.471 E3.29054
G1 X96.718 Y93.367 E3.34168
G1 X102.202 Y93.367 E3.48963
G1 X102.203 Y91.471 E3.54078
G1 X108.529 Y91.471 E3.71143
G1 X108.529 Y97.217 E3.86643
G1 X106.593 Y97.218 E3.91866
G1 X106.591 Y101.911 E4.04526
G1 X107.226 Y101.351 F7800.000
G1 F3600.000
G1 X109.164 Y101.354 E4.09753
G1 X109.164 Y109.164 E4.30824
G1 X90.836 Y109.164 E4.80269
G1 X90.836 Y90.836 E5.29714
G1 X97.352 Y90.836 E5.47293
G1 X97.353 Y92.732 E5.52408
G1 X101.566 Y92.732 E5.63774
G1 X101.567 Y90.836 E5.68889
G1 X109.164 Y90.836 E5.89383
G1 X109.164 Y97.852 E6.08312
G1 X107.228 Y97.853 E6.13535
G1 X107.227 Y101.276 E6.22769
G1 X107.787 Y100.791 F7800.000
G1 F1800.000
G1 X109.725 Y100.794 E6.26762
G1 X109.725 Y109.725 E6.45170
G1 X90.275 Y109.725 E6.85257
G1 X90.275 Y90.275 E7.25344
G1 X97.912 Y90.275 E7.41085
G1 X97.913 Y92.171 E7.44993
G1 X101.006 Y92.171 E7.51368
G1 X101.007 Y90.275 E7.55275
G1 X109.725 Y90.275 E7.73243
G1 X109.725 Y98.413 E7.90015
G1 X107.788 Y98.414 E7.94007
G1 X107.787 Y100.716 E7.98752
G1 X107.674 Y101.278 F7800.000
G1 X107.931 Y102.586 F7800.000
G1 F4800.000
G1 X107.931 Y103.924 E8.01937
G1 X107.536 Y103.819 E8.02910
G1 X106.392 Y104.963 E8.06760
G1 X106.559 Y105.588 E8.08301
G1 X105.415 Y106.733 E8.12151
G1 X104.789 Y106.565 E8.13692
G1 X103.645 Y107.709 E8.17542
G1 X103.704 Y107.931 E8.18087
G1 X101.838 Y107.931 E8.22528
G1 X102.623 Y107.145 E8.25170
G1 X103.249 Y107.313 E8.26711
G1 X104.393 Y106.169 E8.30561
G1 X104.225 Y105.543 E8.32101
G1 X105.370 Y104.399 E8.35952
G1 X105.995 Y104.566 E8.37492
G1 X107.139 Y103.422 E8.41343
G1 X106.972 Y102.797 E8.42883
G1 X107.184 Y102.585 E8.43597
G1 X107.931 Y102.586 E8.45374
G1 X105.992 Y102.244 F7800.000
G1 F4800.000
G1 X105.950 Y102.233 E8.45477
G1 X104.806 Y103.377 E8.49328
G1 X104.973 Y104.003 E8.50868
G1 X103.829 Y105.147 E8.54719
G1 X103.204 Y104.979 E8.56259
G1 X102.059 Y106.124 E8.60110
G1 X102.227 Y106.749 E8.61650
G1 X101.083 Y107.893 E8.65501
G1 X100.457 Y107.726 E8.67041
G1 X100.252 Y107.931 E8.67730
G1 X99.460 Y107.931 E8.69617
G1 X100.061 Y107.329 E8.71640
G1 X99.893 Y106.704 E8.73180
G1 X101.038 Y105.560 E8.77031
G1 X101.663 Y105.727 E8.78571
G1 X102.807 Y104.583 E8.82422
G1 X102.640 Y103.958 E8.83962
G1 X103.784 Y102.813 E8.87813
G1 X104.409 Y102.981 E8.89353
G1 X105.554 Y101.836 E8.93204
G1 X105.386 Y101.211 E8.94744
G1 X105.993 Y100.604 E8.96786
G1 X105.992 Y102.244 E9.00688
G1 X105.994 Y99.018 F7800.000
G1 F4800.000
G1 X105.967 Y99.045 E9.00779
G1 X105.994 Y99.146 E9.01028
G1 X105.993 Y99.811 E9.02610
G1 X104.990 Y100.815 E9.05987
G1 X104.365 Y100.647 E9.07527
G1 X103.220 Y101.792 E9.11378
G1 X103.388 Y102.417 E9.12918
G1 X102.243 Y103.561 E9.16769
G1 X101.618 Y103.394 E9.18309
G1 X100.474 Y104.538 E9.22160
G1 X100.641 Y105.163 E9.23700
G1 X99.497 Y106.308 E9.27551
G1 X98.872 Y106.140 E9.29091
G1 X97.727 Y107.284 E9.32942
G1 X97.895 Y107.910 E9.34482
G1 X97.874 Y107.931 E9.34552
G1 X95.579 Y107.931 E9.40013
G1 X95.561 Y107.865 E9.40175
G1 X96.706 Y106.721 E9.44026
G1 X97.331 Y106.888 E9.45566
G1 X98.475 Y105.744 E9.49417
G1 X98.308 Y105.118 E9.50957
G1 X99.452 Y103.974 E9.54808
G1 X100.077 Y104.142 E9.56348
G1 X101.222 Y102.997 E9.60198
G1 X101.054 Y102.372 E9.61739
G1 X102.198 Y101.228 E9.65589
G1 X102.824 Y101.395 E9.67130
G1 X103.968 Y100.251 E9.70980
G1 X103.801 Y99.625 E9.72521
G1 X104.945 Y98.481 E9.76371
G1 X105.570 Y98.649 E9.77911
G1 X105.994 Y98.225 E9.79338
G1 X105.994 Y99.018 E9.81225
G1 X107.931 Y95.799 F7800.000
G1 F4800.000
G1 X107.931 Y96.619 E9.83177
G1 X106.806 Y96.620 E9.85852
G1 X107.691 Y95.735 E9.88831
G1 X107.931 Y95.799 E9.89420
G1 X107.931 Y93.910 F7800.000
G1 F4800.000
G1 X107.127 Y94.713 E9.92123
G1 X107.295 Y95.338 E9.93663
G1 X106.151 Y96.483 E9.97514
G1 X105.525 Y96.315 E9.99054
G1 X104.381 Y97.459 E10.02905
G1 X104.549 Y98.085 E10.04445
G1 X103.404 Y99.229 E10.08295
G1 X102.779 Y99.062 E10.09836
G1 X101.635 Y100.206 E10.13686
G1 X101.802 Y100.831 E10.15227
G1 X100.658 Y101.976 E10.19077
G1 X100.032 Y101.808 E10.20618
G1 X98.888 Y102.952 E10.24468
G1 X99.056 Y103.578 E10.26008
G1 X97.911 Y104.722 E10.29859
G1 X97.286 Y104.554 E10.31399
G1 X96.142 Y105.699 E10.35250
G1 X96.309 Y106.324 E10.36790
G1 X95.165 Y107.468 E10.40641
G1 X94.539 Y107.301 E10.42181
G1 X93.910 Y107.931 E10.44300
G1 X93.117 Y107.931 E10.46187
G1 X94.143 Y106.904 E10.49640
G1 X93.976 Y106.279 E10.51180
G1 X95.120 Y105.135 E10.55031
G1 X95.745 Y105.302 E10.56571
G1 X96.890 Y104.158 E10.60422
G1 X96.722 Y103.533 E10.61962
G1 X97.866 Y102.388 E10.65812
G1 X98.492 Y102.556 E10.67353
G1 X99.636 Y101.412 E10.71203
G1 X99.468 Y100.786 E10.72744
G1 X100.613 Y99.642 E10.76594
G1 X101.238 Y99.809 E10.78135
G1 X102.382 Y98.665 E10.81985
G1 X102.215 Y98.040 E10.83525
G1 X103.359 Y96.895 E10.87376
G1 X103.985 Y97.063 E10.88916
G1 X105.129 Y95.919 E10.92767
G1 X104.961 Y95.293 E10.94307
G1 X106.106 Y94.149 E10.98158
G1 X106.731 Y94.317 E10.99698
G1 X107.875 Y93.172 E11.03549
G1 X107.708 Y92.547 E11.05089
G1 X107.931 Y92.324 E11.05839
G1 X107.931 Y93.910 E11.09612
G1 X107.311 Y92.150 F7800.000
G1 F4800.000
G1 X107.009 Y92.069 E11.10357
G1 X107.393 Y92.069 E11.11271
G1 X107.311 Y92.150 E11.11544
G1 X105.542 Y93.127 F7800.000
G1 F4800.000
G1 X105.709 Y93.753 E11.13084
G1 X104.565 Y94.897 E11.16935
G1 X103.940 Y94.729 E11.18475
G1 X102.795 Y95.874 E11.22326
G1 X102.963 Y96.499 E11.23866
G1 X101.818 Y97.643 E11.27717
G1 X101.193 Y97.476 E11.29257
G1 X100.049 Y98.620 E11.33107
G1 X100.216 Y99.245 E11.34648
G1 X99.072 Y100.390 E11.38498
G1 X98.447 Y100.222 E11.40039
G1 X97.302 Y101.367 E11.43889
G1 X97.470 Y101.992 E11.45430
G1 X96.326 Y103.136 E11.49280
G1 X95.700 Y102.969 E11.50820
G1 X94.556 Y104.113 E11.54671
G1 X94.723 Y104.738 E11.56211
G1 X93.579 Y105.883 E11.60062
G1 X92.954 Y105.715 E11.61602
G1 X92.069 Y106.600 E11.64578
G1 X92.069 Y105.807 E11.66465
G1 X92.557 Y105.319 E11.68107
G1 X92.390 Y104.694 E11.69647
G1 X93.534 Y103.549 E11.73498
G1 X94.160 Y103.717 E11.75038
G1 X95.304 Y102.572 E11.78889
G1 X95.136 Y101.947 E11.80429
G1 X96.281 Y100.803 E11.84280
G1 X96.906 Y100.970 E11.85820
G1 X98.050 Y99.826 E11.89671
G1 X97.883 Y99.201 E11.91211
G1 X99.027 Y98.056 E11.95062
G1 X99.652 Y98.224 E11.96602
G1 X100.797 Y97.079 E12.00453
G1 X100.629 Y96.454 E12.01993
G1 X101.774 Y95.310 E12.05844
G1 X102.399 Y95.477 E12.07384
G1 X103.543 Y94.333 E12.11234
G1 X103.376 Y93.708 E12.12775
G1 X104.520 Y92.563 E12.16625
G1 X105.145 Y92.731 E12.18166
G1 X105.807 Y92.069 E12.20392
G1 X106.600 Y92.069 E12.22278
G1 X105.542 Y93.127 E12.25838
G1 X104.124 Y92.167 F7800.000
G1 F4800.000
G1 X102.979 Y93.311 E12.29688
G1 X102.800 Y93.263 E12.30130
G1 X102.801 Y92.069 E12.32971
G1 X104.098 Y92.069 E12.36057
G1 X104.124 Y92.167 E12.36297
G1 X101.210 Y94.288 F7800.000
G1 F4800.000
G1 X101.377 Y94.913 E12.37837
G1 X100.233 Y96.058 E12.41688
G1 X99.608 Y95.890 E12.43228
G1 X98.463 Y97.035 E12.47079
G1 X98.631 Y97.660 E12.48619
G1 X97.486 Y98.804 E12.52470
G1 X96.861 Y98.637 E12.54010
G1 X95.717 Y99.781 E12.57861
G1 X95.884 Y100.406 E12.59401
G1 X94.740 Y101.551 E12.63252
G1 X94.115 Y101.383 E12.64792
G1 X92.970 Y102.527 E12.68642
G1 X93.138 Y103.153 E12.70183
G1 X92.069 Y104.221 E12.73778
G1 X92.069 Y101.996 E12.79073
G1 X92.574 Y102.131 E12.80316
G1 X93.718 Y100.987 E12.84166
G1 X93.551 Y100.361 E12.85706
G1 X94.695 Y99.217 E12.89557
G1 X95.320 Y99.385 E12.91097
G1 X96.465 Y98.240 E12.94948
G1 X96.297 Y97.615 E12.96488
G1 X97.441 Y96.471 E13.00339
G1 X98.067 Y96.638 E13.01879
G1 X99.211 Y95.494 E13.05730
G1 X99.044 Y94.868 E13.07270
G1 X99.947 Y93.965 E13.10309
G1 X101.532 Y93.965 E13.14082
G1 X101.210 Y94.288 E13.15167
G1 X98.647 Y94.472 F7800.000
G1 F4800.000
G1 X98.022 Y94.305 E13.16708
G1 X96.878 Y95.449 E13.20558
G1 X97.045 Y96.074 E13.22099
G1 X95.901 Y97.219 E13.25949
G1 X95.275 Y97.051 E13.27489
G1 X94.131 Y98.195 E13.31340
G1 X94.299 Y98.821 E13.32880
G1 X93.154 Y99.965 E13.36731
G1 X92.529 Y99.797 E13.38271
G1 X92.069 Y100.257 E13.39818
G1 X92.069 Y99.464 E13.41704
G1 X92.133 Y99.401 E13.41917
G1 X92.069 Y99.165 E13.42498
G1 X92.069 Y98.671 E13.43673
G1 X93.109 Y97.631 E13.47172
G1 X93.735 Y97.799 E13.48712
G1 X94.879 Y96.655 E13.52563
G1 X94.711 Y96.029 E13.54103
G1 X95.856 Y94.885 E13.57954
G1 X96.481 Y95.052 E13.59494
G1 X97.568 Y93.965 E13.63152
G1 X99.154 Y93.965 E13.66925
G1 X98.647 Y94.472 E13.68630
G1 X96.119 Y93.036 F7800.000
G1 F4800.000
G1 X95.292 Y93.863 E13.71414
G1 X95.459 Y94.488 E13.72954
G1 X94.315 Y95.633 E13.76805
G1 X93.690 Y95.465 E13.78345
G1 X92.545 Y96.610 E13.82196
G1 X92.713 Y97.235 E13.83736
G1 X92.069 Y97.879 E13.85902
G1 X92.069 Y96.192 E13.89915
G1 X92.149 Y96.213 E13.90111
G1 X93.293 Y95.069 E13.93962
G1 X93.126 Y94.444 E13.95502
G1 X94.270 Y93.299 E13.99352
G1 X94.895 Y93.467 E14.00893
G1 X96.040 Y92.322 E14.04743
G1 X95.972 Y92.069 E14.05367
G1 X96.119 Y92.069 E14.05716
G1 X96.119 Y93.036 E14.08016
G1 X93.706 Y92.278 F7800.000
G1 F4800.000
G1 X93.874 Y92.903 E14.09556
G1 X92.729 Y94.047 E14.13407
G1 X92.104 Y93.880 E14.14947
G1 X92.069 Y93.914 E14.15064
G1 X92.069 Y92.329 E14.18836
G1 X92.329 Y92.069 E14.19709
G1 X93.914 Y92.069 E14.23482
G1 X93.706 Y92.278 E14.24182
G1 X92.558 Y107.931 F7800.000
G1 F4800.000
G1 X92.324 Y107.931 E14.24738
G1 X92.373 Y107.881 E14.24904
G1 X92.558 Y107.931 E14.25358
G1 X107.931 Y107.388 F7800.000
G1 F4800.000
G1 X107.388 Y107.931 E14.27184
G1 X105.802 Y107.931 E14.30957
G1 X105.979 Y107.754 E14.31551
G1 X105.811 Y107.129 E14.33091
G1 X106.955 Y105.985 E14.36942
G1 X107.581 Y106.152 E14.38482
G1 X107.931 Y105.802 E14.39659
G1 X107.931 Y107.388 E14.43432
G1 Z10.650 F7800.000
G1 E12.43432 F2400.00000
G92 E0
G1 X111.500 Y101.205 F7800.000
G1 E2.00000 F2400.00000
G1 F3600.000
G1 X111.500 Y97.964 E2.04651
G1 X110.825 Y97.964 E2.05619
G1 X110.825 Y99.512 E2.07840
G1 X108.889 Y99.513 E2.10618
G1 X108.889 Y99.693 E2.10875
G1 X110.825 Y99.695 E2.13653
G1 X110.825 Y101.204 E2.15819
G1 X111.500 Y101.205 E2.16787
G1 E0.16787 F2400.00000
G92 E0
G1 X101.106 Y89.175 F7800.000
G1 E2.00000 F2400.00000
G1 F3600.000
G1 X101.106 Y88.500 E2.00968
G1 X97.972 Y88.500 E2.05465
G1 X97.971 Y89.175 E2.06434
G1 X99.308 Y89.175 E2.08352
G1 X99.307 Y91.071 E2.11072
G1 X99.629 Y91.071 E2.11534
G1 X99.628 Y89.175 E2.14254
G1 X101.106 Y89.175 E2.16375
G1 Z10.950 F7800.000
G1 E0.16375 F2400.00000
G92 E0
G1 X106.591 Y102.156 F7800.000
G1 E2.00000 F2400.00000
G1 F3600.000
G1 X108.529 Y102.158 E2.05228
G1 X108.529 Y108.529 E2.22413
G1 X91.471 Y108.529 E2.68428
G1 X91.471 Y91.471 E3.14443
G1 X96.883 Y91.471 E3.29043
G1 X96.884 Y93.368 E3.34159
G1 X102.012 Y93.368 E3.47992
G1 X102.013 Y91.471 E3.53108
G1 X108.529 Y91.471 E3.70685
G1 X108.529 Y97.038 E3.85701
G1 X106.593 Y97.039 E3.90922
G1 X106.591 Y102.081 E4.04524
G1 X107.227 Y101.521 F7800.000
G1 F3600.000
G1 X109.164 Y101.524 E4.09751
G1 X109.164 Y109.164 E4.30364
G1 X90.836 Y109.164 E4.79808
G1 X90.836 Y90.836 E5.29253
G1 X97.519 Y90.836 E5.47281
G1 X97.519 Y92.732 E5.52397
G1 X101.377 Y92.732 E5.62803
G1 X101.378 Y90.836 E5.67918
G1 X109.164 Y90.836 E5.88924
G1 X109.164 Y97.673 E6.07368
G1 X107.229 Y97.674 E6.12591
G1 X107.227 Y101.446 E6.22766
G1 X107.788 Y100.961 F7800.000
G1 F1800.000
G1 X109.725 Y100.964 E6.26759
G1 X109.725 Y109.725 E6.44817
G1 X90.275 Y109.725 E6.84904
G1 X90.275 Y90.275 E7.24991
G1 X98.079 Y90.275 E7.41075
G1 X98.080 Y92.171 E7.44983
G1 X100.816 Y92.171 E7.50624
G1 X100.817 Y90.275 E7.54532
G1 X109.725 Y90.275 E7.72891
G1 X109.725 Y98.233 E7.89293
G1 X107.789 Y98.234 E7.93283
G1 X107.788 Y100.886 E7.98749
G1 X107.685 Y101.450 F7800.000
G1 X107.931 Y102.756 F7800.000
G1 F4800.000
G1 X107.931 Y103.924 E8.01530
G1 X107.536 Y103.819 E8.02502
G1 X107.251 Y102.755 E8.05123
G1 X107.931 Y102.756 E8.06740
G1 X101.774 Y95.310 F7800.000
G1 F4800.000
G1 X102.399 Y95.477 E8.08280
G1 X102.818 Y97.041 E8.12131
G1 X102.360 Y97.498 E8.13671
G1 X102.779 Y99.062 E8.17522
G1 X103.404 Y99.229 E8.19062
G1 X103.823 Y100.792 E8.22913
G1 X103.365 Y101.250 E8.24453
G1 X103.784 Y102.813 E8.28304
G1 X104.409 Y102.981 E8.29844
G1 X104.828 Y104.544 E8.33695
G1 X104.371 Y105.002 E8.35235
G1 X104.789 Y106.565 E8.39085
G1 X105.415 Y106.733 E8.40626
G1 X105.736 Y107.931 E8.43577
G1 X103.995 Y107.931 E8.47720
G1 X103.790 Y107.168 E8.49599
G1 X104.248 Y106.710 E8.51139
G1 X103.829 Y105.147 E8.54990
G1 X103.204 Y104.979 E8.56530
G1 X102.785 Y103.416 E8.60381
G1 X103.243 Y102.958 E8.61921
G1 X102.824 Y101.395 E8.65772
G1 X102.198 Y101.228 E8.67312
G1 X101.780 Y99.664 E8.71163
G1 X102.237 Y99.207 E8.72703
G1 X101.818 Y97.643 E8.76554
G1 X101.193 Y97.476 E8.78094
G1 X100.774 Y95.913 E8.81945
G1 X101.232 Y95.455 E8.83485
G1 X100.833 Y93.966 E8.87153
G1 X101.413 Y93.966 E8.88534
G1 X101.774 Y95.310 E8.91845
G1 X99.189 Y94.327 F7800.000
G1 F4800.000
G1 X99.608 Y95.890 E8.95696
G1 X100.233 Y96.058 E8.97236
G1 X100.652 Y97.621 E9.01087
G1 X100.194 Y98.079 E9.02627
G1 X100.613 Y99.642 E9.06477
G1 X101.238 Y99.809 E9.08018
G1 X101.657 Y101.373 E9.11868
G1 X101.199 Y101.830 E9.13409
G1 X101.618 Y103.394 E9.17259
G1 X102.243 Y103.561 E9.18800
G1 X102.662 Y105.124 E9.22650
G1 X102.204 Y105.582 E9.24190
G1 X102.623 Y107.145 E9.28041
G1 X103.249 Y107.313 E9.29581
G1 X103.414 Y107.931 E9.31103
G1 X101.673 Y107.931 E9.35246
G1 X101.624 Y107.748 E9.35695
G1 X102.082 Y107.290 E9.37236
G1 X101.663 Y105.727 E9.41086
G1 X101.038 Y105.560 E9.42626
G1 X100.619 Y103.996 E9.46477
G1 X101.077 Y103.539 E9.48017
G1 X100.658 Y101.976 E9.51868
G1 X100.032 Y101.808 E9.53408
G1 X99.614 Y100.245 E9.57259
G1 X100.071 Y99.787 E9.58799
G1 X99.652 Y98.224 E9.62650
G1 X99.027 Y98.056 E9.64190
G1 X98.608 Y96.493 E9.68041
G1 X99.066 Y96.035 E9.69581
G1 X98.647 Y94.472 E9.73432
G1 X98.022 Y94.305 E9.74972
G1 X97.931 Y93.966 E9.75807
G1 X99.550 Y93.966 E9.79658
G1 X99.189 Y94.327 E9.80874
G1 X96.285 Y92.156 F7800.000
G1 F4800.000
G1 X96.286 Y93.966 E9.85179
G1 X97.351 Y93.966 E9.87711
G1 X97.480 Y94.450 E9.88903
G1 X97.023 Y94.907 E9.90444
G1 X97.441 Y96.471 E9.94294
G1 X98.067 Y96.638 E9.95835
G1 X98.486 Y98.201 E9.99685
G1 X98.028 Y98.659 E10.01226
G1 X98.447 Y100.222 E10.05076
G1 X99.072 Y100.390 E10.06616
G1 X99.491 Y101.953 E10.10467
G1 X99.033 Y102.411 E10.12007
G1 X99.452 Y103.974 E10.15858
G1 X100.077 Y104.142 E10.17398
G1 X100.496 Y105.705 E10.21249
G1 X100.038 Y106.163 E10.22789
G1 X100.457 Y107.726 E10.26640
G1 X101.083 Y107.893 E10.28180
G1 X101.093 Y107.931 E10.28272
G1 X99.856 Y107.931 E10.31214
G1 X99.916 Y107.871 E10.31416
G1 X99.497 Y106.308 E10.35266
G1 X98.872 Y106.140 E10.36806
G1 X98.453 Y104.577 E10.40657
G1 X98.911 Y104.119 E10.42197
G1 X98.492 Y102.556 E10.46048
G1 X97.866 Y102.388 E10.47588
G1 X97.447 Y100.825 E10.51439
G1 X97.905 Y100.367 E10.52979
G1 X97.486 Y98.804 E10.56830
G1 X96.861 Y98.637 E10.58370
G1 X96.442 Y97.073 E10.62221
G1 X96.900 Y96.616 E10.63761
G1 X96.481 Y95.052 E10.67612
G1 X95.856 Y94.885 E10.69152
G1 X95.437 Y93.322 E10.73003
G1 X95.895 Y92.864 E10.74543
G1 X95.682 Y92.069 E10.76500
G1 X96.262 Y92.069 E10.77881
G1 X96.285 Y92.156 E10.78096
G1 X94.270 Y93.299 F7800.000
G1 F4800.000
G1 X94.895 Y93.467 E10.79636
G1 X95.314 Y95.030 E10.83486
G1 X94.857 Y95.488 E10.85027
G1 X95.275 Y97.051 E10.88877
G1 X95.901 Y97.219 E10.90418
G1 X96.320 Y98.782 E10.94268
G1 X95.862 Y99.239 E10.95809
G1 X96.281 Y100.803 E10.99659
G1 X96.906 Y100.970 E11.01199
G1 X97.325 Y102.533 E11.05050
G1 X96.867 Y102.991 E11.06590
G1 X97.286 Y104.554 E11.10441
G1 X97.911 Y104.722 E11.11981
G1 X98.330 Y106.285 E11.15832
G1 X97.872 Y106.743 E11.17372
G1 X98.191 Y107.931 E11.20298
G1 X97.610 Y107.931 E11.21679
G1 X97.331 Y106.888 E11.24247
G1 X96.706 Y106.720 E11.25787
G1 X96.287 Y105.157 E11.29638
G1 X96.744 Y104.700 E11.31178
G1 X96.326 Y103.136 E11.35029
G1 X95.700 Y102.969 E11.36569
G1 X95.281 Y101.406 E11.40420
G1 X95.739 Y100.948 E11.41960
G1 X95.320 Y99.385 E11.45811
G1 X94.695 Y99.217 E11.47351
G1 X94.276 Y97.654 E11.51202
G1 X94.734 Y97.196 E11.52742
G1 X94.315 Y95.633 E11.56592
G1 X93.690 Y95.465 E11.58133
G1 X93.271 Y93.902 E11.61983
G1 X93.729 Y93.444 E11.63524
G1 X93.360 Y92.069 E11.66911
G1 X93.941 Y92.069 E11.68292
G1 X94.270 Y93.299 E11.71321
G1 X92.104 Y93.880 F7800.000
G1 F4800.000
G1 X92.729 Y94.047 E11.72861
G1 X93.148 Y95.610 E11.76712
G1 X92.690 Y96.068 E11.78252
G1 X93.109 Y97.631 E11.82103
G1 X93.735 Y97.799 E11.83643
G1 X94.153 Y99.362 E11.87494
G1 X93.696 Y99.820 E11.89034
G1 X94.115 Y101.383 E11.92885
G1 X94.740 Y101.551 E11.94425
G1 X95.159 Y103.114 E11.98276
G1 X94.701 Y103.572 E11.99816
G1 X95.120 Y105.135 E12.03667
G1 X95.745 Y105.302 E12.05207
G1 X96.164 Y106.866 E12.09057
G1 X95.706 Y107.323 E12.10598
G1 X95.869 Y107.931 E12.12094
G1 X95.289 Y107.931 E12.13475
G1 X95.165 Y107.468 E12.14613
G1 X94.539 Y107.301 E12.16154
G1 X94.121 Y105.738 E12.20004
G1 X94.578 Y105.280 E12.21544
G1 X94.160 Y103.717 E12.25395
G1 X93.534 Y103.549 E12.26935
G1 X93.115 Y101.986 E12.30786
G1 X93.573 Y101.528 E12.32326
G1 X93.154 Y99.965 E12.36177
G1 X92.529 Y99.797 E12.37717
G1 X92.110 Y98.234 E12.41568
G1 X92.568 Y97.776 E12.43108
G1 X92.149 Y96.213 E12.46959
G1 X92.069 Y96.192 E12.47155
G1 X92.069 Y93.750 E12.52965
G1 X92.104 Y93.880 E12.53284
G1 X92.574 Y102.131 F7800.000
G1 F4800.000
G1 X92.993 Y103.694 E12.57135
G1 X92.535 Y104.152 E12.58675
G1 X92.954 Y105.715 E12.62526
G1 X93.579 Y105.883 E12.64066
G1 X93.998 Y107.446 E12.67917
G1 X93.540 Y107.904 E12.69457
G1 X93.547 Y107.931 E12.69523
G1 X92.558 Y107.931 E12.71878
G1 X92.373 Y107.881 E12.72332
G1 X92.069 Y106.746 E12.75127
G1 X92.069 Y106.203 E12.76420
G1 X92.412 Y105.860 E12.77574
G1 X92.069 Y104.580 E12.80727
G1 X92.069 Y101.996 E12.86876
G1 X92.574 Y102.131 E12.88119
G1 X103.979 Y92.708 F7800.000
G1 F4800.000
G1 X103.521 Y93.166 E12.89659
G1 X103.940 Y94.729 E12.93510
G1 X104.565 Y94.897 E12.95050
G1 X104.984 Y96.460 E12.98901
G1 X104.526 Y96.918 E13.00441
G1 X104.945 Y98.481 E13.04292
G1 X105.570 Y98.649 E13.05832
G1 X105.989 Y100.212 E13.09682
G1 X105.531 Y100.670 E13.11223
G1 X105.950 Y102.233 E13.15073
G1 X105.993 Y102.244 E13.15178
G1 X105.993 Y102.753 E13.16389
G1 X106.670 Y102.754 E13.18001
G1 X106.994 Y103.964 E13.20981
G1 X106.537 Y104.421 E13.22521
G1 X106.955 Y105.985 E13.26372
G1 X107.581 Y106.152 E13.27912
G1 X107.931 Y107.458 E13.31129
G1 X107.931 Y107.784 E13.31905
G1 X107.784 Y107.931 E13.32398
G1 X106.316 Y107.931 E13.35891
G1 X105.956 Y106.587 E13.39200
G1 X106.414 Y106.130 E13.40740
G1 X105.995 Y104.566 E13.44591
G1 X105.370 Y104.399 E13.46131
G1 X104.951 Y102.836 E13.49982
G1 X105.409 Y102.378 E13.51522
G1 X104.990 Y100.815 E13.55373
G1 X104.365 Y100.647 E13.56913
G1 X103.946 Y99.084 E13.60763
G1 X104.403 Y98.626 E13.62304
G1 X103.985 Y97.063 E13.66154
G1 X103.359 Y96.895 E13.67695
G1 X102.940 Y95.332 E13.71545
G1 X103.398 Y94.874 E13.73086
G1 X102.979 Y93.311 E13.76936
G1 X102.610 Y93.212 E13.77845
G1 X102.611 Y92.069 E13.80565
G1 X103.807 Y92.069 E13.83412
G1 X103.979 Y92.708 E13.84986
G1 X106.145 Y92.128 F7800.000
G1 F4800.000
G1 X105.687 Y92.586 E13.86526
G1 X106.106 Y94.149 E13.90377
G1 X106.731 Y94.317 E13.91917
G1 X107.150 Y95.880 E13.95768
G1 X106.692 Y96.337 E13.97308
G1 X106.720 Y96.440 E13.97561
G1 X105.995 Y96.441 E13.99285
G1 X105.525 Y96.315 E14.00443
G1 X105.106 Y94.752 E14.04293
G1 X105.564 Y94.294 E14.05833
G1 X105.145 Y92.731 E14.09684
G1 X104.520 Y92.563 E14.11224
G1 X104.388 Y92.069 E14.12441
G1 X106.129 Y92.069 E14.16584
G1 X106.145 Y92.128 E14.16729
G1 X107.931 Y92.295 F7800.000
G1 F4800.000
G1 X107.931 Y95.799 E14.25064
G1 X107.691 Y95.735 E14.25654
G1 X107.273 Y94.171 E14.29504
G1 X107.730 Y93.714 E14.31044
G1 X107.311 Y92.150 E14.34895
G1 X107.009 Y92.069 E14.35641
G1 X107.870 Y92.069 E14.37690
G1 X107.931 Y92.295 E14.38247
M106 S239.7
G1 Z10.950 F7800.000
G1 E12.38247 F2400.00000
G92 E0
G1 X101.106 Y89.175 F7800.000
G1 E2.00000 F2400.00000
G1 F3600.000
G1 X101.106 Y88.500 E2.01391
G1 X97.972 Y88.500 E2.07851
G1 X97.971 Y89.175 E2.09242
G1 X99.308 Y89.175 E2.11998
G1 X99.307 Y91.071 E2.15906
G1 X99.629 Y91.071 E2.16569
G1 X99.628 Y89.175 E2.20477
G1 X101.106 Y89.175 E2.23525
G1 E0.23525 F2400.00000
G92 E0
G1 X111.500 Y101.205 F7800.000
G1 E2.00000 F2400.00000
G1 F3600.000
G1 X111.500 Y97.964 E2.06681
G1 X110.825 Y97.964 E2.08072
G1 X110.825 Y99.512 E2.11262
G1 X108.889 Y99.513 E2.15253
G1 X108.889 Y99.693 E2.15623
G1 X110.825 Y99.695 E2.19613
G1 X110.825 Y101.204 E2.22724
G1 X111.500 Y101.205 E2.24115
G1 Z11.250 F7800.000
G1 E0.24115 F2400.00000
G92 E0
G1 X106.591 Y102.326 F7800.000
G1 E2.00000 F2400.00000
G1 F3600.000
G1 X108.529 Y102.328 E2.05226
G1 X108.529 Y108.529 E2.21953
G1 X91.471 Y108.529 E2.67969
G1 X91.471 Y91.471 E3.13984
G1 X97.050 Y91.471 E3.29033
G1 X97.051 Y93.368 E3.34149
G1 X101.822 Y93.368 E3.47022
G1 X101.823 Y91.471 E3.52138
G1 X108.529 Y91.471 E3.70227
G1 X108.529 Y96.858 E3.84759
G1 X106.594 Y96.859 E3.89979
G1 X106.591 Y102.251 E4.04523
G1 X107.227 Y101.691 F7800.000
G1 F3600.000
G1 X109.164 Y101.693 E4.09749
G1 X109.164 Y109.164 E4.29903
G1 X90.836 Y109.164 E4.79348
G1 X90.836 Y90.836 E5.28792
G1 X97.685 Y90.836 E5.47270
G1 X97.686 Y92.732 E5.52386
G1 X101.187 Y92.732 E5.61831
G1 X101.188 Y90.836 E5.66947
G1 X109.164 Y90.836 E5.88464
G1 X109.164 Y97.494 E6.06425
G1 X107.229 Y97.494 E6.11646
G1 X107.227 Y101.616 E6.22764
G1 X107.788 Y101.131 F7800.000
G1 F1800.000
G1 X109.725 Y101.134 E6.26756
G1 X109.725 Y109.725 E6.44463
G1 X90.275 Y109.725 E6.84550
G1 X90.275 Y90.275 E7.24637
G1 X98.246 Y90.275 E7.41065
G1 X98.246 Y92.172 E7.44974
G1 X100.627 Y92.172 E7.49880
G1 X100.628 Y90.275 E7.53789
G1 X109.725 Y90.275 E7.72538
G1 X109.725 Y98.054 E7.88571
G1 X107.789 Y98.055 E7.92560
G1 X107.788 Y101.056 E7.98746
G1 X107.695 Y101.622 F7800.000
G1 X107.931 Y102.926 F7800.000
G1 F4800.000
G1 X107.006 Y102.924 E8.00946
G1 X107.139 Y103.422 E8.02172
G1 X107.931 Y103.634 E8.04121
G1 X107.931 Y102.926 E8.05806
G1 X103.376 Y93.708 F7800.000
G1 F4800.000
G1 X102.420 Y93.452 E8.08159
G1 X102.420 Y93.966 E8.09383
G1 X100.007 Y93.966 E8.15124
G1 X101.210 Y94.288 E8.18085
G1 X101.377 Y94.913 E8.19626
G1 X102.940 Y95.332 E8.23476
G1 X103.398 Y94.874 E8.25017
G1 X104.961 Y95.293 E8.28867
G1 X105.129 Y95.919 E8.30408
G1 X106.407 Y96.261 E8.33556
G1 X106.769 Y96.261 E8.34416
G1 X107.150 Y95.880 E8.35699
G1 X107.931 Y96.089 E8.37622
G1 X107.931 Y95.509 E8.39003
G1 X107.295 Y95.338 E8.40569
G1 X107.127 Y94.713 E8.42109
G1 X105.564 Y94.294 E8.45960
G1 X105.106 Y94.752 E8.47500
G1 X103.543 Y94.333 E8.51351
G1 X103.376 Y93.708 E8.52891
G1 X104.124 Y92.167 F7800.000
G1 F4800.000
G1 X104.098 Y92.069 E8.53132
G1 X102.421 Y92.069 E8.57120
G1 X102.421 Y92.871 E8.59028
G1 X103.521 Y93.166 E8.61738
G1 X103.979 Y92.708 E8.63278
G1 X105.542 Y93.127 E8.67129
G1 X105.709 Y93.753 E8.68669
G1 X107.273 Y94.171 E8.72520
G1 X107.730 Y93.714 E8.74060
G1 X107.931 Y93.767 E8.74554
G1 X107.931 Y93.187 E8.75935
G1 X107.875 Y93.172 E8.76071
G1 X107.708 Y92.547 E8.77611
G1 X106.145 Y92.128 E8.81462
G1 X105.687 Y92.586 E8.83002
G1 X104.124 Y92.167 E8.86853
G1 X99.189 Y94.327 F7800.000
G1 F4800.000
G1 X99.550 Y93.966 E8.88068
G1 X97.841 Y93.966 E8.92132
G1 X99.189 Y94.327 E8.95452
G1 X96.040 Y92.322 F7800.000
G1 F4800.000
G1 X95.972 Y92.069 E8.96075
G1 X92.929 Y92.069 E9.03315
G1 X93.706 Y92.278 E9.05228
G1 X93.874 Y92.903 E9.06769
G1 X95.437 Y93.322 E9.10619
G1 X95.895 Y92.864 E9.12160
G1 X96.452 Y93.013 E9.13533
G1 X96.452 Y92.433 E9.14915
G1 X96.040 Y92.322 E9.15930
G1 X95.292 Y93.863 F7800.000
G1 F4800.000
G1 X93.729 Y93.444 E9.19781
G1 X93.271 Y93.902 E9.21321
G1 X92.069 Y93.580 E9.24281
G1 X92.069 Y94.161 E9.25662
G1 X93.126 Y94.444 E9.28264
G1 X93.293 Y95.069 E9.29804
G1 X94.857 Y95.488 E9.33655
G1 X95.314 Y95.030 E9.35195
G1 X96.878 Y95.449 E9.39046
G1 X97.045 Y96.074 E9.40586
G1 X98.608 Y96.493 E9.44437
G1 X99.066 Y96.035 E9.45977
G1 X100.629 Y96.454 E9.49828
G1 X100.797 Y97.079 E9.51368
G1 X102.360 Y97.498 E9.55219
G1 X102.818 Y97.041 E9.56759
G1 X104.381 Y97.459 E9.60610
G1 X104.549 Y98.085 E9.62150
G1 X105.995 Y98.472 E9.65713
G1 X105.996 Y96.731 E9.69855
G1 X104.984 Y96.460 E9.72348
G1 X104.526 Y96.918 E9.73888
G1 X102.963 Y96.499 E9.77739
G1 X102.795 Y95.874 E9.79279
G1 X101.232 Y95.455 E9.83130
G1 X100.774 Y95.913 E9.84670
G1 X99.211 Y95.494 E9.88521
G1 X99.044 Y94.868 E9.90061
G1 X97.480 Y94.450 E9.93911
G1 X97.023 Y94.907 E9.95452
G1 X95.459 Y94.488 E9.99302
G1 X95.292 Y93.863 E10.00843
G1 X94.711 Y96.029 F7800.000
G1 F4800.000
G1 X93.148 Y95.610 E10.04693
G1 X92.690 Y96.068 E10.06234
G1 X92.069 Y95.902 E10.07764
G1 X92.069 Y96.482 E10.09144
G1 X92.545 Y96.610 E10.10317
G1 X92.713 Y97.235 E10.11857
G1 X94.276 Y97.654 E10.15708
G1 X94.734 Y97.196 E10.17248
G1 X96.297 Y97.615 E10.21099
G1 X96.465 Y98.240 E10.22639
G1 X98.028 Y98.659 E10.26490
G1 X98.486 Y98.201 E10.28030
G1 X100.049 Y98.620 E10.31881
G1 X100.216 Y99.245 E10.33421
G1 X101.780 Y99.664 E10.37272
G1 X102.237 Y99.207 E10.38812
G1 X103.801 Y99.625 E10.42663
G1 X103.968 Y100.251 E10.44203
G1 X105.531 Y100.670 E10.48053
G1 X105.994 Y100.213 E10.49600
G1 X105.995 Y99.150 E10.52131
G1 X105.967 Y99.045 E10.52388
G1 X104.403 Y98.626 E10.56239
G1 X103.946 Y99.084 E10.57779
G1 X102.382 Y98.665 E10.61630
G1 X102.215 Y98.040 E10.63170
G1 X100.652 Y97.621 E10.67021
G1 X100.194 Y98.079 E10.68561
G1 X98.631 Y97.660 E10.72412
G1 X98.463 Y97.035 E10.73952
G1 X96.900 Y96.616 E10.77803
G1 X96.442 Y97.073 E10.79343
G1 X94.879 Y96.655 E10.83193
G1 X94.711 Y96.029 E10.84734
G1 X94.131 Y98.195 F7800.000
G1 F4800.000
G1 X92.568 Y97.776 E10.88584
G1 X92.110 Y98.234 E10.90125
G1 X92.069 Y98.223 E10.90225
G1 X92.069 Y99.165 E10.92466
G1 X92.133 Y99.401 E10.93047
G1 X93.696 Y99.820 E10.96898
G1 X94.153 Y99.362 E10.98438
G1 X95.717 Y99.781 E11.02289
G1 X95.884 Y100.406 E11.03829
G1 X97.447 Y100.825 E11.07679
G1 X97.905 Y100.367 E11.09220
G1 X99.468 Y100.786 E11.13070
G1 X99.636 Y101.412 E11.14611
G1 X101.199 Y101.830 E11.18461
G1 X101.657 Y101.373 E11.20002
G1 X103.220 Y101.792 E11.23852
G1 X103.388 Y102.417 E11.25392
G1 X104.951 Y102.836 E11.29243
G1 X105.409 Y102.378 E11.30783
G1 X105.993 Y102.535 E11.32223
G1 X105.993 Y101.954 E11.33604
G1 X105.554 Y101.836 E11.34687
G1 X105.386 Y101.211 E11.36227
G1 X103.823 Y100.792 E11.40078
G1 X103.365 Y101.250 E11.41618
G1 X101.802 Y100.831 E11.45468
G1 X101.635 Y100.206 E11.47009
G1 X100.071 Y99.787 E11.50859
G1 X99.614 Y100.245 E11.52400
G1 X98.050 Y99.826 E11.56250
G1 X97.883 Y99.201 E11.57791
G1 X96.320 Y98.782 E11.61641
G1 X95.862 Y99.239 E11.63181
G1 X94.299 Y98.821 E11.67032
G1 X94.131 Y98.195 E11.68572
G1 X93.551 Y100.361 F7800.000
G1 F4800.000
G1 X92.069 Y99.964 E11.72221
G1 X92.069 Y101.706 E11.76364
G1 X93.115 Y101.986 E11.78941
G1 X93.573 Y101.528 E11.80481
G1 X95.136 Y101.947 E11.84332
G1 X95.304 Y102.572 E11.85872
G1 X96.867 Y102.991 E11.89723
G1 X97.325 Y102.533 E11.91263
G1 X98.888 Y102.952 E11.95113
G1 X99.056 Y103.578 E11.96654
G1 X100.619 Y103.996 E12.00504
G1 X101.077 Y103.539 E12.02045
G1 X102.640 Y103.958 E12.05895
G1 X102.807 Y104.583 E12.07436
G1 X104.371 Y105.002 E12.11286
G1 X104.828 Y104.544 E12.12826
G1 X106.392 Y104.963 E12.16677
G1 X106.559 Y105.588 E12.18217
G1 X107.931 Y105.956 E12.21596
G1 X107.931 Y104.214 E12.25739
G1 X106.994 Y103.964 E12.28045
G1 X106.537 Y104.421 E12.29585
G1 X104.973 Y104.002 E12.33436
G1 X104.806 Y103.377 E12.34976
G1 X103.243 Y102.958 E12.38827
G1 X102.785 Y103.416 E12.40367
G1 X101.222 Y102.997 E12.44218
G1 X101.054 Y102.372 E12.45758
G1 X99.491 Y101.953 E12.49609
G1 X99.033 Y102.411 E12.51149
G1 X97.470 Y101.992 E12.55000
G1 X97.302 Y101.367 E12.56540
G1 X95.739 Y100.948 E12.60391
G1 X95.281 Y101.406 E12.61931
G1 X93.718 Y100.987 E12.65782
G1 X93.551 Y100.361 E12.67322
G1 X92.970 Y102.527 F7800.000
G1 F4800.000
G1 X92.069 Y102.286 E12.69541
G1 X92.069 Y104.027 E12.73684
G1 X92.535 Y104.152 E12.74831
G1 X92.993 Y103.694 E12.76371
G1 X94.556 Y104.113 E12.80222
G1 X94.723 Y104.738 E12.81762
G1 X96.287 Y105.157 E12.85613
G1 X96.744 Y104.700 E12.87153
G1 X98.308 Y105.118 E12.91004
G1 X98.475 Y105.744 E12.92544
G1 X100.038 Y106.163 E12.96394
G1 X100.496 Y105.705 E12.97935
G1 X102.059 Y106.124 E13.01785
G1 X102.227 Y106.749 E13.03326
G1 X103.790 Y107.168 E13.07176
G1 X104.248 Y106.710 E13.08717
G1 X105.811 Y107.129 E13.12567
G1 X105.979 Y107.754 E13.14107
G1 X106.637 Y107.931 E13.15729
G1 X107.784 Y107.931 E13.18459
G1 X107.931 Y107.784 E13.18951
G1 X107.931 Y106.536 E13.21921
G1 X106.414 Y106.130 E13.25657
G1 X105.956 Y106.587 E13.27198
G1 X104.393 Y106.169 E13.31048
G1 X104.225 Y105.543 E13.32589
G1 X102.662 Y105.124 E13.36439
G1 X102.204 Y105.582 E13.37980
G1 X100.641 Y105.163 E13.41830
G1 X100.474 Y104.538 E13.43370
G1 X98.911 Y104.119 E13.47221
G1 X98.453 Y104.577 E13.48761
G1 X96.890 Y104.158 E13.52612
G1 X96.722 Y103.533 E13.54152
G1 X95.159 Y103.114 E13.58003
G1 X94.701 Y103.572 E13.59543
G1 X93.138 Y103.153 E13.63394
G1 X92.970 Y102.527 E13.64934
G1 X92.390 Y104.694 F7800.000
G1 F4800.000
G1 X92.069 Y104.608 E13.65724
G1 X92.069 Y106.203 E13.69520
G1 X92.412 Y105.860 E13.70674
G1 X93.976 Y106.279 E13.74525
G1 X94.143 Y106.904 E13.76065
G1 X95.706 Y107.323 E13.79916
G1 X96.164 Y106.866 E13.81456
G1 X97.727 Y107.284 E13.85307
G1 X97.895 Y107.910 E13.86847
G1 X97.973 Y107.931 E13.87039
G1 X99.856 Y107.931 E13.91520
G1 X99.916 Y107.871 E13.91721
G1 X100.139 Y107.931 E13.92271
G1 X103.704 Y107.931 E14.00754
G1 X103.645 Y107.709 E14.01299
G1 X102.082 Y107.290 E14.05150
G1 X101.624 Y107.748 E14.06690
G1 X100.061 Y107.329 E14.10541
G1 X99.893 Y106.704 E14.12081
G1 X98.330 Y106.285 E14.15932
G1 X97.872 Y106.743 E14.17472
G1 X96.309 Y106.324 E14.21323
G1 X96.142 Y105.699 E14.22863
G1 X94.578 Y105.280 E14.26714
G1 X94.121 Y105.738 E14.28254
G1 X92.557 Y105.319 E14.32104
G1 X92.390 Y104.694 E14.33645
G1 X95.561 Y107.865 F7800.000
G1 F4800.000
G1 X93.998 Y107.446 E14.37495
G1 X93.540 Y107.904 E14.39036
G1 X92.069 Y107.510 E14.42659
G1 X92.069 Y107.931 E14.43661
G1 X95.579 Y107.931 E14.52011
G1 X95.561 Y107.865 E14.52173
M106 S255
G1 Z11.250 F7800.000
G1 E12.52173 F2400.00000
G92 E0
G1 X111.181 Y100.962 F7800.000
G1 E2.00000 F2400.00000
G1 F600.000
G1 X111.257 Y100.962 E2.00158
G1 X111.257 Y100.411 E2.01294
G1 X111.068 Y100.411 E2.01685
G1 X111.068 Y99.860 E2.02820
G1 X111.257 Y99.860 E2.03211
G1 X111.257 Y99.309 E2.04347
G1 X111.068 Y99.309 E2.04738
G1 X111.068 Y98.758 E2.05873
G1 X111.257 Y98.758 E2.06264
G1 X111.257 Y98.207 E2.07400
G1 X111.068 Y98.207 E2.07791
G1 X111.257 Y98.207 E2.08181
G1 E0.08181 F2400.00000
G92 E0
G1 X101.106 Y89.175 F7800.000
G1 E2.00000 F2400.00000
G1 F600.000
G1 X101.106 Y88.500 E2.01391
G1 X97.972 Y88.500 E2.07851
G1 X97.971 Y89.175 E2.09242
G1 X99.345 Y89.175 E2.12073
G1 X99.346 Y91.071 E2.15982
G1 X99.527 Y91.071 E2.16356
G1 X99.528 Y89.175 E2.20264
G1 X101.106 Y89.175 E2.23517
G1 Z11.350 F7800.000
G1 E0.23517 F2400.00000
G92 E0
G1 X109.333 Y99.418 F7800.000
G1 E2.00000 F2400.00000
G1 F600.000
G1 X109.154 Y99.418 E2.00134
G1 X109.153 Y99.769 E2.00396
G1 X109.333 Y99.769 E2.00531
G1 X109.333 Y99.418 E2.00793
G1 X109.967 Y99.418 E2.01267
G1 X109.967 Y99.770 E2.01530
G1 X110.601 Y99.771 E2.02004
G1 X110.601 Y99.418 E2.02268
G1 X111.089 Y99.417 E2.02633
G1 X111.089 Y98.228 E2.03522
G1 X111.236 Y98.228 E2.03632
G1 X111.236 Y100.941 E2.05660
G1 E0.05660 F2400.00000
G92 E0
G1 X101.106 Y89.175 F7800.000
G1 E2.00000 F2400.00000
G1 F600.000
G1 X101.106 Y88.500 E2.00505
G1 X97.972 Y88.500 E2.02848
G1 X97.971 Y89.175 E2.03353
G1 X99.345 Y89.175 E2.04380
G1 X99.346 Y91.072 E2.05798
G1 X99.527 Y91.072 E2.05934
G1 X99.528 Y89.175 E2.07352
G1 X101.106 Y89.175 E2.08532
M106 S242.25
G1 Z11.450 F7800.000
G1 E0.08532 F2400.00000
G92 E0
G1 X110.978 Y97.964 F7800.000
G1 E2.00000 F2400.00000
G1 F3600.000
G1 X111.084 Y98.148 E2.00159
G1 X111.500 Y98.143 E2.00470
G1 X111.500 Y99.571 F7800.000
G1 F3600.000
G1 X111.088 Y99.571 E2.00778
G1 X110.889 Y99.228 E2.01075
G1 X110.061 Y99.234 E2.01694
G1 F3600.000
G1 X109.649 Y98.520 E2.02311
G1 X109.084 Y98.520 E2.02733
G1 X109.440 Y99.137 E2.03266
G1 X109.027 Y99.852 E2.03882
G1 X108.615 Y99.852 E2.04191
G1 X108.614 Y100.647 E2.04786
G1 X108.755 Y100.647 E2.04891
G1 X109.167 Y99.934 E2.05507
G1 X109.992 Y99.934 E2.06124
G1 X110.404 Y100.649 E2.06741
G1 X110.550 Y100.650 E2.06851
G1 X110.550 Y101.204 E2.07265
G1 X110.676 Y101.204 E2.07359
G1 X111.088 Y100.491 E2.07975
G1 X111.500 Y100.491 E2.08283
G1 E0.08283 F2400.00000
G92 E0
G1 X101.106 Y89.175 F7800.000
G1 E2.00000 F2400.00000
G1 F3600.000
G1 X101.106 Y88.500 E2.00505
G1 X97.972 Y88.500 E2.02848
G1 X97.971 Y89.175 E2.03353
G1 X99.308 Y89.175 E2.04353
G1 X99.307 Y91.072 E2.05771
G1 X99.629 Y91.072 E2.06011
G1 X99.628 Y89.175 E2.07430
G1 X101.106 Y89.175 E2.08535
G1 Z11.550 F7800.000
G1 E0.08535 F2400.00000
G92 E0
G1 X106.592 Y102.496 F7800.000
G1 E2.00000 F2400.00000
G1 F3600.000
G1 X108.529 Y102.498 E2.05225
G1 X108.529 Y108.529 E2.21494
G1 X91.471 Y108.529 E2.67509
G1 X91.471 Y91.471 E3.13524
G1 X97.011 Y91.471 E3.28469
G1 X97.010 Y93.368 E3.33586
G1 X101.926 Y93.368 E3.46848
G1 X101.925 Y91.471 E3.51965
G1 X108.529 Y91.471 E3.69779
G1 X108.529 Y96.679 E3.83827
G1 X106.594 Y96.680 E3.89045
G1 X106.592 Y102.421 E4.04532
G1 X107.228 Y101.861 F7800.000
G1 F3600.000
G1 X109.164 Y101.863 E4.09757
G1 X109.164 Y109.164 E4.29452
G1 X90.836 Y109.164 E4.78897
G1 X90.836 Y90.836 E5.28342
G1 X97.647 Y90.836 E5.46716
G1 X97.646 Y92.732 E5.51833
G1 X101.290 Y92.732 E5.61664
G1 X101.289 Y90.836 E5.66781
G1 X109.164 Y90.836 E5.88025
G1 X109.164 Y97.314 E6.05502
G1 X107.230 Y97.315 E6.10721
G1 X107.228 Y101.786 E6.22782
G1 X107.789 Y101.301 F7800.000
G1 F1800.000
G1 X109.725 Y101.304 E6.26773
G1 X109.725 Y109.725 E6.44130
G1 X90.275 Y109.725 E6.84217
G1 X90.275 Y90.275 E7.24304
G1 X98.208 Y90.275 E7.40654
G1 X98.207 Y92.172 E7.44564
G1 X100.729 Y92.172 E7.49763
G1 X100.728 Y90.275 E7.53672
G1 X109.725 Y90.275 E7.72214
G1 X109.725 Y97.874 E7.87877
G1 X107.790 Y97.875 E7.91865
G1 X107.789 Y101.226 E7.98771
G1 X107.703 Y101.794 F7800.000
G1 X107.931 Y103.096 F7800.000
G1 F4800.000
G1 X107.931 Y103.924 E8.00743
G1 X107.536 Y103.819 E8.01715
G1 X106.392 Y104.963 E8.05566
G1 X106.559 Y105.588 E8.07106
G1 X105.415 Y106.733 E8.10957
G1 X104.789 Y106.565 E8.12497
G1 X103.645 Y107.709 E8.16347
G1 X103.704 Y107.931 E8.16893
G1 X101.838 Y107.931 E8.21333
G1 X102.623 Y107.145 E8.23976
G1 X103.249 Y107.313 E8.25516
G1 X104.393 Y106.169 E8.29366
G1 X104.225 Y105.543 E8.30907
G1 X105.370 Y104.399 E8.34757
G1 X105.995 Y104.566 E8.36298
G1 X107.139 Y103.422 E8.40148
G1 X107.052 Y103.094 E8.40956
G1 X107.931 Y103.096 E8.43047
G1 X105.994 Y102.245 F7800.000
G1 F4800.000
G1 X105.950 Y102.233 E8.43154
G1 X104.806 Y103.377 E8.47005
G1 X104.973 Y104.003 E8.48545
G1 X103.829 Y105.147 E8.52396
G1 X103.204 Y104.979 E8.53936
G1 X102.059 Y106.124 E8.57787
G1 X102.227 Y106.749 E8.59327
G1 X101.083 Y107.893 E8.63178
G1 X100.457 Y107.726 E8.64718
G1 X100.252 Y107.931 E8.65407
G1 X99.460 Y107.931 E8.67294
G1 X100.061 Y107.329 E8.69317
G1 X99.893 Y106.704 E8.70857
G1 X101.038 Y105.560 E8.74708
G1 X101.663 Y105.727 E8.76248
G1 X102.807 Y104.583 E8.80099
G1 X102.640 Y103.958 E8.81639
G1 X103.784 Y102.813 E8.85490
G1 X104.409 Y102.981 E8.87030
G1 X105.554 Y101.836 E8.90881
G1 X105.386 Y101.211 E8.92421
G1 X105.994 Y100.603 E8.94467
G1 X105.994 Y102.245 E8.98373
G1 X105.995 Y99.017 F7800.000
G1 F4800.000
G1 X105.967 Y99.045 E8.98469
G1 X105.995 Y99.151 E8.98731
G1 X105.995 Y99.810 E9.00298
G1 X104.990 Y100.815 E9.03679
G1 X104.365 Y100.647 E9.05219
G1 X103.220 Y101.792 E9.09070
G1 X103.388 Y102.417 E9.10610
G1 X102.243 Y103.561 E9.14461
G1 X101.618 Y103.394 E9.16001
G1 X100.474 Y104.538 E9.19852
G1 X100.641 Y105.163 E9.21392
G1 X99.497 Y106.308 E9.25243
G1 X98.872 Y106.140 E9.26783
G1 X97.727 Y107.284 E9.30634
G1 X97.895 Y107.910 E9.32174
G1 X97.874 Y107.931 E9.32244
G1 X95.579 Y107.931 E9.37705
G1 X95.561 Y107.865 E9.37867
G1 X96.706 Y106.721 E9.41718
G1 X97.331 Y106.888 E9.43258
G1 X98.475 Y105.744 E9.47109
G1 X98.308 Y105.118 E9.48649
G1 X99.452 Y103.974 E9.52500
G1 X100.077 Y104.142 E9.54040
G1 X101.222 Y102.997 E9.57891
G1 X101.054 Y102.372 E9.59431
G1 X102.198 Y101.228 E9.63282
G1 X102.824 Y101.395 E9.64822
G1 X103.968 Y100.251 E9.68672
G1 X103.801 Y99.625 E9.70213
G1 X104.945 Y98.481 E9.74063
G1 X105.570 Y98.649 E9.75604
G1 X105.996 Y98.223 E9.77035
G1 X105.995 Y99.017 E9.78922
G1 X107.931 Y95.799 F7800.000
G1 F4800.000
G1 X107.931 Y96.081 E9.79593
G1 X107.345 Y96.081 E9.80987
G1 X107.691 Y95.735 E9.82154
G1 X107.931 Y95.799 E9.82743
G1 X107.931 Y93.910 F7800.000
G1 F4800.000
G1 X107.127 Y94.713 E9.85446
G1 X107.295 Y95.338 E9.86986
G1 X106.552 Y96.082 E9.89487
G1 X105.996 Y96.082 E9.90808
G1 X105.996 Y96.441 E9.91663
G1 X105.525 Y96.315 E9.92823
G1 X104.381 Y97.459 E9.96674
G1 X104.549 Y98.085 E9.98214
G1 X103.404 Y99.229 E10.02065
G1 X102.779 Y99.062 E10.03605
G1 X101.635 Y100.206 E10.07456
G1 X101.802 Y100.831 E10.08996
G1 X100.658 Y101.976 E10.12847
G1 X100.032 Y101.808 E10.14387
G1 X98.888 Y102.952 E10.18238
G1 X99.056 Y103.578 E10.19778
G1 X97.911 Y104.722 E10.23629
G1 X97.286 Y104.554 E10.25169
G1 X96.142 Y105.699 E10.29020
G1 X96.309 Y106.324 E10.30560
G1 X95.165 Y107.468 E10.34410
G1 X94.539 Y107.301 E10.35951
G1 X93.910 Y107.931 E10.38070
G1 X93.117 Y107.931 E10.39956
G1 X94.143 Y106.904 E10.43409
G1 X93.976 Y106.279 E10.44949
G1 X95.120 Y105.135 E10.48800
G1 X95.745 Y105.302 E10.50340
G1 X96.890 Y104.158 E10.54191
G1 X96.722 Y103.533 E10.55731
G1 X97.866 Y102.388 E10.59582
G1 X98.492 Y102.556 E10.61122
G1 X99.636 Y101.412 E10.64973
G1 X99.468 Y100.786 E10.66513
G1 X100.613 Y99.642 E10.70364
G1 X101.238 Y99.809 E10.71904
G1 X102.382 Y98.665 E10.75755
G1 X102.215 Y98.040 E10.77295
G1 X103.359 Y96.895 E10.81146
G1 X103.985 Y97.063 E10.82686
G1 X105.129 Y95.919 E10.86536
G1 X104.961 Y95.293 E10.88077
G1 X106.106 Y94.149 E10.91927
G1 X106.731 Y94.317 E10.93468
G1 X107.875 Y93.172 E10.97318
G1 X107.708 Y92.547 E10.98859
G1 X107.931 Y92.324 E10.99608
G1 X107.931 Y93.910 E11.03381
G1 X107.311 Y92.150 F7800.000
G1 F4800.000
G1 X107.009 Y92.069 E11.04127
G1 X107.393 Y92.069 E11.05040
G1 X107.311 Y92.150 E11.05313
G1 X105.542 Y93.127 F7800.000
G1 F4800.000
G1 X105.709 Y93.753 E11.06854
G1 X104.565 Y94.897 E11.10704
G1 X103.940 Y94.729 E11.12244
G1 X102.795 Y95.874 E11.16095
G1 X102.963 Y96.499 E11.17635
G1 X101.818 Y97.643 E11.21486
G1 X101.193 Y97.476 E11.23026
G1 X100.049 Y98.620 E11.26877
G1 X100.216 Y99.245 E11.28417
G1 X99.072 Y100.390 E11.32268
G1 X98.447 Y100.222 E11.33808
G1 X97.302 Y101.367 E11.37659
G1 X97.470 Y101.992 E11.39199
G1 X96.326 Y103.136 E11.43050
G1 X95.700 Y102.969 E11.44590
G1 X94.556 Y104.113 E11.48441
G1 X94.723 Y104.738 E11.49981
G1 X93.579 Y105.883 E11.53831
G1 X92.954 Y105.715 E11.55372
G1 X92.069 Y106.600 E11.58348
G1 X92.069 Y105.807 E11.60234
G1 X92.557 Y105.319 E11.61877
G1 X92.390 Y104.694 E11.63417
G1 X93.534 Y103.549 E11.67268
G1 X94.160 Y103.717 E11.68808
G1 X95.304 Y102.572 E11.72658
G1 X95.136 Y101.947 E11.74199
G1 X96.281 Y100.803 E11.78049
G1 X96.906 Y100.970 E11.79590
G1 X98.050 Y99.826 E11.83440
G1 X97.883 Y99.201 E11.84981
G1 X99.027 Y98.056 E11.88831
G1 X99.652 Y98.224 E11.90371
G1 X100.797 Y97.079 E11.94222
G1 X100.629 Y96.454 E11.95762
G1 X101.774 Y95.310 E11.99613
G1 X102.399 Y95.477 E12.01153
G1 X103.543 Y94.333 E12.05004
G1 X103.376 Y93.708 E12.06544
G1 X104.520 Y92.563 E12.10395
G1 X105.145 Y92.731 E12.11935
G1 X105.807 Y92.069 E12.14161
G1 X106.600 Y92.069 E12.16047
G1 X105.542 Y93.127 E12.19607
G1 X104.124 Y92.167 F7800.000
G1 F4800.000
G1 X102.979 Y93.311 E12.23458
G1 X102.524 Y93.189 E12.24579
G1 X102.524 Y92.069 E12.27243
G1 X104.098 Y92.069 E12.30988
G1 X104.124 Y92.167 E12.31228
G1 X101.210 Y94.288 F7800.000
G1 F4800.000
G1 X101.377 Y94.913 E12.32769
G1 X100.233 Y96.058 E12.36619
G1 X99.608 Y95.890 E12.38159
G1 X98.463 Y97.035 E12.42010
G1 X98.631 Y97.660 E12.43550
G1 X97.486 Y98.804 E12.47401
G1 X96.861 Y98.637 E12.48941
G1 X95.717 Y99.781 E12.52792
G1 X95.884 Y100.406 E12.54332
G1 X94.740 Y101.551 E12.58183
G1 X94.115 Y101.383 E12.59723
G1 X92.970 Y102.527 E12.63574
G1 X93.138 Y103.153 E12.65114
G1 X92.069 Y104.221 E12.68709
G1 X92.069 Y101.996 E12.74004
G1 X92.574 Y102.131 E12.75247
G1 X93.718 Y100.987 E12.79097
G1 X93.551 Y100.361 E12.80638
G1 X94.695 Y99.217 E12.84488
G1 X95.320 Y99.385 E12.86029
G1 X96.465 Y98.240 E12.89879
G1 X96.297 Y97.615 E12.91420
G1 X97.441 Y96.471 E12.95270
G1 X98.067 Y96.638 E12.96810
G1 X99.211 Y95.494 E13.00661
G1 X99.044 Y94.868 E13.02201
G1 X99.946 Y93.966 E13.05237
G1 X101.532 Y93.966 E13.09010
G1 X101.210 Y94.288 E13.10094
G1 X98.647 Y94.472 F7800.000
G1 F4800.000
G1 X98.022 Y94.305 E13.11634
G1 X96.878 Y95.449 E13.15484
G1 X97.045 Y96.074 E13.17025
G1 X95.901 Y97.219 E13.20875
G1 X95.275 Y97.051 E13.22416
G1 X94.131 Y98.195 E13.26266
G1 X94.299 Y98.821 E13.27807
G1 X93.154 Y99.965 E13.31657
G1 X92.529 Y99.797 E13.33197
G1 X92.069 Y100.257 E13.34744
G1 X92.069 Y99.464 E13.36630
G1 X92.133 Y99.401 E13.36843
G1 X92.069 Y99.165 E13.37424
G1 X92.069 Y98.671 E13.38599
G1 X93.109 Y97.631 E13.42098
G1 X93.735 Y97.799 E13.43639
G1 X94.879 Y96.655 E13.47489
G1 X94.711 Y96.029 E13.49029
G1 X95.856 Y94.885 E13.52880
G1 X96.481 Y95.052 E13.54420
G1 X97.567 Y93.966 E13.58076
G1 X99.153 Y93.966 E13.61848
G1 X98.647 Y94.472 E13.63551
G1 X96.412 Y92.743 F7800.000
G1 F4800.000
G1 X95.292 Y93.863 E13.67321
G1 X95.459 Y94.488 E13.68861
G1 X94.315 Y95.633 E13.72712
G1 X93.690 Y95.465 E13.74252
G1 X92.545 Y96.610 E13.78103
G1 X92.713 Y97.235 E13.79643
G1 X92.069 Y97.879 E13.81809
G1 X92.069 Y96.192 E13.85822
G1 X92.149 Y96.213 E13.86018
G1 X93.293 Y95.069 E13.89869
G1 X93.126 Y94.444 E13.91409
G1 X94.270 Y93.299 E13.95259
G1 X94.895 Y93.467 E13.96800
G1 X96.040 Y92.322 E14.00650
G1 X95.972 Y92.069 E14.01274
G1 X96.413 Y92.069 E14.02322
G1 X96.412 Y92.743 E14.03924
G1 X93.706 Y92.278 F7800.000
G1 F4800.000
G1 X93.874 Y92.903 E14.05465
G1 X92.729 Y94.047 E14.09315
G1 X92.104 Y93.880 E14.10856
G1 X92.069 Y93.914 E14.10972
G1 X92.069 Y92.329 E14.14745
G1 X92.329 Y92.069 E14.15618
G1 X93.914 Y92.069 E14.19391
G1 X93.706 Y92.278 E14.20091
G1 X92.558 Y107.931 F7800.000
G1 F4800.000
G1 X92.324 Y107.931 E14.20647
G1 X92.373 Y107.881 E14.20813
G1 X92.558 Y107.931 E14.21267
G1 X107.931 Y107.388 F7800.000
G1 F4800.000
G1 X107.388 Y107.931 E14.23093
G1 X105.802 Y107.931 E14.26866
G1 X105.979 Y107.754 E14.27460
G1 X105.811 Y107.129 E14.29000
G1 X106.955 Y105.985 E14.32850
G1 X107.581 Y106.152 E14.34391
G1 X107.931 Y105.802 E14.35568
G1 X107.931 Y107.388 E14.39341
M106 S255
G1 Z11.550 F7800.000
G1 E12.39341 F2400.00000
G92 E0
G1 X101.106 Y89.175 F7800.000
G1 E2.00000 F2400.00000
G1 F600.000
G1 X101.106 Y88.500 E2.00505
G1 X97.972 Y88.500 E2.02848
G1 X97.971 Y89.175 E2.03353
G1 X99.308 Y89.175 E2.04353
G1 X99.307 Y91.072 E2.05771
G1 X99.629 Y91.072 E2.06011
G1 X99.628 Y89.175 E2.07430
G1 X101.106 Y89.175 E2.08535
M106 S242.25
G1 Z11.650 F7800.000
G1 F3600.000
G1 X99.628 Y89.175 E2.09641
G1 X99.629 Y91.072 E2.11059
G1 X99.307 Y91.072 E2.11300
G1 X99.308 Y89.175 E2.12718
G1 X97.971 Y89.175 E2.13718
G1 X97.972 Y88.500 E2.14222
G1 X101.106 Y88.500 E2.16566
G1 X101.106 Y89.175 E2.17071
G1 Z11.850 F7800.000
G1 E0.17071 F2400.00000
G92 E0
G1 X106.592 Y102.666 F7800.000
G1 E2.00000 F2400.00000
G1 F3600.000
G1 X108.529 Y102.668 E2.05224
G1 X108.529 Y108.529 E2.21034
G1 X91.471 Y108.529 E2.67049
G1 X91.471 Y91.471 E3.13065
G1 X96.842 Y91.471 E3.27554
G1 X96.841 Y93.368 E3.32672
G1 X102.118 Y93.368 E3.46906
G1 X102.117 Y91.471 E3.52024
G1 X108.529 Y91.471 E3.69320
G1 X108.529 Y96.499 E3.82885
G1 X106.595 Y96.500 E3.88102
G1 X106.592 Y102.591 E4.04531
G1 X107.228 Y102.031 F7800.000
G1 F3600.000
G1 X109.164 Y102.033 E4.09755
G1 X109.164 Y109.164 E4.28992
G1 X90.836 Y109.164 E4.78436
G1 X90.836 Y90.836 E5.27881
G1 X97.478 Y90.836 E5.45800
G1 X97.477 Y92.733 E5.50918
G1 X101.482 Y92.733 E5.61722
G1 X101.481 Y90.836 E5.66839
G1 X109.164 Y90.836 E5.87566
G1 X109.164 Y97.135 E6.04559
G1 X107.230 Y97.136 E6.09776
G1 X107.228 Y101.956 E6.22780
G1 X107.789 Y101.471 F7800.000
G1 F1800.000
G1 X109.725 Y101.474 E6.26770
G1 X109.725 Y109.725 E6.43777
G1 X90.275 Y109.725 E6.83864
G1 X90.275 Y90.275 E7.23951
G1 X98.039 Y90.275 E7.39953
G1 X98.038 Y92.172 E7.43863
G1 X100.921 Y92.172 E7.49805
G1 X100.920 Y90.275 E7.53715
G1 X109.725 Y90.275 E7.71862
G1 X109.725 Y97.695 E7.87155
G1 X107.791 Y97.696 E7.91142
G1 X107.789 Y101.396 E7.98768
G1 X107.710 Y101.965 F7800.000
G1 X107.931 Y103.266 F7800.000
G1 F4800.000
G1 X107.931 Y103.924 E8.00335
G1 X107.536 Y103.819 E8.01307
G1 X107.388 Y103.265 E8.02671
G1 X107.931 Y103.266 E8.03964
G1 X101.774 Y95.310 F7800.000
G1 F4800.000
G1 X102.399 Y95.477 E8.05504
G1 X102.818 Y97.041 E8.09355
G1 X102.360 Y97.498 E8.10895
G1 X102.779 Y99.062 E8.14745
G1 X103.404 Y99.229 E8.16286
G1 X103.823 Y100.792 E8.20136
G1 X103.365 Y101.250 E8.21677
G1 X103.784 Y102.813 E8.25527
G1 X104.409 Y102.981 E8.27068
G1 X104.828 Y104.544 E8.30918
G1 X104.371 Y105.002 E8.32458
G1 X104.789 Y106.565 E8.36309
G1 X105.415 Y106.733 E8.37849
G1 X105.736 Y107.931 E8.40801
G1 X103.995 Y107.931 E8.44944
G1 X103.790 Y107.168 E8.46823
G1 X104.248 Y106.710 E8.48363
G1 X103.829 Y105.147 E8.52214
G1 X103.204 Y104.979 E8.53754
G1 X102.785 Y103.416 E8.57604
G1 X103.243 Y102.958 E8.59145
G1 X102.824 Y101.395 E8.62995
G1 X102.198 Y101.228 E8.64536
G1 X101.780 Y99.664 E8.68386
G1 X102.237 Y99.207 E8.69927
G1 X101.818 Y97.643 E8.73777
G1 X101.193 Y97.476 E8.75317
G1 X100.774 Y95.913 E8.79168
G1 X101.232 Y95.455 E8.80708
G1 X100.833 Y93.966 E8.84375
G1 X101.414 Y93.966 E8.85756
G1 X101.774 Y95.310 E8.89065
G1 X99.189 Y94.327 F7800.000
G1 F4800.000
G1 X99.608 Y95.890 E8.92916
G1 X100.233 Y96.058 E8.94456
G1 X100.652 Y97.621 E8.98306
G1 X100.194 Y98.079 E8.99847
G1 X100.613 Y99.642 E9.03697
G1 X101.238 Y99.809 E9.05238
G1 X101.657 Y101.373 E9.09088
G1 X101.199 Y101.830 E9.10629
G1 X101.618 Y103.394 E9.14479
G1 X102.243 Y103.561 E9.16019
G1 X102.662 Y105.124 E9.19870
G1 X102.204 Y105.582 E9.21410
G1 X102.623 Y107.145 E9.25261
G1 X103.249 Y107.313 E9.26801
G1 X103.414 Y107.931 E9.28323
G1 X101.673 Y107.931 E9.32466
G1 X101.624 Y107.748 E9.32915
G1 X102.082 Y107.290 E9.34455
G1 X101.663 Y105.727 E9.38306
G1 X101.038 Y105.560 E9.39846
G1 X100.619 Y103.996 E9.43697
G1 X101.077 Y103.539 E9.45237
G1 X100.658 Y101.976 E9.49088
G1 X100.032 Y101.808 E9.50628
G1 X99.614 Y100.245 E9.54479
G1 X100.071 Y99.787 E9.56019
G1 X99.652 Y98.224 E9.59870
G1 X99.027 Y98.056 E9.61410
G1 X98.608 Y96.493 E9.65261
G1 X99.066 Y96.035 E9.66801
G1 X98.647 Y94.472 E9.70652
G1 X98.022 Y94.305 E9.72192
G1 X97.931 Y93.966 E9.73025
G1 X99.549 Y93.966 E9.76874
G1 X99.189 Y94.327 E9.78087
G1 X96.243 Y93.966 F7800.000
G1 F4800.000
G1 X97.351 Y93.966 E9.80723
G1 X97.480 Y94.450 E9.81913
G1 X97.023 Y94.907 E9.83454
G1 X97.441 Y96.471 E9.87304
G1 X98.067 Y96.638 E9.88845
G1 X98.486 Y98.201 E9.92695
G1 X98.028 Y98.659 E9.94236
G1 X98.447 Y100.222 E9.98086
G1 X99.072 Y100.390 E9.99626
G1 X99.491 Y101.953 E10.03477
G1 X99.033 Y102.411 E10.05017
G1 X99.452 Y103.974 E10.08868
G1 X100.077 Y104.142 E10.10408
G1 X100.496 Y105.705 E10.14259
G1 X100.038 Y106.163 E10.15799
G1 X100.457 Y107.726 E10.19650
G1 X101.083 Y107.893 E10.21190
G1 X101.093 Y107.931 E10.21282
G1 X99.856 Y107.931 E10.24224
G1 X99.916 Y107.871 E10.24426
G1 X99.497 Y106.308 E10.28276
G1 X98.872 Y106.140 E10.29816
G1 X98.453 Y104.577 E10.33667
G1 X98.911 Y104.119 E10.35207
G1 X98.492 Y102.556 E10.39058
G1 X97.866 Y102.388 E10.40598
G1 X97.447 Y100.825 E10.44449
G1 X97.905 Y100.367 E10.45989
G1 X97.486 Y98.804 E10.49840
G1 X96.861 Y98.637 E10.51380
G1 X96.442 Y97.073 E10.55231
G1 X96.900 Y96.616 E10.56771
G1 X96.481 Y95.052 E10.60622
G1 X95.856 Y94.885 E10.62162
G1 X95.437 Y93.322 E10.66013
G1 X95.895 Y92.864 E10.67553
G1 X95.682 Y92.069 E10.69510
G1 X96.244 Y92.069 E10.70848
G1 X96.243 Y93.966 E10.75362
G1 X94.270 Y93.299 F7800.000
G1 F4800.000
G1 X94.895 Y93.467 E10.76902
G1 X95.314 Y95.030 E10.80752
G1 X94.857 Y95.488 E10.82293
G1 X95.275 Y97.051 E10.86143
G1 X95.901 Y97.219 E10.87684
G1 X96.320 Y98.782 E10.91534
G1 X95.862 Y99.239 E10.93075
G1 X96.281 Y100.803 E10.96925
G1 X96.906 Y100.970 E10.98465
G1 X97.325 Y102.533 E11.02316
G1 X96.867 Y102.991 E11.03856
G1 X97.286 Y104.554 E11.07707
G1 X97.911 Y104.722 E11.09247
G1 X98.330 Y106.285 E11.13098
G1 X97.872 Y106.743 E11.14638
G1 X98.191 Y107.931 E11.17564
G1 X97.610 Y107.931 E11.18945
G1 X97.331 Y106.888 E11.21513
G1 X96.706 Y106.720 E11.23053
G1 X96.287 Y105.157 E11.26904
G1 X96.744 Y104.700 E11.28444
G1 X96.326 Y103.136 E11.32295
G1 X95.700 Y102.969 E11.33835
G1 X95.281 Y101.406 E11.37686
G1 X95.739 Y100.948 E11.39226
G1 X95.320 Y99.385 E11.43077
G1 X94.695 Y99.217 E11.44617
G1 X94.276 Y97.654 E11.48468
G1 X94.734 Y97.196 E11.50008
G1 X94.315 Y95.633 E11.53858
G1 X93.690 Y95.465 E11.55399
G1 X93.271 Y93.902 E11.59249
G1 X93.729 Y93.444 E11.60790
G1 X93.360 Y92.069 E11.64177
G1 X93.941 Y92.069 E11.65558
G1 X94.270 Y93.299 E11.68587
G1 X92.104 Y93.880 F7800.000
G1 F4800.000
G1 X92.729 Y94.047 E11.70127
G1 X93.148 Y95.610 E11.73978
G1 X92.690 Y96.068 E11.75518
G1 X93.109 Y97.631 E11.79369
G1 X93.735 Y97.799 E11.80909
G1 X94.153 Y99.362 E11.84760
G1 X93.696 Y99.820 E11.86300
G1 X94.115 Y101.383 E11.90151
G1 X94.740 Y101.551 E11.91691
G1 X95.159 Y103.114 E11.95542
G1 X94.701 Y103.572 E11.97082
G1 X95.120 Y105.135 E12.00933
G1 X95.745 Y105.302 E12.02473
G1 X96.164 Y106.866 E12.06323
G1 X95.706 Y107.323 E12.07864
G1 X95.869 Y107.931 E12.09360
G1 X95.289 Y107.931 E12.10741
G1 X95.165 Y107.468 E12.11879
G1 X94.539 Y107.301 E12.13420
G1 X94.121 Y105.738 E12.17270
G1 X94.578 Y105.280 E12.18810
G1 X94.160 Y103.717 E12.22661
G1 X93.534 Y103.549 E12.24201
G1 X93.115 Y101.986 E12.28052
G1 X93.573 Y101.528 E12.29592
G1 X93.154 Y99.965 E12.33443
G1 X92.529 Y99.797 E12.34983
G1 X92.110 Y98.234 E12.38834
G1 X92.568 Y97.776 E12.40374
G1 X92.149 Y96.213 E12.44225
G1 X92.069 Y96.192 E12.44421
G1 X92.069 Y93.750 E12.50231
G1 X92.104 Y93.880 E12.50550
G1 X92.574 Y102.131 F7800.000
G1 F4800.000
G1 X92.993 Y103.694 E12.54401
G1 X92.535 Y104.152 E12.55941
G1 X92.954 Y105.715 E12.59792
G1 X93.579 Y105.883 E12.61332
G1 X93.998 Y107.446 E12.65183
G1 X93.540 Y107.904 E12.66723
G1 X93.547 Y107.931 E12.66789
G1 X92.558 Y107.931 E12.69144
G1 X92.373 Y107.881 E12.69598
G1 X92.069 Y106.746 E12.72393
G1 X92.069 Y106.203 E12.73686
G1 X92.412 Y105.860 E12.74840
G1 X92.069 Y104.580 E12.77993
G1 X92.069 Y101.996 E12.84142
G1 X92.574 Y102.131 E12.85385
G1 X103.979 Y92.708 F7800.000
G1 F4800.000
G1 X103.521 Y93.166 E12.86925
G1 X103.940 Y94.729 E12.90776
G1 X104.565 Y94.897 E12.92316
G1 X104.984 Y96.460 E12.96167
G1 X104.526 Y96.918 E12.97707
G1 X104.945 Y98.481 E13.01558
G1 X105.570 Y98.649 E13.03098
G1 X105.989 Y100.212 E13.06948
G1 X105.531 Y100.670 E13.08489
G1 X105.950 Y102.233 E13.12339
G1 X105.994 Y102.245 E13.12448
G1 X105.994 Y103.263 E13.14871
G1 X106.807 Y103.264 E13.16806
G1 X106.994 Y103.964 E13.18529
G1 X106.537 Y104.421 E13.20069
G1 X106.955 Y105.985 E13.23920
G1 X107.581 Y106.152 E13.25460
G1 X107.931 Y107.458 E13.28676
G1 X107.931 Y107.784 E13.29453
G1 X107.784 Y107.931 E13.29945
G1 X106.316 Y107.931 E13.33439
G1 X105.956 Y106.587 E13.36748
G1 X106.414 Y106.130 E13.38288
G1 X105.995 Y104.566 E13.42138
G1 X105.370 Y104.399 E13.43679
G1 X104.951 Y102.836 E13.47529
G1 X105.409 Y102.378 E13.49070
G1 X104.990 Y100.815 E13.52920
G1 X104.365 Y100.647 E13.54461
G1 X103.946 Y99.084 E13.58311
G1 X104.403 Y98.626 E13.59851
G1 X103.985 Y97.063 E13.63702
G1 X103.359 Y96.895 E13.65242
G1 X102.940 Y95.332 E13.69093
G1 X103.398 Y94.874 E13.70633
G1 X102.979 Y93.311 E13.74484
G1 X102.716 Y93.241 E13.75132
G1 X102.716 Y92.069 E13.77919
G1 X103.807 Y92.069 E13.80517
G1 X103.979 Y92.708 E13.82091
G1 X106.145 Y92.128 F7800.000
G1 F4800.000
G1 X105.687 Y92.586 E13.83632
G1 X106.106 Y94.149 E13.87482
G1 X106.731 Y94.317 E13.89022
G1 X107.150 Y95.880 E13.92873
G1 X107.128 Y95.902 E13.92948
G1 X105.997 Y95.902 E13.95638
G1 X105.997 Y96.441 E13.96920
G1 X105.525 Y96.315 E13.98082
G1 X105.106 Y94.752 E14.01932
G1 X105.564 Y94.294 E14.03472
G1 X105.145 Y92.731 E14.07323
G1 X104.520 Y92.563 E14.08863
G1 X104.388 Y92.069 E14.10080
G1 X106.129 Y92.069 E14.14223
G1 X106.145 Y92.128 E14.14368
G1 X107.931 Y92.295 F7800.000
G1 F4800.000
G1 X107.931 Y95.799 E14.22703
G1 X107.691 Y95.735 E14.23292
G1 X107.273 Y94.171 E14.27143
G1 X107.730 Y93.714 E14.28683
G1 X107.311 Y92.150 E14.32534
G1 X107.009 Y92.069 E14.33280
G1 X107.870 Y92.069 E14.35329
G1 X107.931 Y92.295 E14.35886
M106 S255
G1 Z11.850 F7800.000
G1 E12.35886 F2400.00000
G92 E0
G1 X100.853 Y88.922 F7800.000
G1 E2.00000 F2400.00000
G1 F600.000
G1 X100.853 Y88.753 E2.00241
G1 X100.327 Y88.753 E2.00995
G1 X100.327 Y88.922 E2.01236
G1 X99.802 Y88.922 E2.01990
G1 X99.802 Y88.753 E2.02232
G1 X99.276 Y88.753 E2.02986
G1 X99.276 Y88.922 E2.03227
G1 X98.751 Y88.922 E2.03981
G1 X98.751 Y88.753 E2.04222
G1 X98.225 Y88.753 E2.04976
G1 X98.225 Y88.922 E2.05217
G1 X98.225 Y88.753 E2.05458
G1 Z11.950 F7800.000
G1 E0.05458 F2400.00000
G92 E0
G1 X99.403 Y90.808 F7800.000
G1 E2.00000 F2400.00000
G1 F600.000
G1 X99.556 Y90.808 E2.00115
G1 X99.556 Y90.174 E2.00589
G1 X99.403 Y90.174 E2.00703
G1 X99.404 Y89.539 E2.01177
G1 X99.556 Y89.539 E2.01291
G1 X99.555 Y88.911 E2.01761
G1 X100.842 Y88.905 E2.02723
G1 X98.236 Y88.905 E2.04672
G1 X98.236 Y88.764 E2.04777
G1 X100.842 Y88.764 E2.06726
G1 X100.842 Y88.905 E2.06831
M106 S242.25
G1 Z12.050 F7800.000
G1 X101.106 Y88.736 F7800.000
G1 F3600.000
G1 X101.106 Y88.500 E2.07008
G1 X100.814 Y88.500 E2.07226
G1 X100.402 Y89.214 E2.07843
G1 X99.577 Y89.214 E2.08459
G1 X99.164 Y88.500 E2.09076
G1 X98.532 Y88.500 E2.09549
G1 X98.796 Y88.957 E2.09944
G1 X98.512 Y89.450 E2.10369
G1 X98.527 Y89.450 E2.10380
G1 X98.527 Y90.162 E2.10913
G1 X98.939 Y90.162 E2.11221
G1 X99.351 Y90.877 E2.11838
G1 X99.079 Y91.348 E2.12245
G1 X99.684 Y91.348 E2.12696
G1 X99.654 Y91.297 E2.12740
G1 X100.067 Y90.582 E2.13357
G1 X100.479 Y90.582 E2.13665
G1 X100.478 Y89.791 E2.14257
G1 X100.282 Y89.450 E2.14551
G1 X100.694 Y88.736 E2.15168
G1 X101.106 Y88.736 E2.15476
G1 Z12.150 F7800.000
G1 E0.15476 F2400.00000
G92 E0
G1 X106.593 Y102.836 F7800.000
G1 E2.00000 F2400.00000
G1 F3600.000
G1 X108.529 Y102.838 E2.05223
G1 X108.529 Y108.529 E2.20575
G1 X91.471 Y108.529 E2.66590
G1 X91.471 Y91.471 E3.12605
G1 X96.674 Y91.471 E3.26639
G1 X96.673 Y93.369 E3.31758
G1 X102.310 Y93.369 E3.46965
G1 X102.309 Y91.471 E3.52083
G1 X108.529 Y91.471 E3.68862
G1 X108.529 Y96.320 E3.81942
G1 X106.595 Y96.321 E3.87158
G1 X106.593 Y102.761 E4.04530
G1 X107.228 Y102.201 F7800.000
G1 F3600.000
G1 X109.164 Y102.203 E4.09753
G1 X109.164 Y109.164 E4.28531
G1 X90.836 Y109.164 E4.77976
G1 X90.836 Y90.836 E5.27420
G1 X97.310 Y90.836 E5.44885
G1 X97.309 Y92.733 E5.50003
G1 X101.674 Y92.733 E5.61779
G1 X101.673 Y90.836 E5.66897
G1 X109.164 Y90.836 E5.87107
G1 X109.164 Y96.955 E6.03615
G1 X107.231 Y96.956 E6.08832
G1 X107.228 Y102.126 E6.22778
G1 X107.789 Y101.641 F7800.000
G1 F1800.000
G1 X109.725 Y101.644 E6.26767
G1 X109.725 Y109.725 E6.43423
G1 X90.275 Y109.725 E6.83510
G1 X90.275 Y90.275 E7.23597
G1 X97.870 Y90.275 E7.39252
G1 X97.870 Y92.172 E7.43162
G1 X101.113 Y92.172 E7.49847
G1 X101.112 Y90.275 E7.53758
G1 X109.725 Y90.275 E7.71509
G1 X109.725 Y97.516 E7.86433
G1 X107.791 Y97.517 E7.90418
G1 X107.789 Y101.566 E7.98764
G1 X107.789 Y102.141 F7800.000
G1 X107.790 Y99.583 F7800.000
G1 F1800.000
G1 X110.000 Y99.584 E8.00398
G1 E6.00398 F2400.00000
G92 E0
G1 X107.931 Y103.436 F7800.000
G1 E2.00000 F2400.00000
G1 F4800.000
G1 X107.931 Y103.634 E2.00473
G1 X107.186 Y103.435 E2.02307
G1 X107.931 Y103.436 E2.04080
G1 X103.376 Y93.708 F7800.000
G1 F4800.000
G1 X103.543 Y94.333 E2.05620
G1 X105.106 Y94.752 E2.09470
G1 X105.564 Y94.294 E2.11011
G1 X107.127 Y94.713 E2.14861
G1 X107.295 Y95.338 E2.16402
G1 X107.931 Y95.509 E2.17967
G1 X107.931 Y95.722 E2.18476
G1 X105.998 Y95.723 E2.23075
G1 X105.997 Y96.151 E2.24094
G1 X105.129 Y95.919 E2.26233
G1 X104.961 Y95.293 E2.27774
G1 X103.398 Y94.874 E2.31624
G1 X102.940 Y95.332 E2.33165
G1 X101.377 Y94.913 E2.37015
G1 X101.210 Y94.288 E2.38555
G1 X100.010 Y93.967 E2.41510
G1 X102.908 Y93.967 E2.48406
G1 X102.908 Y93.582 E2.49320
G1 X103.376 Y93.708 E2.50472
G1 X104.124 Y92.167 F7800.000
G1 F4800.000
G1 X105.687 Y92.586 E2.54323
G1 X106.145 Y92.128 E2.55863
G1 X107.708 Y92.547 E2.59714
G1 X107.875 Y93.172 E2.61254
G1 X107.931 Y93.187 E2.61390
G1 X107.931 Y93.767 E2.62771
G1 X107.730 Y93.714 E2.63265
G1 X107.273 Y94.171 E2.64805
G1 X105.709 Y93.753 E2.68655
G1 X105.542 Y93.127 E2.70196
G1 X103.979 Y92.708 E2.74046
G1 X103.521 Y93.166 E2.75587
G1 X102.908 Y93.002 E2.77097
G1 X102.907 Y92.069 E2.79316
G1 X104.098 Y92.069 E2.82148
G1 X104.124 Y92.167 E2.82388
G1 X99.189 Y94.327 F7800.000
G1 F4800.000
G1 X97.844 Y93.967 E2.85700
G1 X99.549 Y93.967 E2.89757
G1 X99.189 Y94.327 E2.90969
G1 X96.040 Y92.322 F7800.000
G1 F4800.000
G1 X96.075 Y92.332 E2.91056
G1 X96.075 Y92.912 E2.92437
G1 X95.895 Y92.864 E2.92881
G1 X95.437 Y93.322 E2.94421
G1 X93.874 Y92.903 E2.98271
G1 X93.706 Y92.278 E2.99812
G1 X92.929 Y92.069 E3.01725
G1 X95.972 Y92.069 E3.08965
G1 X96.040 Y92.322 E3.09589
G1 X95.292 Y93.863 F7800.000
G1 F4800.000
G1 X95.459 Y94.488 E3.11129
G1 X97.023 Y94.907 E3.14979
G1 X97.480 Y94.450 E3.16520
G1 X99.044 Y94.868 E3.20370
G1 X99.211 Y95.494 E3.21911
G1 X100.774 Y95.913 E3.25761
G1 X101.232 Y95.455 E3.27302
G1 X102.795 Y95.874 E3.31152
G1 X102.963 Y96.499 E3.32692
G1 X104.526 Y96.918 E3.36543
G1 X104.984 Y96.460 E3.38083
G1 X105.997 Y96.732 E3.40579
G1 X105.996 Y98.473 E3.44722
G1 X104.549 Y98.085 E3.48288
G1 X104.381 Y97.459 E3.49828
G1 X102.818 Y97.041 E3.53679
G1 X102.360 Y97.498 E3.55219
G1 X100.797 Y97.079 E3.59070
G1 X100.629 Y96.454 E3.60610
G1 X99.066 Y96.035 E3.64461
G1 X98.608 Y96.493 E3.66001
G1 X97.045 Y96.074 E3.69852
G1 X96.878 Y95.449 E3.71392
G1 X95.314 Y95.030 E3.75243
G1 X94.857 Y95.488 E3.76783
G1 X93.293 Y95.069 E3.80634
G1 X93.126 Y94.444 E3.82174
G1 X92.069 Y94.161 E3.84776
G1 X92.069 Y93.580 E3.86157
G1 X93.271 Y93.902 E3.89117
G1 X93.729 Y93.444 E3.90657
G1 X95.292 Y93.863 E3.94508
G1 X94.711 Y96.029 F7800.000
G1 F4800.000
G1 X94.879 Y96.655 E3.96048
G1 X96.442 Y97.073 E3.99899
G1 X96.900 Y96.616 E4.01439
G1 X98.463 Y97.035 E4.05289
G1 X98.631 Y97.660 E4.06830
G1 X100.194 Y98.079 E4.10680
G1 X100.652 Y97.621 E4.12221
G1 X102.215 Y98.040 E4.16071
G1 X102.382 Y98.665 E4.17612
G1 X103.946 Y99.084 E4.21462
G1 X104.403 Y98.626 E4.23002
G1 X105.967 Y99.045 E4.26853
G1 X105.996 Y99.155 E4.27123
G1 X105.996 Y100.214 E4.29643
G1 X105.531 Y100.670 E4.31191
G1 X103.968 Y100.251 E4.35042
G1 X103.801 Y99.625 E4.36582
G1 X102.237 Y99.207 E4.40433
G1 X101.780 Y99.664 E4.41973
G1 X100.216 Y99.245 E4.45823
G1 X100.049 Y98.620 E4.47364
G1 X98.486 Y98.201 E4.51214
G1 X98.028 Y98.659 E4.52755
G1 X96.465 Y98.240 E4.56605
G1 X96.297 Y97.615 E4.58146
G1 X94.734 Y97.196 E4.61996
G1 X94.276 Y97.654 E4.63536
G1 X92.713 Y97.235 E4.67387
G1 X92.545 Y96.610 E4.68927
G1 X92.069 Y96.482 E4.70100
G1 X92.069 Y95.902 E4.71481
G1 X92.690 Y96.068 E4.73011
G1 X93.148 Y95.610 E4.74551
G1 X94.711 Y96.029 E4.78402
G1 X94.131 Y98.195 F7800.000
G1 F4800.000
G1 X94.299 Y98.821 E4.79942
G1 X95.862 Y99.239 E4.83793
G1 X96.320 Y98.782 E4.85333
G1 X97.883 Y99.201 E4.89184
G1 X98.050 Y99.826 E4.90724
G1 X99.614 Y100.245 E4.94575
G1 X100.071 Y99.787 E4.96115
G1 X101.635 Y100.206 E4.99965
G1 X101.802 Y100.831 E5.01506
G1 X103.365 Y101.250 E5.05356
G1 X103.823 Y100.792 E5.06897
G1 X105.386 Y101.211 E5.10747
G1 X105.554 Y101.836 E5.12288
G1 X105.995 Y101.955 E5.13374
G1 X105.995 Y102.535 E5.14755
G1 X105.409 Y102.378 E5.16198
G1 X104.951 Y102.836 E5.17738
G1 X103.388 Y102.417 E5.21589
G1 X103.220 Y101.792 E5.23129
G1 X101.657 Y101.373 E5.26980
G1 X101.199 Y101.830 E5.28520
G1 X99.636 Y101.412 E5.32370
G1 X99.468 Y100.786 E5.33911
G1 X97.905 Y100.367 E5.37761
G1 X97.447 Y100.825 E5.39302
G1 X95.884 Y100.406 E5.43152
G1 X95.717 Y99.781 E5.44693
G1 X94.153 Y99.362 E5.48543
G1 X93.696 Y99.820 E5.50083
G1 X92.133 Y99.401 E5.53934
G1 X92.069 Y99.165 E5.54515
G1 X92.069 Y98.223 E5.56756
G1 X92.110 Y98.234 E5.56856
G1 X92.568 Y97.776 E5.58397
G1 X94.131 Y98.195 E5.62247
G1 X93.551 Y100.361 F7800.000
G1 F4800.000
G1 X93.718 Y100.987 E5.63788
G1 X95.281 Y101.406 E5.67638
G1 X95.739 Y100.948 E5.69179
G1 X97.302 Y101.367 E5.73029
G1 X97.470 Y101.992 E5.74569
G1 X99.033 Y102.411 E5.78420
G1 X99.491 Y101.953 E5.79960
G1 X101.054 Y102.372 E5.83811
G1 X101.222 Y102.997 E5.85351
G1 X102.785 Y103.416 E5.89202
G1 X103.243 Y102.958 E5.90742
G1 X104.806 Y103.377 E5.94593
G1 X104.973 Y104.002 E5.96133
G1 X106.537 Y104.421 E5.99984
G1 X106.994 Y103.964 E6.01524
G1 X107.931 Y104.214 E6.03830
G1 X107.931 Y105.956 E6.07973
G1 X106.559 Y105.588 E6.11352
G1 X106.392 Y104.963 E6.12892
G1 X104.828 Y104.544 E6.16743
G1 X104.371 Y105.002 E6.18283
G1 X102.807 Y104.583 E6.22134
G1 X102.640 Y103.958 E6.23674
G1 X101.077 Y103.539 E6.27525
G1 X100.619 Y103.996 E6.29065
G1 X99.056 Y103.578 E6.32915
G1 X98.888 Y102.952 E6.34456
G1 X97.325 Y102.533 E6.38306
G1 X96.867 Y102.991 E6.39847
G1 X95.304 Y102.572 E6.43697
G1 X95.136 Y101.947 E6.45238
G1 X93.573 Y101.528 E6.49088
G1 X93.115 Y101.986 E6.50628
G1 X92.069 Y101.706 E6.53205
G1 X92.069 Y99.964 E6.57348
G1 X93.551 Y100.361 E6.60997
G1 X92.970 Y102.527 F7800.000
G1 F4800.000
G1 X93.138 Y103.153 E6.62537
G1 X94.701 Y103.572 E6.66388
G1 X95.159 Y103.114 E6.67928
G1 X96.722 Y103.533 E6.71779
G1 X96.890 Y104.158 E6.73319
G1 X98.453 Y104.577 E6.77170
G1 X98.911 Y104.119 E6.78710
G1 X100.474 Y104.538 E6.82560
G1 X100.641 Y105.163 E6.84101
G1 X102.204 Y105.582 E6.87951
G1 X102.662 Y105.124 E6.89492
G1 X104.225 Y105.543 E6.93342
G1 X104.393 Y106.169 E6.94883
G1 X105.956 Y106.587 E6.98733
G1 X106.414 Y106.130 E7.00273
G1 X107.931 Y106.536 E7.04009
G1 X107.931 Y107.784 E7.06980
G1 X107.784 Y107.931 E7.07472
G1 X106.637 Y107.931 E7.10202
G1 X105.979 Y107.754 E7.11823
G1 X105.811 Y107.129 E7.13364
G1 X104.248 Y106.710 E7.17214
G1 X103.790 Y107.168 E7.18755
G1 X102.227 Y106.749 E7.22605
G1 X102.059 Y106.124 E7.24145
G1 X100.496 Y105.705 E7.27996
G1 X100.038 Y106.163 E7.29536
G1 X98.475 Y105.744 E7.33387
G1 X98.308 Y105.118 E7.34927
G1 X96.744 Y104.700 E7.38778
G1 X96.287 Y105.157 E7.40318
G1 X94.723 Y104.738 E7.44169
G1 X94.556 Y104.113 E7.45709
G1 X92.993 Y103.694 E7.49560
G1 X92.535 Y104.152 E7.51100
G1 X92.069 Y104.027 E7.52247
G1 X92.069 Y102.286 E7.56390
G1 X92.970 Y102.527 E7.58609
G1 X92.390 Y104.694 F7800.000
G1 F4800.000
G1 X92.557 Y105.319 E7.60149
G1 X94.121 Y105.738 E7.64000
G1 X94.578 Y105.280 E7.65540
G1 X96.142 Y105.699 E7.69391
G1 X96.309 Y106.324 E7.70931
G1 X97.872 Y106.743 E7.74782
G1 X98.330 Y106.285 E7.76322
G1 X99.893 Y106.704 E7.80173
G1 X100.061 Y107.329 E7.81713
G1 X101.624 Y107.748 E7.85564
G1 X102.082 Y107.290 E7.87104
G1 X103.645 Y107.709 E7.90955
G1 X103.704 Y107.931 E7.91500
G1 X100.139 Y107.931 E7.99983
G1 X99.916 Y107.871 E8.00533
G1 X99.856 Y107.931 E8.00734
G1 X97.973 Y107.931 E8.05215
G1 X97.895 Y107.910 E8.05407
G1 X97.727 Y107.284 E8.06947
G1 X96.164 Y106.866 E8.10798
G1 X95.706 Y107.323 E8.12338
G1 X94.143 Y106.904 E8.16189
G1 X93.976 Y106.279 E8.17729
G1 X92.412 Y105.860 E8.21580
G1 X92.069 Y106.203 E8.22734
G1 X92.069 Y104.608 E8.26530
G1 X92.390 Y104.694 E8.27320
G1 X95.561 Y107.865 F7800.000
G1 F4800.000
G1 X95.579 Y107.931 E8.27482
G1 X92.069 Y107.931 E8.35832
G1 X92.069 Y107.510 E8.36834
G1 X93.540 Y107.904 E8.40457
G1 X93.998 Y107.446 E8.41997
G1 X95.561 Y107.865 E8.45848
G1 Z12.250 F7800.000
G1 Z12.450 F7800.000
G1 X106.593 Y103.006 F7800.000
G1 F3600.000
G1 X108.529 Y103.008 E8.51070
G1 X108.529 Y108.529 E8.65963
G1 X91.471 Y108.529 E9.11978
G1 X91.471 Y91.471 E9.57993
G1 X96.505 Y91.471 E9.71573
G1 X96.504 Y93.369 E9.76692
G1 X102.502 Y93.369 E9.92871
G1 X102.501 Y91.471 E9.97990
G1 X108.529 Y91.471 E10.14252
G1 X108.529 Y96.141 E10.26848
G1 X106.596 Y96.141 E10.32062
G1 X106.593 Y102.931 E10.50377
G1 X107.229 Y102.371 F7800.000
G1 F3600.000
G1 X109.164 Y102.373 E10.55598
G1 X109.164 Y109.164 E10.73918
G1 X90.836 Y109.164 E11.23363
G1 X90.836 Y90.836 E11.72807
G1 X97.141 Y90.836 E11.89817
G1 X97.140 Y92.733 E11.94936
G1 X101.866 Y92.733 E12.07684
G1 X101.865 Y90.836 E12.12803
G1 X109.164 Y90.836 E12.32495
G1 X109.164 Y96.776 E12.48520
G1 X107.231 Y96.777 E12.53735
G1 X107.229 Y102.296 E12.68623
G1 X107.790 Y101.811 F7800.000
G1 F1800.000
G1 X109.725 Y101.813 E12.72612
G1 X109.725 Y109.725 E12.88918
G1 X90.275 Y109.725 E13.29005
G1 X90.275 Y90.275 E13.69092
G1 X97.702 Y90.275 E13.84399
G1 X97.701 Y92.173 E13.88310
G1 X101.305 Y92.173 E13.95737
G1 X101.304 Y90.275 E13.99648
G1 X109.725 Y90.275 E14.17005
G1 X109.725 Y97.336 E14.31558
G1 X107.792 Y97.337 E14.35543
G1 X107.790 Y101.736 E14.44609
G1 X107.789 Y102.311 F7800.000
G1 X108.066 Y99.868 F7800.000
G1 F1800.000
G1 X108.355 Y99.579 E14.45504
G1 X110.000 Y99.580 E14.49108
G1 E12.49108 F2400.00000
G92 E0
G1 X105.997 Y99.015 F7800.000
G1 E2.00000 F2400.00000
G1 F4800.000
G1 X105.967 Y99.045 E2.00101
G1 X105.996 Y99.156 E2.00375
G1 X105.996 Y99.808 E2.01926
G1 X104.990 Y100.815 E2.05312
G1 X104.365 Y100.647 E2.06853
G1 X103.220 Y101.792 E2.10703
G1 X103.388 Y102.417 E2.12244
G1 X102.243 Y103.561 E2.16094
G1 X101.618 Y103.394 E2.17634
G1 X100.474 Y104.538 E2.21485
G1 X100.641 Y105.163 E2.23025
G1 X99.497 Y106.308 E2.26876
G1 X98.872 Y106.140 E2.28416
G1 X97.727 Y107.284 E2.32267
G1 X97.895 Y107.910 E2.33807
G1 X97.874 Y107.931 E2.33878
G1 X95.579 Y107.931 E2.39338
G1 X95.561 Y107.865 E2.39500
G1 X96.706 Y106.721 E2.43351
G1 X97.331 Y106.888 E2.44891
G1 X98.475 Y105.744 E2.48742
G1 X98.308 Y105.118 E2.50282
G1 X99.452 Y103.974 E2.54133
G1 X100.077 Y104.142 E2.55673
G1 X101.222 Y102.997 E2.59524
G1 X101.054 Y102.372 E2.61064
G1 X102.198 Y101.228 E2.64915
G1 X102.824 Y101.395 E2.66455
G1 X103.968 Y100.251 E2.70306
G1 X103.801 Y99.625 E2.71846
G1 X104.945 Y98.481 E2.75697
G1 X105.570 Y98.649 E2.77237
G1 X105.997 Y98.222 E2.78672
G1 X105.997 Y99.015 E2.80560
G1 X105.995 Y102.245 F7800.000
G1 F4800.000
G1 X105.950 Y102.233 E2.80670
G1 X104.806 Y103.377 E2.84521
G1 X104.973 Y104.003 E2.86061
G1 X103.829 Y105.147 E2.89912
G1 X103.204 Y104.979 E2.91452
G1 X102.059 Y106.124 E2.95303
G1 X102.227 Y106.749 E2.96843
G1 X101.083 Y107.893 E3.00694
G1 X100.457 Y107.726 E3.02234
G1 X100.252 Y107.931 E3.02923
G1 X99.460 Y107.931 E3.04810
G1 X100.061 Y107.329 E3.06833
G1 X99.893 Y106.704 E3.08373
G1 X101.038 Y105.560 E3.12224
G1 X101.663 Y105.727 E3.13764
G1 X102.807 Y104.583 E3.17615
G1 X102.640 Y103.958 E3.19155
G1 X103.784 Y102.813 E3.23006
G1 X104.409 Y102.981 E3.24546
G1 X105.554 Y101.836 E3.28397
G1 X105.386 Y101.211 E3.29937
G1 X105.996 Y100.602 E3.31988
G1 X105.995 Y102.245 E3.35898
G1 X107.931 Y103.605 F7800.000
G1 F4800.000
G1 X107.931 Y103.924 E3.36657
G1 X107.536 Y103.819 E3.37629
G1 X106.392 Y104.963 E3.41480
G1 X106.559 Y105.588 E3.43020
G1 X105.415 Y106.733 E3.46871
G1 X104.789 Y106.565 E3.48411
G1 X103.645 Y107.709 E3.52262
G1 X103.704 Y107.931 E3.52807
G1 X101.838 Y107.931 E3.57248
G1 X102.623 Y107.145 E3.59890
G1 X103.249 Y107.313 E3.61430
G1 X104.393 Y106.169 E3.65281
G1 X104.225 Y105.543 E3.66821
G1 X105.370 Y104.399 E3.70672
G1 X105.995 Y104.566 E3.72212
G1 X106.957 Y103.604 E3.75450
G1 X107.931 Y103.605 E3.77766
G1 X107.931 Y107.388 F7800.000
G1 F4800.000
G1 X107.388 Y107.931 E3.79592
G1 X105.802 Y107.931 E3.83365
G1 X105.979 Y107.754 E3.83958
G1 X105.811 Y107.129 E3.85499
G1 X106.955 Y105.985 E3.89349
G1 X107.581 Y106.152 E3.90890
G1 X107.931 Y105.802 E3.92067
G1 X107.931 Y107.388 E3.95840
G1 X107.931 Y93.910 F7800.000
G1 F4800.000
G1 X107.127 Y94.713 E3.98542
G1 X107.295 Y95.338 E4.00083
G1 X107.090 Y95.543 E4.00772
G1 X105.998 Y95.544 E4.03370
G1 X105.998 Y96.442 E4.05507
G1 X105.525 Y96.315 E4.06670
G1 X104.381 Y97.459 E4.10521
G1 X104.549 Y98.085 E4.12061
G1 X103.404 Y99.229 E4.15912
G1 X102.779 Y99.062 E4.17452
G1 X101.635 Y100.206 E4.21303
G1 X101.802 Y100.831 E4.22843
G1 X100.658 Y101.976 E4.26694
G1 X100.032 Y101.808 E4.28234
G1 X98.888 Y102.952 E4.32085
G1 X99.056 Y103.578 E4.33625
G1 X97.911 Y104.722 E4.37476
G1 X97.286 Y104.554 E4.39016
G1 X96.142 Y105.699 E4.42867
G1 X96.309 Y106.324 E4.44407
G1 X95.165 Y107.468 E4.48257
G1 X94.539 Y107.301 E4.49798
G1 X93.910 Y107.931 E4.51917
G1 X93.117 Y107.931 E4.53803
G1 X94.143 Y106.904 E4.57256
G1 X93.976 Y106.279 E4.58797
G1 X95.120 Y105.135 E4.62647
G1 X95.745 Y105.302 E4.64187
G1 X96.890 Y104.158 E4.68038
G1 X96.722 Y103.533 E4.69578
G1 X97.866 Y102.388 E4.73429
G1 X98.492 Y102.556 E4.74969
G1 X99.636 Y101.412 E4.78820
G1 X99.468 Y100.786 E4.80360
G1 X100.613 Y99.642 E4.84211
G1 X101.238 Y99.809 E4.85751
G1 X102.382 Y98.665 E4.89602
G1 X102.215 Y98.040 E4.91142
G1 X103.359 Y96.895 E4.94993
G1 X103.985 Y97.063 E4.96533
G1 X105.129 Y95.919 E5.00384
G1 X104.961 Y95.293 E5.01924
G1 X106.106 Y94.149 E5.05774
G1 X106.731 Y94.317 E5.07315
G1 X107.875 Y93.172 E5.11165
G1 X107.708 Y92.547 E5.12706
G1 X107.931 Y92.324 E5.13455
G1 X107.931 Y93.910 E5.17228
G1 X107.311 Y92.150 F7800.000
G1 F4800.000
G1 X107.009 Y92.069 E5.17974
G1 X107.393 Y92.069 E5.18887
G1 X107.311 Y92.150 E5.19160
G1 X105.542 Y93.127 F7800.000
G1 F4800.000
G1 X105.709 Y93.753 E5.20701
G1 X104.565 Y94.897 E5.24551
G1 X103.940 Y94.729 E5.26091
G1 X102.795 Y95.874 E5.29942
G1 X102.963 Y96.499 E5.31482
G1 X101.818 Y97.643 E5.35333
G1 X101.193 Y97.476 E5.36873
G1 X100.049 Y98.620 E5.40724
G1 X100.216 Y99.245 E5.42264
G1 X99.072 Y100.390 E5.46115
G1 X98.447 Y100.222 E5.47655
G1 X97.302 Y101.367 E5.51506
G1 X97.470 Y101.992 E5.53046
G1 X96.326 Y103.136 E5.56897
G1 X95.700 Y102.969 E5.58437
G1 X94.556 Y104.113 E5.62288
G1 X94.723 Y104.738 E5.63828
G1 X93.579 Y105.883 E5.67679
G1 X92.954 Y105.715 E5.69219
G1 X92.069 Y106.600 E5.72195
G1 X92.069 Y105.807 E5.74081
G1 X92.557 Y105.319 E5.75724
G1 X92.390 Y104.694 E5.77264
G1 X93.534 Y103.549 E5.81115
G1 X94.160 Y103.717 E5.82655
G1 X95.304 Y102.572 E5.86505
G1 X95.136 Y101.947 E5.88046
G1 X96.281 Y100.803 E5.91896
G1 X96.906 Y100.970 E5.93437
G1 X98.050 Y99.826 E5.97287
G1 X97.883 Y99.201 E5.98828
G1 X99.027 Y98.056 E6.02678
G1 X99.652 Y98.224 E6.04218
G1 X100.797 Y97.079 E6.08069
G1 X100.629 Y96.454 E6.09609
G1 X101.774 Y95.310 E6.13460
G1 X102.399 Y95.477 E6.15000
G1 X103.543 Y94.333 E6.18851
G1 X103.376 Y93.708 E6.20391
G1 X104.520 Y92.563 E6.24242
G1 X105.145 Y92.731 E6.25782
G1 X105.807 Y92.069 E6.28008
G1 X106.600 Y92.069 E6.29894
G1 X105.542 Y93.127 E6.33454
G1 X104.124 Y92.167 F7800.000
G1 F4800.000
G1 X103.100 Y93.191 E6.36900
G1 X103.099 Y92.069 E6.39569
G1 X104.098 Y92.069 E6.41945
G1 X104.124 Y92.167 E6.42185
G1 X101.531 Y93.967 F7800.000
G1 F4800.000
G1 X101.210 Y94.288 E6.43266
G1 X101.377 Y94.913 E6.44806
G1 X100.233 Y96.058 E6.48656
G1 X99.608 Y95.890 E6.50197
G1 X98.463 Y97.035 E6.54047
G1 X98.631 Y97.660 E6.55588
G1 X97.486 Y98.804 E6.59438
G1 X96.861 Y98.637 E6.60979
G1 X95.717 Y99.781 E6.64829
G1 X95.884 Y100.406 E6.66369
G1 X94.740 Y101.551 E6.70220
G1 X94.115 Y101.383 E6.71760
G1 X92.970 Y102.527 E6.75611
G1 X93.138 Y103.153 E6.77151
G1 X92.069 Y104.221 E6.80747
G1 X92.069 Y101.996 E6.86041
G1 X92.574 Y102.131 E6.87284
G1 X93.718 Y100.987 E6.91135
G1 X93.551 Y100.361 E6.92675
G1 X94.695 Y99.217 E6.96526
G1 X95.320 Y99.385 E6.98066
G1 X96.465 Y98.240 E7.01917
G1 X96.297 Y97.615 E7.03457
G1 X97.441 Y96.471 E7.07307
G1 X98.067 Y96.638 E7.08848
G1 X99.211 Y95.494 E7.12698
G1 X99.044 Y94.868 E7.14239
G1 X99.945 Y93.967 E7.17272
G1 X101.531 Y93.967 E7.21045
G1 X99.152 Y93.967 F7800.000
G1 F4800.000
G1 X98.647 Y94.472 E7.22745
G1 X98.022 Y94.305 E7.24285
G1 X96.878 Y95.449 E7.28136
G1 X97.045 Y96.074 E7.29676
G1 X95.901 Y97.219 E7.33527
G1 X95.275 Y97.051 E7.35067
G1 X94.131 Y98.195 E7.38918
G1 X94.299 Y98.821 E7.40458
G1 X93.154 Y99.965 E7.44309
G1 X92.529 Y99.797 E7.45849
G1 X92.069 Y100.257 E7.47395
G1 X92.069 Y99.464 E7.49282
G1 X92.133 Y99.401 E7.49494
G1 X92.069 Y99.165 E7.50075
G1 X92.069 Y98.671 E7.51250
G1 X93.109 Y97.631 E7.54750
G1 X93.735 Y97.799 E7.56290
G1 X94.879 Y96.655 E7.60141
G1 X94.711 Y96.029 E7.61681
G1 X95.856 Y94.885 E7.65531
G1 X96.481 Y95.052 E7.67072
G1 X97.567 Y93.967 E7.70724
G1 X99.152 Y93.967 E7.74497
G1 X95.906 Y93.249 F7800.000
G1 F4800.000
G1 X95.292 Y93.863 E7.76564
G1 X95.459 Y94.488 E7.78104
G1 X94.315 Y95.633 E7.81955
G1 X93.690 Y95.465 E7.83495
G1 X92.545 Y96.610 E7.87346
G1 X92.713 Y97.235 E7.88886
G1 X92.069 Y97.879 E7.91052
G1 X92.069 Y96.192 E7.95065
G1 X92.149 Y96.213 E7.95261
G1 X93.293 Y95.069 E7.99111
G1 X93.126 Y94.444 E8.00652
G1 X94.270 Y93.299 E8.04502
G1 X94.895 Y93.467 E8.06043
G1 X95.906 Y92.456 E8.09444
G1 X95.906 Y93.249 E8.11332
G1 X93.706 Y92.278 F7800.000
G1 F4800.000
G1 X93.874 Y92.903 E8.12872
G1 X92.729 Y94.047 E8.16723
G1 X92.104 Y93.880 E8.18263
G1 X92.069 Y93.914 E8.18380
G1 X92.069 Y92.329 E8.22152
G1 X92.329 Y92.069 E8.23025
G1 X93.914 Y92.069 E8.26798
G1 X93.706 Y92.278 E8.27498
G1 X92.558 Y107.931 F7800.000
G1 F4800.000
G1 X92.324 Y107.931 E8.28054
G1 X92.373 Y107.881 E8.28220
G1 X92.558 Y107.931 E8.28674
G1 Z12.550 F7800.000
G1 Z12.750 F7800.000
G1 X106.593 Y103.176 F7800.000
G1 F3600.000
G1 X108.529 Y103.178 E8.33895
G1 X108.529 Y108.529 E8.48330
G1 X91.471 Y108.529 E8.94345
G1 X91.471 Y91.471 E9.40360
G1 X96.336 Y91.471 E9.53484
G1 X96.335 Y93.369 E9.58604
G1 X102.693 Y93.369 E9.75755
G1 X102.692 Y91.471 E9.80875
G1 X108.529 Y91.471 E9.96620
G1 X108.529 Y95.961 E10.08732
G1 X106.596 Y95.962 E10.13945
G1 X106.593 Y103.101 E10.33202
G1 X107.229 Y102.541 F7800.000
G1 F3600.000
G1 X109.164 Y102.543 E10.38422
G1 X109.164 Y109.164 E10.56284
G1 X90.836 Y109.164 E11.05728
G1 X90.836 Y90.836 E11.55173
G1 X96.972 Y90.836 E11.71727
G1 X96.971 Y92.733 E11.76847
G1 X102.057 Y92.733 E11.90567
G1 X102.056 Y90.836 E11.95687
G1 X109.164 Y90.836 E12.14862
G1 X109.164 Y96.596 E12.30403
G1 X107.232 Y96.597 E12.35616
G1 X107.229 Y102.466 E12.51447
G1 X107.790 Y101.981 F7800.000
G1 F1800.000
G1 X109.725 Y101.983 E12.55435
G1 X109.725 Y109.725 E12.71391
G1 X90.275 Y109.725 E13.11478
G1 X90.275 Y90.275 E13.51565
G1 X97.533 Y90.275 E13.66524
G1 X97.532 Y92.173 E13.70435
G1 X101.496 Y92.173 E13.78606
G1 X101.495 Y90.275 E13.82517
G1 X109.725 Y90.275 E13.99479
G1 X109.725 Y97.157 E14.13662
G1 X107.792 Y97.158 E14.17646
G1 X107.791 Y99.390 E14.22246
G1 X109.725 Y99.389 E14.26232
G1 X109.725 Y99.761 E14.27000
G1 X107.791 Y99.759 E14.30986
G1 X107.790 Y101.906 E14.35411
G1 X107.671 Y102.467 F7800.000
G1 X107.931 Y103.775 F7800.000
G1 F4800.000
G1 X107.524 Y103.775 E14.36378
G1 X107.536 Y103.819 E14.36485
G1 X107.931 Y103.924 E14.37458
G1 X107.931 Y103.775 E14.37812
G1 X101.774 Y95.310 F7800.000
G1 F4800.000
G1 X101.414 Y93.967 E14.41119
G1 X100.833 Y93.967 E14.42500
G1 X101.232 Y95.455 E14.46165
G1 X100.774 Y95.913 E14.47705
G1 X101.193 Y97.476 E14.51555
G1 X101.818 Y97.643 E14.53096
G1 X102.237 Y99.207 E14.56946
G1 X101.780 Y99.664 E14.58487
G1 X102.198 Y101.228 E14.62337
G1 X102.824 Y101.395 E14.63878
G1 X103.243 Y102.958 E14.67728
G1 X102.785 Y103.416 E14.69268
G1 X103.204 Y104.979 E14.73119
G1 X103.829 Y105.147 E14.74659
G1 X104.248 Y106.710 E14.78510
G1 X103.790 Y107.168 E14.80050
G1 X103.995 Y107.931 E14.81929
G1 X105.736 Y107.931 E14.86072
G1 X105.415 Y106.733 E14.89024
G1 X104.789 Y106.565 E14.90564
G1 X104.371 Y105.002 E14.94415
G1 X104.828 Y104.544 E14.95955
G1 X104.409 Y102.981 E14.99805
G1 X103.784 Y102.813 E15.01346
G1 X103.365 Y101.250 E15.05196
G1 X103.823 Y100.792 E15.06737
G1 X103.404 Y99.229 E15.10587
G1 X102.779 Y99.062 E15.12127
G1 X102.360 Y97.498 E15.15978
G1 X102.818 Y97.041 E15.17518
G1 X102.399 Y95.477 E15.21369
G1 X101.774 Y95.310 E15.22909
G1 X99.189 Y94.327 F7800.000
G1 F4800.000
G1 X99.548 Y93.967 E15.24120
G1 X97.931 Y93.967 E15.27967
G1 X98.022 Y94.305 E15.28798
G1 X98.647 Y94.472 E15.30339
G1 X99.066 Y96.035 E15.34189
G1 X98.608 Y96.493 E15.35729
G1 X99.027 Y98.056 E15.39580
G1 X99.652 Y98.224 E15.41120
G1 X100.071 Y99.787 E15.44971
G1 X99.614 Y100.245 E15.46511
G1 X100.032 Y101.808 E15.50362
G1 X100.658 Y101.976 E15.51902
G1 X101.077 Y103.539 E15.55753
G1 X100.619 Y103.996 E15.57293
G1 X101.038 Y105.560 E15.61144
G1 X101.663 Y105.727 E15.62684
G1 X102.082 Y107.290 E15.66535
G1 X101.624 Y107.748 E15.68075
G1 X101.673 Y107.931 E15.68524
G1 X103.414 Y107.931 E15.72667
G1 X103.249 Y107.313 E15.74189
G1 X102.623 Y107.145 E15.75729
G1 X102.204 Y105.582 E15.79580
G1 X102.662 Y105.124 E15.81120
G1 X102.243 Y103.561 E15.84971
G1 X101.618 Y103.394 E15.86511
G1 X101.199 Y101.830 E15.90362
G1 X101.657 Y101.373 E15.91902
G1 X101.238 Y99.809 E15.95752
G1 X100.613 Y99.642 E15.97293
G1 X100.194 Y98.079 E16.01143
G1 X100.652 Y97.621 E16.02684
G1 X100.233 Y96.058 E16.06534
G1 X99.608 Y95.890 E16.08075
G1 X99.189 Y94.327 E16.11925
G1 X95.737 Y93.967 F7800.000
G1 F4800.000
G1 X95.737 Y93.021 E16.14176
G1 X95.437 Y93.322 E16.15187
G1 X95.856 Y94.885 E16.19038
G1 X96.481 Y95.052 E16.20578
G1 X96.900 Y96.616 E16.24429
G1 X96.442 Y97.073 E16.25969
G1 X96.861 Y98.637 E16.29820
G1 X97.486 Y98.804 E16.31360
G1 X97.905 Y100.367 E16.35210
G1 X97.447 Y100.825 E16.36751
G1 X97.866 Y102.388 E16.40601
G1 X98.492 Y102.556 E16.42142
G1 X98.911 Y104.119 E16.45992
G1 X98.453 Y104.577 E16.47533
G1 X98.872 Y106.140 E16.51383
G1 X99.497 Y106.308 E16.52923
G1 X99.916 Y107.871 E16.56774
G1 X99.856 Y107.931 E16.56975
G1 X101.093 Y107.931 E16.59918
G1 X101.083 Y107.893 E16.60010
G1 X100.457 Y107.726 E16.61550
G1 X100.038 Y106.163 E16.65400
G1 X100.496 Y105.705 E16.66941
G1 X100.077 Y104.142 E16.70791
G1 X99.452 Y103.974 E16.72332
G1 X99.033 Y102.411 E16.76182
G1 X99.491 Y101.953 E16.77723
G1 X99.072 Y100.390 E16.81573
G1 X98.447 Y100.222 E16.83113
G1 X98.028 Y98.659 E16.86964
G1 X98.486 Y98.201 E16.88504
G1 X98.067 Y96.638 E16.92355
G1 X97.441 Y96.471 E16.93895
G1 X97.023 Y94.907 E16.97746
G1 X97.480 Y94.450 E16.99286
G1 X97.351 Y93.967 E17.00475
G1 X95.737 Y93.967 E17.04315
G1 X94.270 Y93.299 F7800.000
G1 F4800.000
G1 X93.941 Y92.069 E17.07345
G1 X93.360 Y92.069 E17.08726
G1 X93.729 Y93.444 E17.12113
G1 X93.271 Y93.902 E17.13653
G1 X93.690 Y95.465 E17.17503
G1 X94.315 Y95.633 E17.19044
G1 X94.734 Y97.196 E17.22894
G1 X94.276 Y97.654 E17.24435
G1 X94.695 Y99.217 E17.28285
G1 X95.320 Y99.385 E17.29826
G1 X95.739 Y100.948 E17.33676
G1 X95.281 Y101.406 E17.35216
G1 X95.700 Y102.969 E17.39067
G1 X96.326 Y103.136 E17.40607
G1 X96.744 Y104.700 E17.44458
G1 X96.287 Y105.157 E17.45998
G1 X96.706 Y106.720 E17.49849
G1 X97.331 Y106.888 E17.51389
G1 X97.610 Y107.931 E17.53957
G1 X98.191 Y107.931 E17.55338
G1 X97.872 Y106.743 E17.58264
G1 X98.330 Y106.285 E17.59804
G1 X97.911 Y104.722 E17.63655
G1 X97.286 Y104.554 E17.65195
G1 X96.867 Y102.991 E17.69046
G1 X97.325 Y102.533 E17.70586
G1 X96.906 Y100.970 E17.74437
G1 X96.281 Y100.803 E17.75977
G1 X95.862 Y99.239 E17.79828
G1 X96.320 Y98.782 E17.81368
G1 X95.901 Y97.219 E17.85219
G1 X95.275 Y97.051 E17.86759
G1 X94.857 Y95.488 E17.90609
G1 X95.314 Y95.030 E17.92150
G1 X94.895 Y93.467 E17.96000
G1 X94.270 Y93.299 E17.97541
G1 X95.738 Y92.278 F7800.000
G1 F4800.000
G1 X95.738 Y92.069 E17.98038
G1 X95.682 Y92.069 E17.98171
G1 X95.738 Y92.278 E17.98686
G1 X92.104 Y93.880 F7800.000
G1 F4800.000
G1 X92.069 Y93.750 E17.99005
G1 X92.069 Y96.192 E18.04815
G1 X92.149 Y96.213 E18.05011
G1 X92.568 Y97.776 E18.08862
G1 X92.110 Y98.234 E18.10402
G1 X92.529 Y99.797 E18.14253
G1 X93.154 Y99.965 E18.15793
G1 X93.573 Y101.528 E18.19644
G1 X93.115 Y101.986 E18.21184
G1 X93.534 Y103.549 E18.25035
G1 X94.160 Y103.717 E18.26575
G1 X94.578 Y105.280 E18.30426
G1 X94.121 Y105.738 E18.31966
G1 X94.539 Y107.301 E18.35816
G1 X95.165 Y107.468 E18.37357
G1 X95.289 Y107.931 E18.38495
G1 X95.869 Y107.931 E18.39876
G1 X95.706 Y107.323 E18.41372
G1 X96.164 Y106.866 E18.42912
G1 X95.745 Y105.302 E18.46763
G1 X95.120 Y105.135 E18.48303
G1 X94.701 Y103.572 E18.52154
G1 X95.159 Y103.114 E18.53694
G1 X94.740 Y101.551 E18.57545
G1 X94.115 Y101.383 E18.59085
G1 X93.696 Y99.820 E18.62936
G1 X94.153 Y99.362 E18.64476
G1 X93.735 Y97.799 E18.68327
G1 X93.109 Y97.631 E18.69867
G1 X92.690 Y96.068 E18.73718
G1 X93.148 Y95.610 E18.75258
G1 X92.729 Y94.047 E18.79109
G1 X92.104 Y93.880 E18.80649
G1 X92.574 Y102.131 F7800.000
G1 F4800.000
G1 X92.069 Y101.996 E18.81892
G1 X92.069 Y104.580 E18.88041
G1 X92.412 Y105.860 E18.91194
G1 X92.069 Y106.203 E18.92348
G1 X92.069 Y106.746 E18.93640
G1 X92.373 Y107.881 E18.96436
G1 X92.558 Y107.931 E18.96890
G1 X93.547 Y107.931 E18.99245
G1 X93.540 Y107.904 E18.99311
G1 X93.998 Y107.446 E19.00851
G1 X93.579 Y105.883 E19.04702
G1 X92.954 Y105.715 E19.06242
G1 X92.535 Y104.152 E19.10093
G1 X92.993 Y103.694 E19.11633
G1 X92.574 Y102.131 E19.15484
G1 X103.979 Y92.708 F7800.000
G1 F4800.000
G1 X103.807 Y92.069 E19.17058
G1 X103.291 Y92.069 E19.18287
G1 X103.292 Y93.967 E19.22802
G1 X103.155 Y93.967 E19.23128
G1 X103.398 Y94.874 E19.25363
G1 X102.940 Y95.332 E19.26903
G1 X103.359 Y96.895 E19.30754
G1 X103.985 Y97.063 E19.32294
G1 X104.403 Y98.626 E19.36145
G1 X103.946 Y99.084 E19.37685
G1 X104.365 Y100.647 E19.41535
G1 X104.990 Y100.815 E19.43076
G1 X105.409 Y102.378 E19.46926
G1 X104.951 Y102.836 E19.48467
G1 X105.370 Y104.399 E19.52317
G1 X105.995 Y104.566 E19.53858
G1 X106.414 Y106.130 E19.57708
G1 X105.956 Y106.587 E19.59248
G1 X106.316 Y107.931 E19.62557
G1 X107.784 Y107.931 E19.66051
G1 X107.931 Y107.784 E19.66543
G1 X107.931 Y107.458 E19.67320
G1 X107.581 Y106.152 E19.70536
G1 X106.955 Y105.985 E19.72076
G1 X106.537 Y104.421 E19.75927
G1 X106.994 Y103.964 E19.77467
G1 X106.944 Y103.774 E19.77934
G1 X105.995 Y103.773 E19.80191
G1 X105.996 Y102.245 E19.83827
G1 X105.950 Y102.233 E19.83938
G1 X105.531 Y100.670 E19.87789
G1 X105.989 Y100.212 E19.89329
G1 X105.570 Y98.649 E19.93180
G1 X104.945 Y98.481 E19.94720
G1 X104.526 Y96.918 E19.98571
G1 X104.984 Y96.460 E20.00111
G1 X104.565 Y94.897 E20.03962
G1 X103.940 Y94.729 E20.05502
G1 X103.521 Y93.166 E20.09353
G1 X103.979 Y92.708 E20.10893
G1 X106.145 Y92.128 F7800.000
G1 F4800.000
G1 X106.129 Y92.069 E20.11037
G1 X104.388 Y92.069 E20.15180
G1 X104.520 Y92.563 E20.16397
G1 X105.145 Y92.731 E20.17937
G1 X105.564 Y94.294 E20.21788
G1 X105.106 Y94.752 E20.23328
G1 X105.525 Y96.315 E20.27179
G1 X105.998 Y96.442 E20.28344
G1 X105.999 Y95.364 E20.30907
G1 X107.012 Y95.364 E20.33318
G1 X106.731 Y94.317 E20.35897
G1 X106.106 Y94.149 E20.37437
G1 X105.687 Y92.586 E20.41288
G1 X106.145 Y92.128 E20.42828
G1 X107.931 Y92.295 F7800.000
G1 F4800.000
G1 X107.870 Y92.069 E20.43385
G1 X107.009 Y92.069 E20.45435
G1 X107.311 Y92.150 E20.46180
G1 X107.730 Y93.714 E20.50031
G1 X107.273 Y94.171 E20.51571
G1 X107.592 Y95.363 E20.54508
G1 X107.931 Y95.363 E20.55314
G1 X107.931 Y92.295 E20.62613
G1 Z13.050 F7800.000
G1 X106.594 Y103.346 F7800.000
G1 F3600.000
G1 X108.529 Y103.348 E20.67834
G1 X108.529 Y108.529 E20.81809
G1 X91.471 Y108.529 E21.27824
G1 X91.471 Y91.471 E21.73840
G1 X96.168 Y91.471 E21.86509
G1 X96.167 Y93.369 E21.91629
G1 X102.885 Y93.369 E22.09753
G1 X102.884 Y91.471 E22.14873
G1 X108.529 Y91.471 E22.30101
G1 X108.529 Y95.782 E22.41729
G1 X106.597 Y95.783 E22.46940
G1 X106.594 Y103.271 E22.67140
G1 X107.230 Y102.711 F7800.000
G1 F3600.000
G1 X109.164 Y102.713 E22.72359
G1 X109.164 Y109.164 E22.89762
G1 X90.836 Y109.164 E23.39207
G1 X90.836 Y90.836 E23.88651
G1 X96.803 Y90.836 E24.04751
G1 X96.803 Y92.734 E24.09871
G1 X102.249 Y92.734 E24.24564
G1 X102.248 Y90.836 E24.29684
G1 X109.164 Y90.836 E24.48342
G1 X109.164 Y96.417 E24.63399
G1 X107.232 Y96.418 E24.68610
G1 X107.230 Y102.636 E24.85384
G1 X107.790 Y102.151 F7800.000
G1 F1800.000
G1 X109.725 Y102.153 E24.89371
G1 X109.725 Y109.725 E25.04976
G1 X90.275 Y109.725 E25.45063
G1 X90.275 Y90.275 E25.85151
G1 X97.364 Y90.275 E25.99762
G1 X97.363 Y92.173 E26.03674
G1 X101.688 Y92.173 E26.12587
G1 X101.687 Y90.275 E26.16499
G1 X109.725 Y90.275 E26.33065
G1 X109.725 Y96.977 E26.46879
G1 X107.793 Y96.978 E26.50862
G1 X107.792 Y99.214 E26.55470
G1 X109.725 Y99.213 E26.59455
G1 X109.725 Y99.928 E26.60928
G1 X107.791 Y99.926 E26.64913
G1 X107.790 Y102.076 E26.69345
G1 X107.672 Y102.637 F7800.000
G1 X99.549 Y92.173 F7800.000
G1 F1800.000
G1 X99.549 Y90.000 E26.73329
G1 E24.73329 F2400.00000
G92 E0
G1 X99.548 Y93.967 F7800.000
G1 E2.00000 F2400.00000
G1 F4800.000
G1 X99.189 Y94.327 E2.01210
G1 X97.847 Y93.967 E2.04515
G1 X99.548 Y93.967 E2.08563
G1 X103.445 Y93.967 F7800.000
G1 F4800.000
G1 X103.543 Y94.333 E2.09464
G1 X105.106 Y94.752 E2.13314
G1 X105.564 Y94.294 E2.14855
G1 X107.127 Y94.713 E2.18705
G1 X107.254 Y95.184 E2.19866
G1 X105.999 Y95.185 E2.22851
G1 X105.999 Y96.152 E2.25152
G1 X105.129 Y95.919 E2.27294
G1 X104.961 Y95.293 E2.28834
G1 X103.398 Y94.874 E2.32685
G1 X102.940 Y95.332 E2.34225
G1 X101.377 Y94.913 E2.38076
G1 X101.210 Y94.288 E2.39616
G1 X100.013 Y93.967 E2.42564
G1 X103.445 Y93.967 E2.50731
G1 X104.124 Y92.167 F7800.000
G1 F4800.000
G1 X105.687 Y92.586 E2.54582
G1 X106.145 Y92.128 E2.56122
G1 X107.708 Y92.547 E2.59972
G1 X107.875 Y93.172 E2.61513
G1 X107.931 Y93.187 E2.61649
G1 X107.931 Y93.767 E2.63030
G1 X107.730 Y93.714 E2.63523
G1 X107.273 Y94.171 E2.65064
G1 X105.709 Y93.753 E2.68914
G1 X105.542 Y93.127 E2.70455
G1 X103.979 Y92.708 E2.74305
G1 X103.521 Y93.166 E2.75845
G1 X103.483 Y93.156 E2.75938
G1 X103.483 Y92.069 E2.78524
G1 X104.098 Y92.069 E2.79987
G1 X104.124 Y92.167 E2.80228
G1 X95.569 Y93.190 F7800.000
G1 F4800.000
G1 X95.437 Y93.322 E2.80671
G1 X93.874 Y92.903 E2.84521
G1 X93.706 Y92.278 E2.86062
G1 X92.929 Y92.069 E2.87975
G1 X95.569 Y92.069 E2.94257
G1 X95.569 Y93.190 E2.96923
G1 X95.292 Y93.863 F7800.000
G1 F4800.000
G1 X95.459 Y94.488 E2.98463
G1 X97.023 Y94.907 E3.02314
G1 X97.480 Y94.450 E3.03854
G1 X99.044 Y94.868 E3.07705
G1 X99.211 Y95.494 E3.09245
G1 X100.774 Y95.913 E3.13096
G1 X101.232 Y95.455 E3.14636
G1 X102.795 Y95.874 E3.18487
G1 X102.963 Y96.499 E3.20027
G1 X104.526 Y96.918 E3.23878
G1 X104.984 Y96.460 E3.25418
G1 X105.998 Y96.732 E3.27917
G1 X105.998 Y98.473 E3.32060
G1 X104.549 Y98.085 E3.35629
G1 X104.381 Y97.459 E3.37170
G1 X102.818 Y97.041 E3.41020
G1 X102.360 Y97.498 E3.42561
G1 X100.797 Y97.079 E3.46411
G1 X100.629 Y96.454 E3.47952
G1 X99.066 Y96.035 E3.51802
G1 X98.608 Y96.493 E3.53342
G1 X97.045 Y96.074 E3.57193
G1 X96.878 Y95.449 E3.58733
G1 X95.314 Y95.030 E3.62584
G1 X94.857 Y95.488 E3.64124
G1 X93.293 Y95.069 E3.67975
G1 X93.126 Y94.444 E3.69515
G1 X92.069 Y94.161 E3.72117
G1 X92.069 Y93.580 E3.73498
G1 X93.271 Y93.902 E3.76458
G1 X93.729 Y93.444 E3.77998
G1 X95.292 Y93.863 E3.81849
G1 X94.711 Y96.029 F7800.000
G1 F4800.000
G1 X94.879 Y96.655 E3.83389
G1 X96.442 Y97.073 E3.87240
G1 X96.900 Y96.616 E3.88780
G1 X98.463 Y97.035 E3.92631
G1 X98.631 Y97.660 E3.94171
G1 X100.194 Y98.079 E3.98022
G1 X100.652 Y97.621 E3.99562
G1 X102.215 Y98.040 E4.03413
G1 X102.382 Y98.665 E4.04953
G1 X103.946 Y99.084 E4.08804
G1 X104.403 Y98.626 E4.10344
G1 X105.967 Y99.045 E4.14195
G1 X105.997 Y99.160 E4.14477
G1 X105.997 Y100.214 E4.16985
G1 X105.531 Y100.670 E4.18535
G1 X103.968 Y100.251 E4.22386
G1 X103.801 Y99.625 E4.23926
G1 X102.237 Y99.207 E4.27777
G1 X101.780 Y99.664 E4.29317
G1 X100.216 Y99.245 E4.33168
G1 X100.049 Y98.620 E4.34708
G1 X98.486 Y98.201 E4.38559
G1 X98.028 Y98.659 E4.40099
G1 X96.465 Y98.240 E4.43950
G1 X96.297 Y97.615 E4.45490
G1 X94.734 Y97.196 E4.49341
G1 X94.276 Y97.654 E4.50881
G1 X92.713 Y97.235 E4.54732
G1 X92.545 Y96.610 E4.56272
G1 X92.069 Y96.482 E4.57444
G1 X92.069 Y95.902 E4.58825
G1 X92.690 Y96.068 E4.60355
G1 X93.148 Y95.610 E4.61896
G1 X94.711 Y96.029 E4.65746
G1 X94.131 Y98.195 F7800.000
G1 F4800.000
G1 X94.299 Y98.821 E4.67287
G1 X95.862 Y99.239 E4.71137
G1 X96.320 Y98.782 E4.72677
G1 X97.883 Y99.201 E4.76528
G1 X98.050 Y99.826 E4.78068
G1 X99.614 Y100.245 E4.81919
G1 X100.071 Y99.787 E4.83459
G1 X101.635 Y100.206 E4.87310
G1 X101.802 Y100.831 E4.88850
G1 X103.365 Y101.250 E4.92701
G1 X103.823 Y100.792 E4.94241
G1 X105.386 Y101.211 E4.98092
G1 X105.554 Y101.836 E4.99632
G1 X105.996 Y101.955 E5.00722
G1 X105.996 Y102.535 E5.02102
G1 X105.409 Y102.378 E5.03549
G1 X104.951 Y102.836 E5.05089
G1 X103.388 Y102.417 E5.08940
G1 X103.220 Y101.792 E5.10480
G1 X101.657 Y101.373 E5.14331
G1 X101.199 Y101.830 E5.15871
G1 X99.636 Y101.412 E5.19722
G1 X99.468 Y100.786 E5.21262
G1 X97.905 Y100.367 E5.25113
G1 X97.447 Y100.825 E5.26653
G1 X95.884 Y100.406 E5.30504
G1 X95.717 Y99.781 E5.32044
G1 X94.153 Y99.362 E5.35894
G1 X93.696 Y99.820 E5.37435
G1 X92.133 Y99.401 E5.41285
G1 X92.069 Y99.165 E5.41866
G1 X92.069 Y98.223 E5.44107
G1 X92.110 Y98.234 E5.44208
G1 X92.568 Y97.776 E5.45748
G1 X94.131 Y98.195 E5.49599
G1 X93.551 Y100.361 F7800.000
G1 F4800.000
G1 X93.718 Y100.987 E5.51139
G1 X95.281 Y101.406 E5.54990
G1 X95.739 Y100.948 E5.56530
G1 X97.302 Y101.367 E5.60380
G1 X97.470 Y101.992 E5.61921
G1 X99.033 Y102.411 E5.65771
G1 X99.491 Y101.953 E5.67312
G1 X101.054 Y102.372 E5.71162
G1 X101.222 Y102.997 E5.72703
G1 X102.785 Y103.416 E5.76553
G1 X103.243 Y102.958 E5.78093
G1 X104.806 Y103.377 E5.81944
G1 X104.973 Y104.002 E5.83484
G1 X106.537 Y104.421 E5.87335
G1 X106.994 Y103.964 E5.88875
G1 X107.931 Y104.214 E5.91182
G1 X107.931 Y105.956 E5.95324
G1 X106.559 Y105.588 E5.98703
G1 X106.392 Y104.963 E6.00243
G1 X104.828 Y104.544 E6.04094
G1 X104.371 Y105.002 E6.05634
G1 X102.807 Y104.583 E6.09485
G1 X102.640 Y103.958 E6.11025
G1 X101.077 Y103.539 E6.14876
G1 X100.619 Y103.996 E6.16416
G1 X99.056 Y103.578 E6.20267
G1 X98.888 Y102.952 E6.21807
G1 X97.325 Y102.533 E6.25658
G1 X96.867 Y102.991 E6.27198
G1 X95.304 Y102.572 E6.31049
G1 X95.136 Y101.947 E6.32589
G1 X93.573 Y101.528 E6.36439
G1 X93.115 Y101.986 E6.37980
G1 X92.069 Y101.706 E6.40556
G1 X92.069 Y99.964 E6.44699
G1 X93.551 Y100.361 E6.48348
G1 X92.970 Y102.527 F7800.000
G1 F4800.000
G1 X93.138 Y103.153 E6.49888
G1 X94.701 Y103.572 E6.53739
G1 X95.159 Y103.114 E6.55279
G1 X96.722 Y103.533 E6.59130
G1 X96.890 Y104.158 E6.60670
G1 X98.453 Y104.577 E6.64521
G1 X98.911 Y104.119 E6.66061
G1 X100.474 Y104.538 E6.69912
G1 X100.641 Y105.163 E6.71452
G1 X102.204 Y105.582 E6.75303
G1 X102.662 Y105.124 E6.76843
G1 X104.225 Y105.543 E6.80694
G1 X104.393 Y106.169 E6.82234
G1 X105.956 Y106.587 E6.86084
G1 X106.414 Y106.130 E6.87625
G1 X107.931 Y106.536 E6.91361
G1 X107.931 Y107.784 E6.94331
G1 X107.784 Y107.931 E6.94823
G1 X106.637 Y107.931 E6.97553
G1 X105.979 Y107.754 E6.99175
G1 X105.811 Y107.129 E7.00715
G1 X104.248 Y106.710 E7.04566
G1 X103.790 Y107.168 E7.06106
G1 X102.227 Y106.749 E7.09956
G1 X102.059 Y106.124 E7.11497
G1 X100.496 Y105.705 E7.15347
G1 X100.038 Y106.163 E7.16888
G1 X98.475 Y105.744 E7.20738
G1 X98.308 Y105.118 E7.22279
G1 X96.744 Y104.700 E7.26129
G1 X96.287 Y105.157 E7.27669
G1 X94.723 Y104.738 E7.31520
G1 X94.556 Y104.113 E7.33060
G1 X92.993 Y103.694 E7.36911
G1 X92.535 Y104.152 E7.38451
G1 X92.069 Y104.027 E7.39598
G1 X92.069 Y102.286 E7.43741
G1 X92.970 Y102.527 E7.45960
G1 X92.390 Y104.694 F7800.000
G1 F4800.000
G1 X92.557 Y105.319 E7.47501
G1 X94.121 Y105.738 E7.51351
G1 X94.578 Y105.280 E7.52891
G1 X96.142 Y105.699 E7.56742
G1 X96.309 Y106.324 E7.58282
G1 X97.872 Y106.743 E7.62133
G1 X98.330 Y106.285 E7.63673
G1 X99.893 Y106.704 E7.67524
G1 X100.061 Y107.329 E7.69064
G1 X101.624 Y107.748 E7.72915
G1 X102.082 Y107.290 E7.74455
G1 X103.645 Y107.709 E7.78306
G1 X103.704 Y107.931 E7.78851
G1 X100.139 Y107.931 E7.87334
G1 X99.916 Y107.871 E7.87884
G1 X99.856 Y107.931 E7.88085
G1 X97.973 Y107.931 E7.92566
G1 X97.895 Y107.910 E7.92758
G1 X97.727 Y107.284 E7.94298
G1 X96.164 Y106.866 E7.98149
G1 X95.706 Y107.323 E7.99689
G1 X94.143 Y106.904 E8.03540
G1 X93.976 Y106.279 E8.05080
G1 X92.412 Y105.860 E8.08931
G1 X92.069 Y106.203 E8.10085
G1 X92.069 Y104.608 E8.13881
G1 X92.390 Y104.694 E8.14671
G1 X95.561 Y107.865 F7800.000
G1 F4800.000
G1 X95.579 Y107.931 E8.14833
G1 X92.069 Y107.931 E8.23183
G1 X92.069 Y107.510 E8.24185
G1 X93.540 Y107.904 E8.27808
G1 X93.998 Y107.446 E8.29349
G1 X95.561 Y107.865 E8.33199
G1 X107.511 Y99.570 F7800.000
G1 F1200.000
G1 X109.445 Y99.571 E8.33932
G1 Z13.350 F7800.000
G1 E6.33932 F2400.00000
G92 E0
G1 X106.594 Y103.516 F7800.000
G1 E2.00000 F2400.00000
G1 F3600.000
G1 X108.529 Y103.518 E2.05219
G1 X108.529 Y108.529 E2.18736
G1 X91.471 Y108.529 E2.64752
G1 X91.471 Y91.471 E3.10767
G1 X95.999 Y91.471 E3.22981
G1 X95.998 Y93.370 E3.28102
G1 X103.077 Y93.370 E3.47198
G1 X103.076 Y91.471 E3.52319
G1 X108.529 Y91.471 E3.67029
G1 X108.529 Y95.602 E3.78173
G1 X106.598 Y95.603 E3.83383
G1 X106.594 Y103.441 E4.04525
G1 X107.230 Y102.881 F7800.000
G1 F3600.000
G1 X109.164 Y102.883 E4.09744
G1 X109.164 Y109.164 E4.26688
G1 X90.836 Y109.164 E4.76133
G1 X90.836 Y90.836 E5.25577
G1 X96.635 Y90.836 E5.41221
G1 X96.634 Y92.734 E5.46342
G1 X102.441 Y92.734 E5.62008
G1 X102.440 Y90.836 E5.67129
G1 X109.164 Y90.836 E5.85269
G1 X109.164 Y96.238 E5.99842
G1 X107.233 Y96.239 E6.05052
G1 X107.230 Y102.806 E6.22768
G1 X107.791 Y102.321 F7800.000
G1 F1800.000
G1 X109.725 Y102.323 E6.26755
G1 X109.725 Y109.725 E6.42010
G1 X90.275 Y109.725 E6.82097
G1 X90.275 Y90.275 E7.22184
G1 X97.196 Y90.275 E7.36448
G1 X97.195 Y92.173 E7.40360
G1 X99.406 Y92.173 E7.44917
G1 X99.407 Y90.275 E7.48830
G1 X99.711 Y90.275 E7.49456
G1 X99.712 Y92.173 E7.53369
G1 X101.880 Y92.173 E7.57837
G1 X101.879 Y90.275 E7.61750
G1 X109.725 Y90.275 E7.77921
G1 X109.725 Y96.798 E7.91365
G1 X107.793 Y96.799 E7.95346
G1 X107.792 Y99.039 E7.99963
G1 X109.725 Y99.038 E8.03946
G1 X109.725 Y100.095 E8.06125
G1 X107.792 Y100.093 E8.10110
G1 X107.791 Y102.246 E8.14547
G1 X107.672 Y102.807 F7800.000
G1 X107.512 Y99.566 F7800.000
G1 F1200.000
G1 X109.445 Y99.566 E8.18086
G1 X105.998 Y99.014 F7800.000
G1 F4800.000
G1 X105.967 Y99.045 E8.18191
G1 X105.998 Y99.162 E8.18478
G1 X105.998 Y99.807 E8.20014
G1 X104.990 Y100.815 E8.23404
G1 X104.365 Y100.647 E8.24945
G1 X103.220 Y101.792 E8.28795
G1 X103.388 Y102.417 E8.30336
G1 X102.243 Y103.561 E8.34186
G1 X101.618 Y103.394 E8.35727
G1 X100.474 Y104.538 E8.39577
G1 X100.641 Y105.163 E8.41117
G1 X99.497 Y106.308 E8.44968
G1 X98.872 Y106.140 E8.46508
G1 X97.727 Y107.284 E8.50359
G1 X97.895 Y107.910 E8.51899
G1 X97.874 Y107.931 E8.51970
G1 X95.579 Y107.931 E8.57430
G1 X95.561 Y107.865 E8.57593
G1 X96.706 Y106.721 E8.61443
G1 X97.331 Y106.888 E8.62983
G1 X98.475 Y105.744 E8.66834
G1 X98.308 Y105.118 E8.68374
G1 X99.452 Y103.974 E8.72225
G1 X100.077 Y104.142 E8.73765
G1 X101.222 Y102.997 E8.77616
G1 X101.054 Y102.372 E8.79156
G1 X102.198 Y101.228 E8.83007
G1 X102.824 Y101.395 E8.84547
G1 X103.968 Y100.251 E8.88398
G1 X103.801 Y99.625 E8.89938
G1 X104.945 Y98.481 E8.93789
G1 X105.570 Y98.649 E8.95329
G1 X105.998 Y98.221 E8.96769
G1 X105.998 Y99.014 E8.98657
G1 X105.997 Y102.245 F7800.000
G1 F4800.000
G1 X105.950 Y102.233 E8.98771
G1 X104.806 Y103.377 E9.02621
G1 X104.973 Y104.003 E9.04161
G1 X103.829 Y105.147 E9.08012
G1 X103.204 Y104.979 E9.09552
G1 X102.059 Y106.124 E9.13403
G1 X102.227 Y106.749 E9.14943
G1 X101.083 Y107.893 E9.18794
G1 X100.457 Y107.726 E9.20334
G1 X100.252 Y107.931 E9.21024
G1 X99.460 Y107.931 E9.22910
G1 X100.061 Y107.329 E9.24933
G1 X99.893 Y106.704 E9.26474
G1 X101.038 Y105.560 E9.30324
G1 X101.663 Y105.727 E9.31864
G1 X102.807 Y104.583 E9.35715
G1 X102.640 Y103.958 E9.37255
G1 X103.784 Y102.813 E9.41106
G1 X104.409 Y102.981 E9.42646
G1 X105.554 Y101.836 E9.46497
G1 X105.386 Y101.211 E9.48037
G1 X105.997 Y100.600 E9.50093
G1 X105.997 Y102.245 E9.54007
G1 X107.240 Y104.114 F7800.000
G1 F4800.000
G1 X106.392 Y104.963 E9.56862
G1 X106.559 Y105.588 E9.58402
G1 X105.415 Y106.733 E9.62253
G1 X104.789 Y106.565 E9.63793
G1 X103.645 Y107.709 E9.67644
G1 X103.704 Y107.931 E9.68189
G1 X101.838 Y107.931 E9.72630
G1 X102.623 Y107.145 E9.75272
G1 X103.249 Y107.313 E9.76812
G1 X104.393 Y106.169 E9.80663
G1 X104.225 Y105.543 E9.82203
G1 X105.370 Y104.399 E9.86054
G1 X105.995 Y104.566 E9.87594
G1 X106.448 Y104.113 E9.89118
G1 X107.240 Y104.114 E9.91002
G1 X107.931 Y107.388 F7800.000
G1 F4800.000
G1 X107.388 Y107.931 E9.92829
G1 X105.802 Y107.931 E9.96601
G1 X105.979 Y107.754 E9.97195
G1 X105.811 Y107.129 E9.98735
G1 X106.955 Y105.985 E10.02586
G1 X107.581 Y106.152 E10.04126
G1 X107.931 Y105.802 E10.05304
G1 X107.931 Y107.388 E10.09076
G1 X107.931 Y93.910 F7800.000
G1 F4800.000
G1 X107.127 Y94.713 E10.11779
G1 X107.206 Y95.005 E10.12498
G1 X106.000 Y95.005 E10.15368
G1 X105.999 Y96.442 E10.18786
G1 X105.525 Y96.315 E10.19953
G1 X104.381 Y97.459 E10.23803
G1 X104.549 Y98.085 E10.25344
G1 X103.404 Y99.229 E10.29194
G1 X102.779 Y99.062 E10.30734
G1 X101.635 Y100.206 E10.34585
G1 X101.802 Y100.831 E10.36125
G1 X100.658 Y101.976 E10.39976
G1 X100.032 Y101.808 E10.41516
G1 X98.888 Y102.952 E10.45367
G1 X99.056 Y103.578 E10.46907
G1 X97.911 Y104.722 E10.50758
G1 X97.286 Y104.554 E10.52298
G1 X96.142 Y105.699 E10.56149
G1 X96.309 Y106.324 E10.57689
G1 X95.165 Y107.468 E10.61540
G1 X94.539 Y107.301 E10.63080
G1 X93.910 Y107.931 E10.65199
G1 X93.117 Y107.931 E10.67085
G1 X94.143 Y106.904 E10.70538
G1 X93.976 Y106.279 E10.72079
G1 X95.120 Y105.135 E10.75929
G1 X95.745 Y105.302 E10.77470
G1 X96.890 Y104.158 E10.81320
G1 X96.722 Y103.533 E10.82860
G1 X97.866 Y102.388 E10.86711
G1 X98.492 Y102.556 E10.88251
G1 X99.636 Y101.412 E10.92102
G1 X99.468 Y100.786 E10.93642
G1 X100.613 Y99.642 E10.97493
G1 X101.238 Y99.809 E10.99033
G1 X102.382 Y98.665 E11.02884
G1 X102.215 Y98.040 E11.04424
G1 X103.359 Y96.895 E11.08275
G1 X103.985 Y97.063 E11.09815
G1 X105.129 Y95.919 E11.13666
G1 X104.961 Y95.293 E11.15206
G1 X106.106 Y94.149 E11.19057
G1 X106.731 Y94.317 E11.20597
G1 X107.875 Y93.172 E11.24447
G1 X107.708 Y92.547 E11.25988
G1 X107.931 Y92.324 E11.26738
G1 X107.931 Y93.910 E11.30510
G1 X107.311 Y92.150 F7800.000
G1 F4800.000
G1 X107.009 Y92.069 E11.31256
G1 X107.393 Y92.069 E11.32169
G1 X107.311 Y92.150 E11.32442
G1 X105.542 Y93.127 F7800.000
G1 F4800.000
G1 X105.709 Y93.753 E11.33983
G1 X104.565 Y94.897 E11.37833
G1 X103.940 Y94.729 E11.39374
G1 X102.795 Y95.874 E11.43224
G1 X102.963 Y96.499 E11.44765
G1 X101.818 Y97.643 E11.48615
G1 X101.193 Y97.476 E11.50155
G1 X100.049 Y98.620 E11.54006
G1 X100.216 Y99.245 E11.55546
G1 X99.072 Y100.390 E11.59397
G1 X98.447 Y100.222 E11.60937
G1 X97.302 Y101.367 E11.64788
G1 X97.470 Y101.992 E11.66328
G1 X96.326 Y103.136 E11.70179
G1 X95.700 Y102.969 E11.71719
G1 X94.556 Y104.113 E11.75570
G1 X94.723 Y104.738 E11.77110
G1 X93.579 Y105.883 E11.80961
G1 X92.954 Y105.715 E11.82501
G1 X92.069 Y106.600 E11.85477
G1 X92.069 Y105.807 E11.87364
G1 X92.557 Y105.319 E11.89006
G1 X92.390 Y104.694 E11.90546
G1 X93.534 Y103.549 E11.94397
G1 X94.160 Y103.717 E11.95937
G1 X95.304 Y102.572 E11.99788
G1 X95.136 Y101.947 E12.01328
G1 X96.281 Y100.803 E12.05179
G1 X96.906 Y100.970 E12.06719
G1 X98.050 Y99.826 E12.10569
G1 X97.883 Y99.201 E12.12110
G1 X99.027 Y98.056 E12.15960
G1 X99.652 Y98.224 E12.17501
G1 X100.797 Y97.079 E12.21351
G1 X100.629 Y96.454 E12.22892
G1 X101.774 Y95.310 E12.26742
G1 X102.399 Y95.477 E12.28282
G1 X103.543 Y94.333 E12.32133
G1 X103.445 Y93.968 E12.33033
G1 X103.675 Y93.968 E12.33580
G1 X103.675 Y93.408 E12.34911
G1 X104.520 Y92.563 E12.37754
G1 X105.145 Y92.731 E12.39295
G1 X105.807 Y92.069 E12.41520
G1 X106.600 Y92.069 E12.43407
G1 X105.542 Y93.127 E12.46967
G1 X104.124 Y92.167 F7800.000
G1 F4800.000
G1 X103.675 Y92.616 E12.48478
G1 X103.674 Y92.069 E12.49779
G1 X104.098 Y92.069 E12.50786
G1 X104.124 Y92.167 E12.51026
G1 X101.210 Y94.288 F7800.000
G1 F4800.000
G1 X101.377 Y94.913 E12.52566
G1 X100.233 Y96.058 E12.56417
G1 X99.608 Y95.890 E12.57957
G1 X98.463 Y97.035 E12.61808
G1 X98.631 Y97.660 E12.63348
G1 X97.486 Y98.804 E12.67199
G1 X96.861 Y98.637 E12.68739
G1 X95.717 Y99.781 E12.72590
G1 X95.884 Y100.406 E12.74130
G1 X94.740 Y101.551 E12.77980
G1 X94.115 Y101.383 E12.79521
G1 X92.970 Y102.527 E12.83371
G1 X93.138 Y103.153 E12.84912
G1 X92.069 Y104.221 E12.88507
G1 X92.069 Y101.996 E12.93802
G1 X92.574 Y102.131 E12.95044
G1 X93.718 Y100.987 E12.98895
G1 X93.551 Y100.361 E13.00435
G1 X94.695 Y99.217 E13.04286
G1 X95.320 Y99.385 E13.05826
G1 X96.465 Y98.240 E13.09677
G1 X96.297 Y97.615 E13.11217
G1 X97.441 Y96.471 E13.15068
G1 X98.067 Y96.638 E13.16608
G1 X99.211 Y95.494 E13.20459
G1 X99.044 Y94.868 E13.21999
G1 X99.944 Y93.968 E13.25030
G1 X101.530 Y93.968 E13.28803
G1 X101.210 Y94.288 E13.29881
G1 X98.647 Y94.472 F7800.000
G1 F4800.000
G1 X98.022 Y94.305 E13.31421
G1 X96.878 Y95.449 E13.35272
G1 X97.045 Y96.074 E13.36812
G1 X95.901 Y97.219 E13.40663
G1 X95.275 Y97.051 E13.42203
G1 X94.131 Y98.195 E13.46054
G1 X94.299 Y98.821 E13.47594
G1 X93.154 Y99.965 E13.51445
G1 X92.529 Y99.797 E13.52985
G1 X92.069 Y100.257 E13.54532
G1 X92.069 Y99.464 E13.56418
G1 X92.133 Y99.401 E13.56631
G1 X92.069 Y99.165 E13.57211
G1 X92.069 Y98.671 E13.58386
G1 X93.109 Y97.631 E13.61886
G1 X93.735 Y97.799 E13.63426
G1 X94.879 Y96.655 E13.67277
G1 X94.711 Y96.029 E13.68817
G1 X95.856 Y94.885 E13.72668
G1 X96.481 Y95.052 E13.74208
G1 X97.566 Y93.968 E13.77858
G1 X99.152 Y93.968 E13.81631
G1 X98.647 Y94.472 E13.83328
G1 X95.400 Y93.755 F7800.000
G1 F4800.000
G1 X95.292 Y93.863 E13.83691
G1 X95.459 Y94.488 E13.85231
G1 X94.315 Y95.633 E13.89082
G1 X93.690 Y95.465 E13.90622
G1 X92.545 Y96.610 E13.94473
G1 X92.713 Y97.235 E13.96013
G1 X92.069 Y97.879 E13.98179
G1 X92.069 Y96.192 E14.02192
G1 X92.149 Y96.213 E14.02388
G1 X93.293 Y95.069 E14.06239
G1 X93.126 Y94.444 E14.07779
G1 X94.270 Y93.299 E14.11629
G1 X94.895 Y93.467 E14.13170
G1 X95.400 Y92.962 E14.14868
G1 X95.400 Y93.755 E14.16755
G1 X93.706 Y92.278 F7800.000
G1 F4800.000
G1 X93.874 Y92.903 E14.18295
G1 X92.729 Y94.047 E14.22146
G1 X92.104 Y93.880 E14.23686
G1 X92.069 Y93.914 E14.23803
G1 X92.069 Y92.329 E14.27576
G1 X92.329 Y92.069 E14.28448
G1 X93.914 Y92.069 E14.32221
G1 X93.706 Y92.278 E14.32922
G1 X92.558 Y107.931 F7800.000
G1 F4800.000
G1 X92.324 Y107.931 E14.33478
G1 X92.373 Y107.881 E14.33644
G1 X92.558 Y107.931 E14.34098
G1 Z13.650 F7800.000
G1 X106.594 Y103.685 F7800.000
G1 F3600.000
G1 X108.529 Y103.688 E14.39316
G1 X108.529 Y108.529 E14.52374
G1 X91.471 Y108.529 E14.98389
G1 X91.471 Y91.471 E15.44405
G1 X95.830 Y91.471 E15.56164
G1 X95.829 Y93.370 E15.61285
G1 X103.269 Y93.370 E15.81354
G1 X103.268 Y91.471 E15.86476
G1 X108.529 Y91.471 E16.00669
G1 X108.529 Y95.423 E16.11329
G1 X106.598 Y95.424 E16.16537
G1 X106.594 Y103.610 E16.38622
G1 X107.230 Y103.051 F7800.000
G1 F3600.000
G1 X109.164 Y103.053 E16.43839
G1 X109.164 Y109.164 E16.60325
G1 X90.836 Y109.164 E17.09769
G1 X90.836 Y90.836 E17.59214
G1 X96.466 Y90.836 E17.74403
G1 X96.465 Y92.734 E17.79525
G1 X102.633 Y92.734 E17.96162
G1 X102.632 Y90.836 E18.01284
G1 X109.164 Y90.836 E18.18907
G1 X109.164 Y96.058 E18.32996
G1 X107.233 Y96.059 E18.38205
G1 X107.230 Y102.976 E18.56864
G1 X107.791 Y102.491 F7800.000
G1 F1800.000
G1 X109.725 Y102.493 E18.60849
G1 X109.725 Y109.725 E18.75754
G1 X90.275 Y109.725 E19.15841
G1 X90.275 Y90.275 E19.55928
G1 X97.027 Y90.275 E19.69844
G1 X97.026 Y92.174 E19.73757
G1 X99.237 Y92.174 E19.78313
G1 X99.237 Y90.275 E19.82226
G1 X99.900 Y90.275 E19.83592
G1 X99.901 Y92.174 E19.87505
G1 X102.072 Y92.174 E19.91978
G1 X102.071 Y90.275 E19.95891
G1 X109.725 Y90.275 E20.11667
G1 X109.725 Y96.619 E20.24741
G1 X107.794 Y96.620 E20.28722
G1 X107.793 Y98.863 E20.33346
G1 X109.725 Y98.862 E20.37329
G1 X109.725 Y100.262 E20.40213
G1 X107.792 Y100.259 E20.44196
G1 X107.791 Y102.416 E20.48641
G1 X107.673 Y102.977 F7800.000
G1 X107.512 Y99.561 F7800.000
G1 F1200.000
G1 X109.445 Y99.562 E20.54983
G1 E18.54983 F2400.00000
G92 E0
G1 X107.931 Y92.295 F7800.000
G1 E2.00000 F2400.00000
G1 F4800.000
G1 X107.931 Y94.825 E2.06019
G1 X107.448 Y94.825 E2.07168
G1 X107.273 Y94.171 E2.08779
G1 X107.730 Y93.714 E2.10319
G1 X107.311 Y92.150 E2.14170
G1 X107.009 Y92.069 E2.14915
G1 X107.870 Y92.069 E2.16965
G1 X107.931 Y92.295 E2.17522
G1 X106.145 Y92.128 F7800.000
G1 F4800.000
G1 X105.687 Y92.586 E2.19062
G1 X106.106 Y94.149 E2.22913
G1 X106.731 Y94.317 E2.24453
G1 X106.867 Y94.826 E2.25707
G1 X106.000 Y94.826 E2.27770
G1 X106.000 Y96.442 E2.31615
G1 X105.525 Y96.315 E2.32784
G1 X105.106 Y94.752 E2.36634
G1 X105.564 Y94.294 E2.38174
G1 X105.145 Y92.731 E2.42025
G1 X104.520 Y92.563 E2.43565
G1 X104.388 Y92.069 E2.44782
G1 X106.129 Y92.069 E2.48925
G1 X106.145 Y92.128 E2.49070
G1 X103.979 Y92.708 F7800.000
G1 F4800.000
G1 X103.866 Y92.821 E2.49447
G1 X103.866 Y92.289 E2.50712
G1 X103.979 Y92.708 E2.51745
G1 X103.736 Y93.968 F7800.000
G1 F4800.000
G1 X103.940 Y94.729 E2.53621
G1 X104.565 Y94.897 E2.55161
G1 X104.984 Y96.460 E2.59012
G1 X104.526 Y96.918 E2.60552
G1 X104.945 Y98.481 E2.64403
G1 X105.570 Y98.649 E2.65943
G1 X105.989 Y100.212 E2.69794
G1 X105.531 Y100.670 E2.71334
G1 X105.950 Y102.233 E2.75185
G1 X105.997 Y102.245 E2.75300
G1 X105.996 Y104.283 E2.80148
G1 X106.674 Y104.284 E2.81761
G1 X106.537 Y104.421 E2.82225
G1 X106.955 Y105.985 E2.86075
G1 X107.581 Y106.152 E2.87616
G1 X107.931 Y107.458 E2.90832
G1 X107.931 Y107.784 E2.91609
G1 X107.784 Y107.931 E2.92101
G1 X106.316 Y107.931 E2.95594
G1 X105.956 Y106.587 E2.98903
G1 X106.414 Y106.130 E3.00443
G1 X105.995 Y104.566 E3.04294
G1 X105.370 Y104.399 E3.05834
G1 X104.951 Y102.836 E3.09685
G1 X105.409 Y102.378 E3.11225
G1 X104.990 Y100.815 E3.15076
G1 X104.365 Y100.647 E3.16616
G1 X103.946 Y99.084 E3.20467
G1 X104.403 Y98.626 E3.22007
G1 X103.985 Y97.063 E3.25858
G1 X103.359 Y96.895 E3.27398
G1 X102.940 Y95.332 E3.31249
G1 X103.398 Y94.874 E3.32789
G1 X103.155 Y93.968 E3.35022
G1 X103.736 Y93.968 E3.36403
G1 X101.414 Y93.968 F7800.000
G1 F4800.000
G1 X101.774 Y95.310 E3.39708
G1 X102.399 Y95.477 E3.41249
G1 X102.818 Y97.041 E3.45099
G1 X102.360 Y97.498 E3.46639
G1 X102.779 Y99.062 E3.50490
G1 X103.404 Y99.229 E3.52030
G1 X103.823 Y100.792 E3.55881
G1 X103.365 Y101.250 E3.57421
G1 X103.784 Y102.813 E3.61272
G1 X104.409 Y102.981 E3.62812
G1 X104.828 Y104.544 E3.66663
G1 X104.371 Y105.002 E3.68203
G1 X104.789 Y106.565 E3.72054
G1 X105.415 Y106.733 E3.73594
G1 X105.736 Y107.931 E3.76545
G1 X103.995 Y107.931 E3.80688
G1 X103.790 Y107.168 E3.82567
G1 X104.248 Y106.710 E3.84108
G1 X103.829 Y105.147 E3.87958
G1 X103.204 Y104.979 E3.89499
G1 X102.785 Y103.416 E3.93349
G1 X103.243 Y102.958 E3.94889
G1 X102.824 Y101.395 E3.98740
G1 X102.198 Y101.228 E4.00280
G1 X101.780 Y99.664 E4.04131
G1 X102.237 Y99.207 E4.05671
G1 X101.818 Y97.643 E4.09522
G1 X101.193 Y97.476 E4.11062
G1 X100.774 Y95.913 E4.14913
G1 X101.232 Y95.455 E4.16453
G1 X100.834 Y93.968 E4.20116
G1 X101.414 Y93.968 E4.21497
G1 X99.548 Y93.968 F7800.000
G1 F4800.000
G1 X99.189 Y94.327 E4.22705
G1 X99.608 Y95.890 E4.26556
G1 X100.233 Y96.058 E4.28096
G1 X100.652 Y97.621 E4.31947
G1 X100.194 Y98.079 E4.33487
G1 X100.613 Y99.642 E4.37337
G1 X101.238 Y99.809 E4.38878
G1 X101.657 Y101.373 E4.42728
G1 X101.199 Y101.830 E4.44269
G1 X101.618 Y103.394 E4.48119
G1 X102.243 Y103.561 E4.49659
G1 X102.662 Y105.124 E4.53510
G1 X102.204 Y105.582 E4.55050
G1 X102.623 Y107.145 E4.58901
G1 X103.249 Y107.313 E4.60441
G1 X103.414 Y107.931 E4.61963
G1 X101.673 Y107.931 E4.66106
G1 X101.624 Y107.748 E4.66555
G1 X102.082 Y107.290 E4.68096
G1 X101.663 Y105.727 E4.71946
G1 X101.038 Y105.560 E4.73486
G1 X100.619 Y103.996 E4.77337
G1 X101.077 Y103.539 E4.78877
G1 X100.658 Y101.976 E4.82728
G1 X100.032 Y101.808 E4.84268
G1 X99.614 Y100.245 E4.88119
G1 X100.071 Y99.787 E4.89659
G1 X99.652 Y98.224 E4.93510
G1 X99.027 Y98.056 E4.95050
G1 X98.608 Y96.493 E4.98901
G1 X99.066 Y96.035 E5.00441
G1 X98.647 Y94.472 E5.04292
G1 X98.022 Y94.305 E5.05832
G1 X97.932 Y93.968 E5.06661
G1 X99.548 Y93.968 E5.10506
G1 X97.351 Y93.968 F7800.000
G1 F4800.000
G1 X97.480 Y94.450 E5.11693
G1 X97.023 Y94.907 E5.13233
G1 X97.441 Y96.471 E5.17084
G1 X98.067 Y96.638 E5.18624
G1 X98.486 Y98.201 E5.22474
G1 X98.028 Y98.659 E5.24015
G1 X98.447 Y100.222 E5.27865
G1 X99.072 Y100.390 E5.29406
G1 X99.491 Y101.953 E5.33256
G1 X99.033 Y102.411 E5.34797
G1 X99.452 Y103.974 E5.38647
G1 X100.077 Y104.142 E5.40187
G1 X100.496 Y105.705 E5.44038
G1 X100.038 Y106.163 E5.45578
G1 X100.457 Y107.726 E5.49429
G1 X101.083 Y107.893 E5.50969
G1 X101.093 Y107.931 E5.51061
G1 X99.856 Y107.931 E5.54004
G1 X99.916 Y107.871 E5.54205
G1 X99.497 Y106.308 E5.58055
G1 X98.872 Y106.140 E5.59596
G1 X98.453 Y104.577 E5.63446
G1 X98.911 Y104.119 E5.64987
G1 X98.492 Y102.556 E5.68837
G1 X97.866 Y102.388 E5.70377
G1 X97.447 Y100.825 E5.74228
G1 X97.905 Y100.367 E5.75768
G1 X97.486 Y98.804 E5.79619
G1 X96.861 Y98.637 E5.81159
G1 X96.442 Y97.073 E5.85010
G1 X96.900 Y96.616 E5.86550
G1 X96.481 Y95.052 E5.90401
G1 X95.856 Y94.885 E5.91941
G1 X95.610 Y93.968 E5.94200
G1 X97.351 Y93.968 E5.98343
G1 X94.270 Y93.299 F7800.000
G1 F4800.000
G1 X94.895 Y93.467 E5.99883
G1 X95.314 Y95.030 E6.03734
G1 X94.857 Y95.488 E6.05274
G1 X95.275 Y97.051 E6.09125
G1 X95.901 Y97.219 E6.10665
G1 X96.320 Y98.782 E6.14515
G1 X95.862 Y99.239 E6.16056
G1 X96.281 Y100.803 E6.19906
G1 X96.906 Y100.970 E6.21447
G1 X97.325 Y102.533 E6.25297
G1 X96.867 Y102.991 E6.26838
G1 X97.286 Y104.554 E6.30688
G1 X97.911 Y104.722 E6.32228
G1 X98.330 Y106.285 E6.36079
G1 X97.872 Y106.743 E6.37619
G1 X98.191 Y107.931 E6.40545
G1 X97.610 Y107.931 E6.41926
G1 X97.331 Y106.888 E6.44494
G1 X96.706 Y106.720 E6.46035
G1 X96.287 Y105.157 E6.49885
G1 X96.744 Y104.700 E6.51425
G1 X96.326 Y103.136 E6.55276
G1 X95.700 Y102.969 E6.56816
G1 X95.281 Y101.406 E6.60667
G1 X95.739 Y100.948 E6.62207
G1 X95.320 Y99.385 E6.66058
G1 X94.695 Y99.217 E6.67598
G1 X94.276 Y97.654 E6.71449
G1 X94.734 Y97.196 E6.72989
G1 X94.315 Y95.633 E6.76840
G1 X93.690 Y95.465 E6.78380
G1 X93.271 Y93.902 E6.82231
G1 X93.729 Y93.444 E6.83771
G1 X93.360 Y92.069 E6.87158
G1 X93.941 Y92.069 E6.88539
G1 X94.270 Y93.299 E6.91568
G1 X92.104 Y93.880 F7800.000
G1 F4800.000
G1 X92.729 Y94.047 E6.93109
G1 X93.148 Y95.610 E6.96959
G1 X92.690 Y96.068 E6.98500
G1 X93.109 Y97.631 E7.02350
G1 X93.735 Y97.799 E7.03890
G1 X94.153 Y99.362 E7.07741
G1 X93.696 Y99.820 E7.09281
G1 X94.115 Y101.383 E7.13132
G1 X94.740 Y101.551 E7.14672
G1 X95.159 Y103.114 E7.18523
G1 X94.701 Y103.572 E7.20063
G1 X95.120 Y105.135 E7.23914
G1 X95.745 Y105.302 E7.25454
G1 X96.164 Y106.866 E7.29305
G1 X95.706 Y107.323 E7.30845
G1 X95.869 Y107.931 E7.32341
G1 X95.289 Y107.931 E7.33722
G1 X95.165 Y107.468 E7.34861
G1 X94.539 Y107.301 E7.36401
G1 X94.121 Y105.738 E7.40251
G1 X94.578 Y105.280 E7.41792
G1 X94.160 Y103.717 E7.45642
G1 X93.534 Y103.549 E7.47183
G1 X93.115 Y101.986 E7.51033
G1 X93.573 Y101.528 E7.52574
G1 X93.154 Y99.965 E7.56424
G1 X92.529 Y99.797 E7.57964
G1 X92.110 Y98.234 E7.61815
G1 X92.568 Y97.776 E7.63355
G1 X92.149 Y96.213 E7.67206
G1 X92.069 Y96.192 E7.67402
G1 X92.069 Y93.750 E7.73212
G1 X92.104 Y93.880 E7.73531
G1 X92.574 Y102.131 F7800.000
G1 F4800.000
G1 X92.993 Y103.694 E7.77382
G1 X92.535 Y104.152 E7.78922
G1 X92.954 Y105.715 E7.82773
G1 X93.579 Y105.883 E7.84313
G1 X93.998 Y107.446 E7.88164
G1 X93.540 Y107.904 E7.89704
G1 X93.547 Y107.931 E7.89770
G1 X92.558 Y107.931 E7.92125
G1 X92.373 Y107.881 E7.92579
G1 X92.069 Y106.746 E7.95375
G1 X92.069 Y106.203 E7.96667
G1 X92.412 Y105.860 E7.97821
G1 X92.069 Y104.580 E8.00974
G1 X92.069 Y101.996 E8.07123
G1 X92.574 Y102.131 E8.08366
G1 X99.569 Y92.454 F7800.000
G1 F1200.000
G1 X99.569 Y90.555 E8.08687
G1 Z13.950 F7800.000
G1 E6.08687 F2400.00000
G92 E0
G1 X106.595 Y103.855 F7800.000
G1 E2.00000 F2400.00000
G1 F3600.000
G1 X108.529 Y103.858 E2.05217
G1 X108.529 Y108.529 E2.17817
G1 X91.471 Y108.529 E2.63832
G1 X91.471 Y91.471 E3.09848
G1 X95.661 Y91.471 E3.21151
G1 X95.661 Y93.370 E3.26274
G1 X103.460 Y93.370 E3.47315
G1 X103.459 Y91.471 E3.52437
G1 X108.529 Y91.471 E3.66113
G1 X108.529 Y95.244 E3.76289
G1 X106.599 Y95.244 E3.81496
G1 X106.595 Y103.780 E4.04523
G1 X107.231 Y103.221 F7800.000
G1 F3600.000
G1 X109.164 Y103.223 E4.09739
G1 X109.164 Y109.164 E4.25767
G1 X90.836 Y109.164 E4.75211
G1 X90.836 Y90.836 E5.24656
G1 X96.297 Y90.836 E5.39390
G1 X96.296 Y92.734 E5.44512
G1 X102.824 Y92.734 E5.62122
G1 X102.823 Y90.836 E5.67245
G1 X109.164 Y90.836 E5.84350
G1 X109.164 Y95.879 E5.97955
G1 X107.234 Y95.880 E6.03163
G1 X107.232 Y99.249 E6.12251
G1 X109.164 Y99.248 E6.17463
G1 X109.164 Y99.867 E6.19134
G1 X107.232 Y99.865 E6.24346
G1 X107.231 Y103.146 E6.33197
G1 X107.792 Y102.661 F7800.000
G1 F1800.000
G1 X109.725 Y102.663 E6.37182
G1 X109.725 Y109.725 E6.51736
G1 X90.275 Y109.725 E6.91823
G1 X90.275 Y90.275 E7.31910
G1 X96.858 Y90.275 E7.45478
G1 X96.857 Y92.174 E7.49392
G1 X99.067 Y92.174 E7.53946
G1 X99.068 Y90.275 E7.57860
G1 X100.090 Y90.275 E7.59965
G1 X100.091 Y92.174 E7.63879
G1 X102.263 Y92.174 E7.68357
G1 X102.262 Y90.275 E7.72271
G1 X109.725 Y90.275 E7.87651
G1 X109.725 Y96.439 E8.00356
G1 X107.794 Y96.440 E8.04335
G1 X107.793 Y98.688 E8.08968
G1 X109.725 Y98.687 E8.12949
G1 X109.725 Y100.429 E8.16539
G1 X107.793 Y100.426 E8.20521
G1 X107.792 Y102.586 E8.24972
G1 X107.673 Y103.147 F7800.000
G1 X99.579 Y92.454 F7800.000
G1 F1200.000
G1 X99.579 Y90.555 E8.28184
G1 X99.189 Y94.327 F7800.000
G1 F4800.000
G1 X97.850 Y93.968 E8.31483
G1 X99.547 Y93.968 E8.35522
G1 X99.189 Y94.327 E8.36729
G1 X95.062 Y93.802 F7800.000
G1 F4800.000
G1 X95.062 Y93.968 E8.37126
G1 X95.320 Y93.968 E8.37739
G1 X95.459 Y94.488 E8.39021
G1 X97.023 Y94.907 E8.42871
G1 X97.480 Y94.450 E8.44412
G1 X99.044 Y94.868 E8.48262
G1 X99.211 Y95.494 E8.49802
G1 X100.774 Y95.913 E8.53653
G1 X101.232 Y95.455 E8.55193
G1 X102.795 Y95.874 E8.59044
G1 X102.963 Y96.499 E8.60584
G1 X104.526 Y96.918 E8.64435
G1 X104.984 Y96.460 E8.65975
G1 X106.000 Y96.732 E8.68478
G1 X105.999 Y98.473 E8.72620
G1 X104.549 Y98.085 E8.76194
G1 X104.381 Y97.459 E8.77734
G1 X102.818 Y97.041 E8.81585
G1 X102.360 Y97.498 E8.83125
G1 X100.797 Y97.079 E8.86975
G1 X100.629 Y96.454 E8.88516
G1 X99.066 Y96.035 E8.92366
G1 X98.608 Y96.493 E8.93907
G1 X97.045 Y96.074 E8.97757
G1 X96.878 Y95.449 E8.99298
G1 X95.314 Y95.030 E9.03148
G1 X94.857 Y95.488 E9.04688
G1 X93.293 Y95.069 E9.08539
G1 X93.126 Y94.444 E9.10079
G1 X92.069 Y94.161 E9.12682
G1 X92.069 Y93.580 E9.14063
G1 X93.271 Y93.902 E9.17022
G1 X93.729 Y93.444 E9.18563
G1 X95.062 Y93.802 E9.21848
G1 X95.063 Y93.221 F7800.000
G1 F4800.000
G1 X93.874 Y92.903 E9.24776
G1 X93.706 Y92.278 E9.26316
G1 X92.929 Y92.069 E9.28230
G1 X95.063 Y92.069 E9.33307
G1 X95.063 Y93.221 E9.36048
G1 X94.711 Y96.029 F7800.000
G1 F4800.000
G1 X94.879 Y96.655 E9.37588
G1 X96.442 Y97.073 E9.41439
G1 X96.900 Y96.616 E9.42979
G1 X98.463 Y97.035 E9.46830
G1 X98.631 Y97.660 E9.48370
G1 X100.194 Y98.079 E9.52221
G1 X100.652 Y97.621 E9.53761
G1 X102.215 Y98.040 E9.57612
G1 X102.382 Y98.665 E9.59152
G1 X103.946 Y99.084 E9.63003
G1 X104.403 Y98.626 E9.64543
G1 X105.967 Y99.045 E9.68394
G1 X105.999 Y99.165 E9.68689
G1 X105.998 Y100.214 E9.71186
G1 X105.531 Y100.670 E9.72738
G1 X103.968 Y100.251 E9.76588
G1 X103.801 Y99.625 E9.78128
G1 X102.237 Y99.207 E9.81979
G1 X101.780 Y99.664 E9.83519
G1 X100.216 Y99.245 E9.87370
G1 X100.049 Y98.620 E9.88910
G1 X98.486 Y98.201 E9.92761
G1 X98.028 Y98.659 E9.94301
G1 X96.465 Y98.240 E9.98152
G1 X96.297 Y97.615 E9.99692
G1 X94.734 Y97.196 E10.03543
G1 X94.276 Y97.654 E10.05083
G1 X92.713 Y97.235 E10.08934
G1 X92.545 Y96.610 E10.10474
G1 X92.069 Y96.482 E10.11647
G1 X92.069 Y95.902 E10.13028
G1 X92.690 Y96.068 E10.14558
G1 X93.148 Y95.610 E10.16098
G1 X94.711 Y96.029 E10.19948
G1 X94.131 Y98.195 F7800.000
G1 F4800.000
G1 X94.299 Y98.821 E10.21489
G1 X95.862 Y99.239 E10.25339
G1 X96.320 Y98.782 E10.26880
G1 X97.883 Y99.201 E10.30730
G1 X98.050 Y99.826 E10.32271
G1 X99.614 Y100.245 E10.36121
G1 X100.071 Y99.787 E10.37661
G1 X101.635 Y100.206 E10.41512
G1 X101.802 Y100.831 E10.43052
G1 X103.365 Y101.250 E10.46903
G1 X103.823 Y100.792 E10.48443
G1 X105.386 Y101.211 E10.52294
G1 X105.554 Y101.836 E10.53834
G1 X105.998 Y101.955 E10.54927
G1 X105.997 Y102.536 E10.56308
G1 X105.409 Y102.378 E10.57758
G1 X104.951 Y102.836 E10.59298
G1 X103.388 Y102.417 E10.63149
G1 X103.220 Y101.792 E10.64689
G1 X101.657 Y101.373 E10.68540
G1 X101.199 Y101.830 E10.70080
G1 X99.636 Y101.412 E10.73931
G1 X99.468 Y100.786 E10.75471
G1 X97.905 Y100.367 E10.79322
G1 X97.447 Y100.825 E10.80862
G1 X95.884 Y100.406 E10.84713
G1 X95.717 Y99.781 E10.86253
G1 X94.153 Y99.362 E10.90103
G1 X93.696 Y99.820 E10.91644
G1 X92.133 Y99.401 E10.95494
G1 X92.069 Y99.165 E10.96075
G1 X92.069 Y98.223 E10.98316
G1 X92.110 Y98.234 E10.98417
G1 X92.568 Y97.776 E10.99957
G1 X94.131 Y98.195 E11.03808
G1 X93.551 Y100.361 F7800.000
G1 F4800.000
G1 X93.718 Y100.987 E11.05348
G1 X95.281 Y101.406 E11.09199
G1 X95.739 Y100.948 E11.10739
G1 X97.302 Y101.367 E11.14589
G1 X97.470 Y101.992 E11.16130
G1 X99.033 Y102.411 E11.19980
G1 X99.491 Y101.953 E11.21521
G1 X101.054 Y102.372 E11.25371
G1 X101.222 Y102.997 E11.26912
G1 X102.785 Y103.416 E11.30762
G1 X103.243 Y102.958 E11.32302
G1 X104.806 Y103.377 E11.36153
G1 X104.973 Y104.002 E11.37693
G1 X105.997 Y104.277 E11.40214
G1 X105.996 Y104.453 E11.40633
G1 X107.931 Y104.455 E11.45235
G1 X107.931 Y105.956 E11.48805
G1 X106.559 Y105.588 E11.52183
G1 X106.392 Y104.963 E11.53724
G1 X104.828 Y104.544 E11.57574
G1 X104.371 Y105.002 E11.59114
G1 X102.807 Y104.583 E11.62965
G1 X102.640 Y103.958 E11.64505
G1 X101.077 Y103.539 E11.68356
G1 X100.619 Y103.996 E11.69896
G1 X99.056 Y103.578 E11.73747
G1 X98.888 Y102.952 E11.75287
G1 X97.325 Y102.533 E11.79138
G1 X96.867 Y102.991 E11.80678
G1 X95.304 Y102.572 E11.84529
G1 X95.136 Y101.947 E11.86069
G1 X93.573 Y101.528 E11.89920
G1 X93.115 Y101.986 E11.91460
G1 X92.069 Y101.706 E11.94037
G1 X92.069 Y99.964 E11.98179
G1 X93.551 Y100.361 E12.01828
G1 X92.970 Y102.527 F7800.000
G1 F4800.000
G1 X93.138 Y103.153 E12.03369
G1 X94.701 Y103.572 E12.07219
G1 X95.159 Y103.114 E12.08759
G1 X96.722 Y103.533 E12.12610
G1 X96.890 Y104.158 E12.14150
G1 X98.453 Y104.577 E12.18001
G1 X98.911 Y104.119 E12.19541
G1 X100.474 Y104.538 E12.23392
G1 X100.641 Y105.163 E12.24932
G1 X102.204 Y105.582 E12.28783
G1 X102.662 Y105.124 E12.30323
G1 X104.225 Y105.543 E12.34174
G1 X104.393 Y106.169 E12.35714
G1 X105.956 Y106.587 E12.39565
G1 X106.414 Y106.130 E12.41105
G1 X107.931 Y106.536 E12.44841
G1 X107.931 Y107.784 E12.47811
G1 X107.784 Y107.931 E12.48303
G1 X106.637 Y107.931 E12.51033
G1 X105.979 Y107.754 E12.52655
G1 X105.811 Y107.129 E12.54195
G1 X104.248 Y106.710 E12.58046
G1 X103.790 Y107.168 E12.59586
G1 X102.227 Y106.749 E12.63437
G1 X102.059 Y106.124 E12.64977
G1 X100.496 Y105.705 E12.68828
G1 X100.038 Y106.163 E12.70368
G1 X98.475 Y105.744 E12.74218
G1 X98.308 Y105.118 E12.75759
G1 X96.744 Y104.700 E12.79609
G1 X96.287 Y105.157 E12.81150
G1 X94.723 Y104.738 E12.85000
G1 X94.556 Y104.113 E12.86541
G1 X92.993 Y103.694 E12.90391
G1 X92.535 Y104.152 E12.91931
G1 X92.069 Y104.027 E12.93078
G1 X92.069 Y102.286 E12.97221
G1 X92.970 Y102.527 E12.99440
G1 X92.390 Y104.694 F7800.000
G1 F4800.000
G1 X92.557 Y105.319 E13.00981
G1 X94.121 Y105.738 E13.04831
G1 X94.578 Y105.280 E13.06372
G1 X96.142 Y105.699 E13.10222
G1 X96.309 Y106.324 E13.11763
G1 X97.872 Y106.743 E13.15613
G1 X98.330 Y106.285 E13.17153
G1 X99.893 Y106.704 E13.21004
G1 X100.061 Y107.329 E13.22544
G1 X101.624 Y107.748 E13.26395
G1 X102.082 Y107.290 E13.27935
G1 X103.645 Y107.709 E13.31786
G1 X103.704 Y107.931 E13.32331
G1 X100.139 Y107.931 E13.40815
G1 X99.916 Y107.871 E13.41364
G1 X99.856 Y107.931 E13.41565
G1 X97.973 Y107.931 E13.46046
G1 X97.895 Y107.910 E13.46238
G1 X97.727 Y107.284 E13.47779
G1 X96.164 Y106.866 E13.51629
G1 X95.706 Y107.323 E13.53169
G1 X94.143 Y106.904 E13.57020
G1 X93.976 Y106.279 E13.58560
G1 X92.412 Y105.860 E13.62411
G1 X92.069 Y106.203 E13.63565
G1 X92.069 Y104.608 E13.67362
G1 X92.390 Y104.694 E13.68151
G1 X95.561 Y107.865 F7800.000
G1 F4800.000
G1 X95.579 Y107.931 E13.68313
G1 X92.069 Y107.931 E13.76663
G1 X92.069 Y107.510 E13.77665
G1 X93.540 Y107.904 E13.81288
G1 X93.998 Y107.446 E13.82829
G1 X95.561 Y107.865 E13.86679
G1 X103.543 Y94.333 F7800.000
G1 F4800.000
G1 X105.106 Y94.752 E13.90530
G1 X105.564 Y94.294 E13.92070
G1 X106.878 Y94.646 E13.95307
G1 X106.001 Y94.647 E13.97395
G1 X106.000 Y96.152 E14.00977
G1 X105.129 Y95.919 E14.03123
G1 X104.961 Y95.293 E14.04663
G1 X103.398 Y94.874 E14.08514
G1 X102.940 Y95.332 E14.10054
G1 X101.377 Y94.913 E14.13905
G1 X101.210 Y94.288 E14.15445
G1 X100.016 Y93.968 E14.18386
G1 X103.446 Y93.968 E14.26547
G1 X103.543 Y94.333 E14.27445
G1 X104.124 Y92.167 F7800.000
G1 F4800.000
G1 X105.687 Y92.586 E14.31296
G1 X106.145 Y92.128 E14.32836
G1 X107.708 Y92.547 E14.36687
G1 X107.875 Y93.172 E14.38227
G1 X107.931 Y93.187 E14.38363
G1 X107.931 Y93.767 E14.39744
G1 X107.730 Y93.714 E14.40238
G1 X107.273 Y94.171 E14.41778
G1 X105.709 Y93.753 E14.45629
G1 X105.542 Y93.127 E14.47169
G1 X104.058 Y92.730 E14.50824
G1 X104.058 Y92.069 E14.52395
G1 X104.098 Y92.069 E14.52490
G1 X104.124 Y92.167 E14.52730
G1 Z14.250 F7800.000
G1 X106.595 Y104.025 F7800.000
G1 F3600.000
G1 X108.529 Y104.028 E14.57946
G1 X108.529 Y108.529 E14.70087
G1 X91.471 Y108.529 E15.16103
G1 X91.471 Y91.471 E15.62118
G1 X95.493 Y91.471 E15.72967
G1 X95.492 Y93.370 E15.78090
G1 X103.652 Y93.370 E16.00103
G1 X103.651 Y91.471 E16.05226
G1 X108.529 Y91.471 E16.18384
G1 X108.529 Y95.064 E16.28077
G1 X106.599 Y95.065 E16.33282
G1 X106.595 Y103.950 E16.57252
G1 X107.231 Y103.391 F7800.000
G1 F3600.000
G1 X109.164 Y103.393 E16.62467
G1 X109.164 Y109.164 E16.78036
G1 X90.836 Y109.164 E17.27480
G1 X90.836 Y90.836 E17.76925
G1 X96.129 Y90.836 E17.91204
G1 X96.128 Y92.735 E17.96327
G1 X103.016 Y92.735 E18.14909
G1 X103.015 Y90.836 E18.20032
G1 X109.164 Y90.836 E18.36621
G1 X109.164 Y95.699 E18.49742
G1 X107.235 Y95.700 E18.54948
G1 X107.233 Y99.073 E18.64047
G1 X109.164 Y99.073 E18.69257
G1 X109.164 Y100.034 E18.71852
G1 X107.233 Y100.032 E18.77063
G1 X107.231 Y103.316 E18.85922
G1 X107.792 Y102.831 F7800.000
G1 F1800.000
G1 X109.725 Y102.833 E18.89906
G1 X109.725 Y109.725 E19.04110
G1 X90.275 Y109.725 E19.44197
G1 X90.275 Y90.275 E19.84284
G1 X96.690 Y90.275 E19.97505
G1 X96.689 Y92.174 E20.01419
G1 X98.898 Y92.174 E20.05971
G1 X98.898 Y90.275 E20.09885
G1 X100.279 Y90.275 E20.12730
G1 X100.280 Y92.174 E20.16644
G1 X102.455 Y92.174 E20.21128
G1 X102.454 Y90.275 E20.25042
G1 X109.725 Y90.275 E20.40027
G1 X109.725 Y96.260 E20.52362
G1 X107.795 Y96.261 E20.56340
G1 X107.794 Y98.513 E20.60981
G1 X109.725 Y98.512 E20.64961
G1 X109.725 Y100.596 E20.69256
G1 X107.793 Y100.593 E20.73238
G1 X107.792 Y102.756 E20.77696
G1 X107.674 Y103.317 F7800.000
G1 X106.915 Y99.552 F7800.000
G1 F1200.000
G1 X108.847 Y99.553 E20.79834
G1 X105.999 Y99.012 F7800.000
G1 F4800.000
G1 X105.967 Y99.045 E20.79944
G1 X105.999 Y99.167 E20.80244
G1 X105.999 Y99.806 E20.81764
G1 X104.990 Y100.815 E20.85160
G1 X104.365 Y100.647 E20.86700
G1 X103.220 Y101.792 E20.90550
G1 X103.388 Y102.417 E20.92091
G1 X102.243 Y103.561 E20.95941
G1 X101.618 Y103.394 E20.97482
G1 X100.474 Y104.538 E21.01332
G1 X100.641 Y105.163 E21.02873
G1 X99.497 Y106.308 E21.06723
G1 X98.872 Y106.140 E21.08263
G1 X97.727 Y107.284 E21.12114
G1 X97.895 Y107.910 E21.13654
G1 X97.874 Y107.931 E21.13725
G1 X95.579 Y107.931 E21.19186
G1 X95.561 Y107.865 E21.19348
G1 X96.706 Y106.721 E21.23198
G1 X97.331 Y106.888 E21.24739
G1 X98.475 Y105.744 E21.28589
G1 X98.308 Y105.118 E21.30129
G1 X99.452 Y103.974 E21.33980
G1 X100.077 Y104.142 E21.35520
G1 X101.222 Y102.997 E21.39371
G1 X101.054 Y102.372 E21.40911
G1 X102.198 Y101.228 E21.44762
G1 X102.824 Y101.395 E21.46302
G1 X103.968 Y100.251 E21.50153
G1 X103.801 Y99.625 E21.51693
G1 X104.945 Y98.481 E21.55544
G1 X105.570 Y98.649 E21.57084
G1 X106.000 Y98.219 E21.58529
G1 X105.999 Y99.012 E21.60416
G1 X105.998 Y102.246 F7800.000
G1 F4800.000
G1 X105.950 Y102.233 E21.60534
G1 X104.806 Y103.377 E21.64384
G1 X104.973 Y104.003 E21.65925
G1 X103.829 Y105.147 E21.69775
G1 X103.204 Y104.979 E21.71316
G1 X102.059 Y106.124 E21.75166
G1 X102.227 Y106.749 E21.76706
G1 X101.083 Y107.893 E21.80557
G1 X100.457 Y107.726 E21.82097
G1 X100.252 Y107.931 E21.82787
G1 X99.460 Y107.931 E21.84673
G1 X100.061 Y107.329 E21.86696
G1 X99.893 Y106.704 E21.88237
G1 X101.038 Y105.560 E21.92087
G1 X101.663 Y105.727 E21.93628
G1 X102.807 Y104.583 E21.97478
G1 X102.640 Y103.958 E21.99019
G1 X103.784 Y102.813 E22.02869
G1 X104.409 Y102.981 E22.04409
G1 X105.554 Y101.836 E22.08260
G1 X105.386 Y101.211 E22.09800
G1 X105.999 Y100.599 E22.11861
G1 X105.998 Y102.246 E22.15779
G1 X105.995 Y104.566 F7800.000
G1 F4800.000
G1 X105.997 Y104.623 E22.15913
G1 X106.731 Y104.624 E22.17659
G1 X106.392 Y104.963 E22.18801
G1 X106.559 Y105.588 E22.20341
G1 X105.415 Y106.733 E22.24192
G1 X104.789 Y106.565 E22.25732
G1 X103.645 Y107.709 E22.29582
G1 X103.704 Y107.931 E22.30128
G1 X101.838 Y107.931 E22.34568
G1 X102.623 Y107.145 E22.37211
G1 X103.249 Y107.313 E22.38751
G1 X104.393 Y106.169 E22.42601
G1 X104.225 Y105.543 E22.44142
G1 X105.370 Y104.399 E22.47992
G1 X105.995 Y104.566 E22.49533
G1 X107.931 Y107.388 F7800.000
G1 F4800.000
G1 X107.388 Y107.931 E22.51359
G1 X105.802 Y107.931 E22.55132
G1 X105.979 Y107.754 E22.55725
G1 X105.811 Y107.129 E22.57266
G1 X106.955 Y105.985 E22.61116
G1 X107.581 Y106.152 E22.62656
G1 X107.931 Y105.802 E22.63834
G1 X107.931 Y107.388 E22.67607
G1 X107.931 Y93.910 F7800.000
G1 F4800.000
G1 X107.374 Y94.467 E22.69480
G1 X106.001 Y94.467 E22.72746
G1 X106.000 Y96.442 E22.77445
G1 X105.525 Y96.315 E22.78616
G1 X104.381 Y97.459 E22.82467
G1 X104.549 Y98.085 E22.84007
G1 X103.404 Y99.229 E22.87857
G1 X102.779 Y99.062 E22.89398
G1 X101.635 Y100.206 E22.93248
G1 X101.802 Y100.831 E22.94789
G1 X100.658 Y101.976 E22.98639
G1 X100.032 Y101.808 E23.00180
G1 X98.888 Y102.952 E23.04030
G1 X99.056 Y103.578 E23.05570
G1 X97.911 Y104.722 E23.09421
G1 X97.286 Y104.554 E23.10961
G1 X96.142 Y105.699 E23.14812
G1 X96.309 Y106.324 E23.16352
G1 X95.165 Y107.468 E23.20203
G1 X94.539 Y107.301 E23.21743
G1 X93.910 Y107.931 E23.23862
G1 X93.117 Y107.931 E23.25749
G1 X94.143 Y106.904 E23.29202
G1 X93.976 Y106.279 E23.30742
G1 X95.120 Y105.135 E23.34593
G1 X95.745 Y105.302 E23.36133
G1 X96.890 Y104.158 E23.39983
G1 X96.722 Y103.533 E23.41524
G1 X97.866 Y102.388 E23.45374
G1 X98.492 Y102.556 E23.46915
G1 X99.636 Y101.412 E23.50765
G1 X99.468 Y100.786 E23.52306
G1 X100.613 Y99.642 E23.56156
G1 X101.238 Y99.809 E23.57696
G1 X102.382 Y98.665 E23.61547
G1 X102.215 Y98.040 E23.63087
G1 X103.359 Y96.895 E23.66938
G1 X103.985 Y97.063 E23.68478
G1 X105.129 Y95.919 E23.72329
G1 X104.961 Y95.293 E23.73869
G1 X106.106 Y94.149 E23.77720
G1 X106.731 Y94.317 E23.79260
G1 X107.875 Y93.172 E23.83111
G1 X107.708 Y92.547 E23.84651
G1 X107.931 Y92.324 E23.85401
G1 X107.931 Y93.910 E23.89174
G1 X107.311 Y92.150 F7800.000
G1 F4800.000
G1 X107.009 Y92.069 E23.89919
G1 X107.393 Y92.069 E23.90833
G1 X107.311 Y92.150 E23.91106
G1 X105.542 Y93.127 F7800.000
G1 F4800.000
G1 X105.709 Y93.753 E23.92646
G1 X104.565 Y94.897 E23.96497
G1 X103.940 Y94.729 E23.98037
G1 X102.795 Y95.874 E24.01888
G1 X102.963 Y96.499 E24.03428
G1 X101.818 Y97.643 E24.07278
G1 X101.193 Y97.476 E24.08819
G1 X100.049 Y98.620 E24.12669
G1 X100.216 Y99.245 E24.14210
G1 X99.072 Y100.390 E24.18060
G1 X98.447 Y100.222 E24.19601
G1 X97.302 Y101.367 E24.23451
G1 X97.470 Y101.992 E24.24991
G1 X96.326 Y103.136 E24.28842
G1 X95.700 Y102.969 E24.30382
G1 X94.556 Y104.113 E24.34233
G1 X94.723 Y104.738 E24.35773
G1 X93.579 Y105.883 E24.39624
G1 X92.954 Y105.715 E24.41164
G1 X92.069 Y106.600 E24.44140
G1 X92.069 Y105.807 E24.46027
G1 X92.557 Y105.319 E24.47669
G1 X92.390 Y104.694 E24.49209
G1 X93.534 Y103.549 E24.53060
G1 X94.160 Y103.717 E24.54600
G1 X95.304 Y102.572 E24.58451
G1 X95.136 Y101.947 E24.59991
G1 X96.281 Y100.803 E24.63842
G1 X96.906 Y100.970 E24.65382
G1 X98.050 Y99.826 E24.69233
G1 X97.883 Y99.201 E24.70773
G1 X99.027 Y98.056 E24.74624
G1 X99.652 Y98.224 E24.76164
G1 X100.797 Y97.079 E24.80015
G1 X100.629 Y96.454 E24.81555
G1 X101.774 Y95.310 E24.85405
G1 X102.399 Y95.477 E24.86946
G1 X103.543 Y94.333 E24.90796
G1 X103.446 Y93.968 E24.91694
G1 X104.251 Y93.968 E24.93610
G1 X104.250 Y92.833 E24.96310
G1 X104.520 Y92.563 E24.97219
G1 X105.145 Y92.731 E24.98759
G1 X105.807 Y92.069 E25.00985
G1 X106.600 Y92.069 E25.02872
G1 X105.542 Y93.127 E25.06432
G1 X101.529 Y93.968 F7800.000
G1 F4800.000
G1 X101.210 Y94.288 E25.07507
G1 X101.377 Y94.913 E25.09047
G1 X100.233 Y96.058 E25.12898
G1 X99.608 Y95.890 E25.14438
G1 X98.463 Y97.035 E25.18289
G1 X98.631 Y97.660 E25.19829
G1 X97.486 Y98.804 E25.23680
G1 X96.861 Y98.637 E25.25220
G1 X95.717 Y99.781 E25.29071
G1 X95.884 Y100.406 E25.30611
G1 X94.740 Y101.551 E25.34462
G1 X94.115 Y101.383 E25.36002
G1 X92.970 Y102.527 E25.39853
G1 X93.138 Y103.153 E25.41393
G1 X92.069 Y104.221 E25.44988
G1 X92.069 Y101.996 E25.50283
G1 X92.574 Y102.131 E25.51526
G1 X93.718 Y100.987 E25.55376
G1 X93.551 Y100.361 E25.56917
G1 X94.695 Y99.217 E25.60767
G1 X95.320 Y99.385 E25.62308
G1 X96.465 Y98.240 E25.66158
G1 X96.297 Y97.615 E25.67698
G1 X97.441 Y96.471 E25.71549
G1 X98.067 Y96.638 E25.73089
G1 X99.211 Y95.494 E25.76940
G1 X99.044 Y94.868 E25.78480
G1 X99.944 Y93.968 E25.81509
G1 X101.529 Y93.968 E25.85282
G1 X99.151 Y93.968 F7800.000
G1 F4800.000
G1 X98.647 Y94.472 E25.86976
G1 X98.022 Y94.305 E25.88517
G1 X96.878 Y95.449 E25.92367
G1 X97.045 Y96.074 E25.93908
G1 X95.901 Y97.219 E25.97758
G1 X95.275 Y97.051 E25.99298
G1 X94.131 Y98.195 E26.03149
G1 X94.299 Y98.821 E26.04689
G1 X93.154 Y99.965 E26.08540
G1 X92.529 Y99.797 E26.10080
G1 X92.069 Y100.257 E26.11627
G1 X92.069 Y99.464 E26.13513
G1 X92.133 Y99.401 E26.13726
G1 X92.069 Y99.165 E26.14307
G1 X92.069 Y98.671 E26.15482
G1 X93.109 Y97.631 E26.18981
G1 X93.735 Y97.799 E26.20521
G1 X94.879 Y96.655 E26.24372
G1 X94.711 Y96.029 E26.25912
G1 X95.856 Y94.885 E26.29763
G1 X96.481 Y95.052 E26.31303
G1 X97.565 Y93.968 E26.34951
G1 X99.151 Y93.968 E26.38724
G1 X94.894 Y93.466 F7800.000
G1 F4800.000
G1 X94.893 Y93.968 E26.39918
G1 X95.320 Y93.968 E26.40933
G1 X95.459 Y94.488 E26.42214
G1 X94.315 Y95.633 E26.46065
G1 X93.690 Y95.465 E26.47605
G1 X92.545 Y96.610 E26.51456
G1 X92.713 Y97.235 E26.52996
G1 X92.069 Y97.879 E26.55162
G1 X92.069 Y96.192 E26.59175
G1 X92.149 Y96.213 E26.59371
G1 X93.293 Y95.069 E26.63222
G1 X93.126 Y94.444 E26.64762
G1 X94.270 Y93.299 E26.68613
G1 X94.894 Y93.466 E26.70149
G1 X93.706 Y92.278 F7800.000
G1 F4800.000
G1 X93.874 Y92.903 E26.71689
G1 X92.729 Y94.047 E26.75539
G1 X92.104 Y93.880 E26.77080
G1 X92.069 Y93.914 E26.77197
G1 X92.069 Y92.329 E26.80969
G1 X92.329 Y92.069 E26.81842
G1 X93.914 Y92.069 E26.85615
G1 X93.706 Y92.278 E26.86315
G1 X92.558 Y107.931 F7800.000
G1 F4800.000
G1 X92.324 Y107.931 E26.86871
G1 X92.373 Y107.881 E26.87037
G1 X92.558 Y107.931 E26.87491
G1 X99.589 Y92.454 F7800.000
G1 F1200.000
G1 X99.589 Y90.555 E26.93594
G1 Z14.550 F7800.000
G1 X106.596 Y104.195 F7800.000
G1 F3600.000
G1 X108.529 Y104.198 E26.98809
G1 X108.529 Y108.529 E27.10492
G1 X91.471 Y108.529 E27.56508
G1 X91.471 Y91.471 E28.02523
G1 X95.324 Y91.471 E28.12916
G1 X95.323 Y93.371 E28.18040
G1 X103.844 Y93.371 E28.41026
G1 X103.843 Y91.471 E28.46150
G1 X108.529 Y91.471 E28.58791
G1 X108.529 Y94.885 E28.67999
G1 X106.600 Y94.886 E28.73203
G1 X106.596 Y104.120 E28.98115
G1 X107.232 Y103.561 F7800.000
G1 F3600.000
G1 X109.164 Y103.563 E29.03329
G1 X109.164 Y109.164 E29.18439
G1 X90.836 Y109.164 E29.67884
G1 X90.836 Y90.836 E30.17329
G1 X95.960 Y90.836 E30.31152
G1 X95.959 Y92.735 E30.36276
G1 X99.288 Y92.735 E30.45257
G1 X99.289 Y90.836 E30.50381
G1 X99.908 Y90.836 E30.52050
G1 X99.909 Y92.735 E30.57174
G1 X103.208 Y92.735 E30.66073
G1 X103.207 Y90.836 E30.71197
G1 X109.164 Y90.836 E30.87268
G1 X109.164 Y95.520 E30.99905
G1 X107.235 Y95.521 E31.05110
G1 X107.234 Y98.898 E31.14220
G1 X109.164 Y98.897 E31.19428
G1 X109.164 Y100.201 E31.22946
G1 X107.233 Y100.199 E31.28156
G1 X107.232 Y103.486 E31.37024
G1 X107.792 Y103.001 F7800.000
G1 F1800.000
G1 X109.725 Y103.003 E31.41007
G1 X109.725 Y109.725 E31.54861
G1 X90.275 Y109.725 E31.94948
G1 X90.275 Y90.275 E32.35035
G1 X96.521 Y90.275 E32.47908
G1 X96.520 Y92.174 E32.51822
G1 X98.728 Y92.174 E32.56373
G1 X98.729 Y90.275 E32.60288
G1 X100.468 Y90.275 E32.63872
G1 X100.469 Y92.174 E32.67787
G1 X102.647 Y92.174 E32.72275
G1 X102.646 Y90.275 E32.76190
G1 X109.725 Y90.275 E32.90780
G1 X109.725 Y96.080 E33.02745
G1 X107.795 Y96.081 E33.06722
G1 X107.794 Y98.337 E33.11371
G1 X109.725 Y98.336 E33.15350
G1 X109.725 Y100.762 E33.20351
G1 X107.793 Y100.760 E33.24332
G1 X107.792 Y102.926 E33.28796
G1 X107.674 Y103.487 F7800.000
G1 X106.915 Y99.548 F7800.000
G1 F1200.000
G1 X108.847 Y99.549 E33.33736
G1 E31.33736 F2400.00000
G92 E0
G1 X106.636 Y104.794 F7800.000
G1 E2.00000 F2400.00000
G1 F4800.000
G1 X106.955 Y105.985 E2.02934
G1 X107.581 Y106.152 E2.04474
G1 X107.931 Y107.458 E2.07690
G1 X107.931 Y107.784 E2.08467
G1 X107.784 Y107.931 E2.08960
G1 X106.316 Y107.931 E2.12453
G1 X105.956 Y106.587 E2.15762
G1 X106.414 Y106.130 E2.17302
G1 X106.056 Y104.793 E2.20595
G1 X106.636 Y104.794 E2.21976
G1 X103.940 Y94.729 F7800.000
G1 F4800.000
G1 X104.565 Y94.897 E2.23517
G1 X104.984 Y96.460 E2.27367
G1 X104.526 Y96.918 E2.28908
G1 X104.945 Y98.481 E2.32758
G1 X105.570 Y98.649 E2.34298
G1 X105.989 Y100.212 E2.38149
G1 X105.531 Y100.670 E2.39689
G1 X105.950 Y102.233 E2.43540
G1 X105.998 Y102.246 E2.43659
G1 X105.997 Y104.575 E2.49200
G1 X105.370 Y104.399 E2.50751
G1 X104.951 Y102.836 E2.54601
G1 X105.409 Y102.378 E2.56141
G1 X104.990 Y100.815 E2.59992
G1 X104.365 Y100.647 E2.61532
G1 X103.946 Y99.084 E2.65383
G1 X104.403 Y98.626 E2.66923
G1 X103.985 Y97.063 E2.70774
G1 X103.359 Y96.895 E2.72314
G1 X102.940 Y95.332 E2.76165
G1 X103.398 Y94.874 E2.77705
G1 X103.155 Y93.969 E2.79936
G1 X103.736 Y93.969 E2.81317
G1 X103.940 Y94.729 E2.83191
G1 X101.774 Y95.310 F7800.000
G1 F4800.000
G1 X102.399 Y95.477 E2.84731
G1 X102.818 Y97.041 E2.88582
G1 X102.360 Y97.498 E2.90122
G1 X102.779 Y99.062 E2.93973
G1 X103.404 Y99.229 E2.95513
G1 X103.823 Y100.792 E2.99364
G1 X103.365 Y101.250 E3.00904
G1 X103.784 Y102.813 E3.04755
G1 X104.409 Y102.981 E3.06295
G1 X104.828 Y104.544 E3.10146
G1 X104.371 Y105.002 E3.11686
G1 X104.789 Y106.565 E3.15537
G1 X105.415 Y106.733 E3.17077
G1 X105.736 Y107.931 E3.20028
G1 X103.995 Y107.931 E3.24171
G1 X103.790 Y107.168 E3.26050
G1 X104.248 Y106.710 E3.27590
G1 X103.829 Y105.147 E3.31441
G1 X103.204 Y104.979 E3.32981
G1 X102.785 Y103.416 E3.36832
G1 X103.243 Y102.958 E3.38372
G1 X102.824 Y101.395 E3.42223
G1 X102.198 Y101.228 E3.43763
G1 X101.780 Y99.664 E3.47614
G1 X102.237 Y99.207 E3.49154
G1 X101.818 Y97.643 E3.53005
G1 X101.193 Y97.476 E3.54545
G1 X100.774 Y95.913 E3.58396
G1 X101.232 Y95.455 E3.59936
G1 X100.834 Y93.969 E3.63597
G1 X101.414 Y93.969 E3.64978
G1 X101.774 Y95.310 E3.68281
G1 X99.189 Y94.327 F7800.000
G1 F4800.000
G1 X99.608 Y95.890 E3.72132
G1 X100.233 Y96.058 E3.73672
G1 X100.652 Y97.621 E3.77523
G1 X100.194 Y98.079 E3.79063
G1 X100.613 Y99.642 E3.82914
G1 X101.238 Y99.809 E3.84454
G1 X101.657 Y101.373 E3.88305
G1 X101.199 Y101.830 E3.89845
G1 X101.618 Y103.394 E3.93696
G1 X102.243 Y103.561 E3.95236
G1 X102.662 Y105.124 E3.99087
G1 X102.204 Y105.582 E4.00627
G1 X102.623 Y107.145 E4.04478
G1 X103.249 Y107.313 E4.06018
G1 X103.414 Y107.931 E4.07539
G1 X101.673 Y107.931 E4.11682
G1 X101.624 Y107.748 E4.12132
G1 X102.082 Y107.290 E4.13672
G1 X101.663 Y105.727 E4.17523
G1 X101.038 Y105.560 E4.19063
G1 X100.619 Y103.996 E4.22914
G1 X101.077 Y103.539 E4.24454
G1 X100.658 Y101.976 E4.28304
G1 X100.032 Y101.808 E4.29845
G1 X99.614 Y100.245 E4.33695
G1 X100.071 Y99.787 E4.35236
G1 X99.652 Y98.224 E4.39086
G1 X99.027 Y98.056 E4.40627
G1 X98.608 Y96.493 E4.44477
G1 X99.066 Y96.035 E4.46017
G1 X98.647 Y94.472 E4.49868
G1 X98.022 Y94.305 E4.51408
G1 X97.932 Y93.969 E4.52236
G1 X99.547 Y93.969 E4.56078
G1 X99.189 Y94.327 E4.57284
G1 X97.480 Y94.450 F7800.000
G1 F4800.000
G1 X97.023 Y94.907 E4.58824
G1 X97.441 Y96.471 E4.62675
G1 X98.067 Y96.638 E4.64215
G1 X98.486 Y98.201 E4.68066
G1 X98.028 Y98.659 E4.69606
G1 X98.447 Y100.222 E4.73457
G1 X99.072 Y100.390 E4.74997
G1 X99.491 Y101.953 E4.78848
G1 X99.033 Y102.411 E4.80388
G1 X99.452 Y103.974 E4.84239
G1 X100.077 Y104.142 E4.85779
G1 X100.496 Y105.705 E4.89629
G1 X100.038 Y106.163 E4.91170
G1 X100.457 Y107.726 E4.95020
G1 X101.083 Y107.893 E4.96561
G1 X101.093 Y107.931 E4.96653
G1 X99.856 Y107.931 E4.99595
G1 X99.916 Y107.871 E4.99796
G1 X99.497 Y106.308 E5.03647
G1 X98.872 Y106.140 E5.05187
G1 X98.453 Y104.577 E5.09038
G1 X98.911 Y104.119 E5.10578
G1 X98.492 Y102.556 E5.14429
G1 X97.866 Y102.388 E5.15969
G1 X97.447 Y100.825 E5.19819
G1 X97.905 Y100.367 E5.21360
G1 X97.486 Y98.804 E5.25210
G1 X96.861 Y98.637 E5.26751
G1 X96.442 Y97.073 E5.30601
G1 X96.900 Y96.616 E5.32142
G1 X96.481 Y95.052 E5.35992
G1 X95.856 Y94.885 E5.37532
G1 X95.610 Y93.969 E5.39789
G1 X97.351 Y93.969 E5.43932
G1 X97.480 Y94.450 E5.45117
G1 X94.270 Y93.299 F7800.000
G1 F4800.000
G1 X94.725 Y93.421 E5.46238
G1 X94.725 Y93.969 E5.47540
G1 X95.030 Y93.969 E5.48266
G1 X95.314 Y95.030 E5.50881
G1 X94.857 Y95.488 E5.52421
G1 X95.275 Y97.051 E5.56272
G1 X95.901 Y97.219 E5.57812
G1 X96.320 Y98.782 E5.61663
G1 X95.862 Y99.239 E5.63203
G1 X96.281 Y100.803 E5.67053
G1 X96.906 Y100.970 E5.68594
G1 X97.325 Y102.533 E5.72444
G1 X96.867 Y102.991 E5.73985
G1 X97.286 Y104.554 E5.77835
G1 X97.911 Y104.722 E5.79376
G1 X98.330 Y106.285 E5.83226
G1 X97.872 Y106.743 E5.84766
G1 X98.191 Y107.931 E5.87692
G1 X97.610 Y107.931 E5.89073
G1 X97.331 Y106.888 E5.91641
G1 X96.706 Y106.720 E5.93182
G1 X96.287 Y105.157 E5.97032
G1 X96.744 Y104.700 E5.98572
G1 X96.326 Y103.136 E6.02423
G1 X95.700 Y102.969 E6.03963
G1 X95.281 Y101.406 E6.07814
G1 X95.739 Y100.948 E6.09354
G1 X95.320 Y99.385 E6.13205
G1 X94.695 Y99.217 E6.14745
G1 X94.276 Y97.654 E6.18596
G1 X94.734 Y97.196 E6.20136
G1 X94.315 Y95.633 E6.23987
G1 X93.690 Y95.465 E6.25527
G1 X93.271 Y93.902 E6.29378
G1 X93.729 Y93.444 E6.30918
G1 X93.360 Y92.069 E6.34305
G1 X93.941 Y92.069 E6.35686
G1 X94.270 Y93.299 E6.38715
G1 X92.104 Y93.880 F7800.000
G1 F4800.000
G1 X92.729 Y94.047 E6.40256
G1 X93.148 Y95.610 E6.44106
G1 X92.690 Y96.068 E6.45647
G1 X93.109 Y97.631 E6.49497
G1 X93.735 Y97.799 E6.51037
G1 X94.153 Y99.362 E6.54888
G1 X93.696 Y99.820 E6.56428
G1 X94.115 Y101.383 E6.60279
G1 X94.740 Y101.551 E6.61819
G1 X95.159 Y103.114 E6.65670
G1 X94.701 Y103.572 E6.67210
G1 X95.120 Y105.135 E6.71061
G1 X95.745 Y105.302 E6.72601
G1 X96.164 Y106.866 E6.76452
G1 X95.706 Y107.323 E6.77992
G1 X95.869 Y107.931 E6.79488
G1 X95.289 Y107.931 E6.80869
G1 X95.165 Y107.468 E6.82008
G1 X94.539 Y107.301 E6.83548
G1 X94.121 Y105.738 E6.87398
G1 X94.578 Y105.280 E6.88939
G1 X94.160 Y103.717 E6.92789
G1 X93.534 Y103.549 E6.94330
G1 X93.115 Y101.986 E6.98180
G1 X93.573 Y101.528 E6.99721
G1 X93.154 Y99.965 E7.03571
G1 X92.529 Y99.797 E7.05111
G1 X92.110 Y98.234 E7.08962
G1 X92.568 Y97.776 E7.10502
G1 X92.149 Y96.213 E7.14353
G1 X92.069 Y96.192 E7.14549
G1 X92.069 Y93.750 E7.20359
G1 X92.104 Y93.880 E7.20678
G1 X92.574 Y102.131 F7800.000
G1 F4800.000
G1 X92.993 Y103.694 E7.24529
G1 X92.535 Y104.152 E7.26069
G1 X92.954 Y105.715 E7.29920
G1 X93.579 Y105.883 E7.31460
G1 X93.998 Y107.446 E7.35311
G1 X93.540 Y107.904 E7.36851
G1 X93.547 Y107.931 E7.36917
G1 X92.558 Y107.931 E7.39272
G1 X92.373 Y107.881 E7.39726
G1 X92.069 Y106.746 E7.42522
G1 X92.069 Y106.203 E7.43814
G1 X92.412 Y105.860 E7.44968
G1 X92.069 Y104.580 E7.48121
G1 X92.069 Y101.996 E7.54270
G1 X92.574 Y102.131 E7.55513
G1 X106.145 Y92.128 F7800.000
G1 F4800.000
G1 X105.687 Y92.586 E7.57053
G1 X106.106 Y94.149 E7.60904
G1 X106.623 Y94.287 E7.62177
G1 X106.002 Y94.288 E7.63654
G1 X106.001 Y96.442 E7.68781
G1 X105.525 Y96.315 E7.69953
G1 X105.106 Y94.752 E7.73803
G1 X105.564 Y94.294 E7.75343
G1 X105.145 Y92.731 E7.79194
G1 X104.520 Y92.563 E7.80734
G1 X104.441 Y92.270 E7.81458
G1 X104.441 Y92.069 E7.81934
G1 X106.129 Y92.069 E7.85950
G1 X106.145 Y92.128 E7.86094
G1 X107.931 Y92.295 F7800.000
G1 F4800.000
G1 X107.931 Y94.287 E7.90833
G1 X107.304 Y94.287 E7.92325
G1 X107.273 Y94.171 E7.92610
G1 X107.730 Y93.714 E7.94150
G1 X107.311 Y92.150 E7.98001
G1 X107.009 Y92.069 E7.98746
G1 X107.870 Y92.069 E8.00796
G1 X107.931 Y92.295 E8.01353
G1 Z14.850 F7800.000
G1 X106.596 Y104.365 F7800.000
G1 F3600.000
G1 X108.529 Y104.368 E8.06567
G1 X108.529 Y108.529 E8.17791
G1 X91.471 Y108.529 E8.63807
G1 X91.471 Y91.471 E9.09822
G1 X95.155 Y91.471 E9.19760
G1 X95.154 Y93.371 E9.24885
G1 X104.036 Y93.371 E9.48843
G1 X104.035 Y91.471 E9.53967
G1 X108.529 Y91.471 E9.66091
G1 X108.529 Y94.705 E9.74815
G1 X106.600 Y94.706 E9.80018
G1 X106.596 Y104.290 E10.05873
G1 X107.232 Y103.731 F7800.000
G1 F3600.000
G1 X109.164 Y103.733 E10.11086
G1 X109.164 Y109.164 E10.25737
G1 X90.836 Y109.164 E10.75182
G1 X90.836 Y90.836 E11.24627
G1 X95.791 Y90.836 E11.37995
G1 X95.790 Y92.735 E11.43120
G1 X99.119 Y92.735 E11.52099
G1 X99.120 Y90.836 E11.57223
G1 X100.097 Y90.836 E11.59860
G1 X100.098 Y92.735 E11.64984
G1 X103.400 Y92.735 E11.73890
G1 X103.399 Y90.836 E11.79015
G1 X109.164 Y90.836 E11.94569
G1 X109.164 Y95.341 E12.06722
G1 X107.236 Y95.342 E12.11925
G1 X107.234 Y98.723 E12.21046
G1 X109.164 Y98.722 E12.26253
G1 X109.164 Y100.368 E12.30694
G1 X107.233 Y100.365 E12.35903
G1 X107.232 Y103.656 E12.44779
G1 X107.793 Y103.171 F7800.000
G1 F1800.000
G1 X109.725 Y103.173 E12.48761
G1 X109.725 Y109.725 E12.62265
G1 X90.275 Y109.725 E13.02352
G1 X90.275 Y90.275 E13.42439
G1 X96.352 Y90.275 E13.54964
G1 X96.351 Y92.175 E13.58879
G1 X98.559 Y92.175 E13.63428
G1 X98.559 Y90.275 E13.67343
G1 X100.658 Y90.275 E13.71668
G1 X100.659 Y92.175 E13.75583
G1 X102.839 Y92.175 E13.80076
G1 X102.838 Y90.275 E13.83991
G1 X109.725 Y90.275 E13.98186
G1 X109.725 Y95.901 E14.09781
G1 X107.796 Y95.902 E14.13757
G1 X107.795 Y98.162 E14.18415
G1 X109.725 Y98.161 E14.22392
G1 X109.725 Y100.929 E14.28098
G1 X107.794 Y100.927 E14.32079
G1 X107.793 Y103.096 E14.36549
G1 X107.675 Y103.657 F7800.000
G1 X99.609 Y93.053 F7800.000
G1 F1200.000
G1 X99.609 Y91.153 E14.38803
G1 X99.547 Y93.969 F7800.000
G1 F4800.000
G1 X99.189 Y94.327 E14.40008
G1 X97.852 Y93.969 E14.43299
G1 X99.547 Y93.969 E14.47330
G1 X103.446 Y93.969 F7800.000
G1 F4800.000
G1 X103.543 Y94.333 E14.48227
G1 X105.106 Y94.752 E14.52078
G1 X105.564 Y94.294 E14.53618
G1 X106.002 Y94.411 E14.54697
G1 X106.002 Y96.152 E14.58840
G1 X105.129 Y95.919 E14.60989
G1 X104.961 Y95.293 E14.62529
G1 X103.398 Y94.874 E14.66380
G1 X102.940 Y95.332 E14.67920
G1 X101.377 Y94.913 E14.71771
G1 X101.210 Y94.288 E14.73311
G1 X100.019 Y93.969 E14.76245
G1 X103.446 Y93.969 E14.84400
G1 X107.708 Y92.547 F7800.000
G1 F4800.000
G1 X107.875 Y93.172 E14.85940
G1 X107.931 Y93.187 E14.86076
G1 X107.931 Y93.767 E14.87457
G1 X107.730 Y93.714 E14.87951
G1 X107.336 Y94.108 E14.89276
G1 X107.035 Y94.108 E14.89992
G1 X105.709 Y93.753 E14.93259
G1 X105.542 Y93.127 E14.94799
G1 X104.633 Y92.884 E14.97036
G1 X104.633 Y92.303 E14.98418
G1 X105.687 Y92.586 E15.01013
G1 X106.145 Y92.128 E15.02554
G1 X107.708 Y92.547 E15.06404
G1 X107.931 Y104.965 F7800.000
G1 F4800.000
G1 X107.931 Y105.956 E15.08761
G1 X106.559 Y105.588 E15.12139
G1 X106.392 Y104.963 E15.13679
G1 X107.931 Y104.965 E15.17341
G1 X95.561 Y107.865 F7800.000
G1 F4800.000
G1 X95.579 Y107.931 E15.17503
G1 X92.069 Y107.931 E15.25853
G1 X92.069 Y107.510 E15.26855
G1 X93.540 Y107.904 E15.30478
G1 X93.998 Y107.446 E15.32018
G1 X95.561 Y107.865 E15.35869
G1 X92.390 Y104.694 F7800.000
G1 F4800.000
G1 X92.557 Y105.319 E15.37409
G1 X94.121 Y105.738 E15.41260
G1 X94.578 Y105.280 E15.42800
G1 X96.142 Y105.699 E15.46651
G1 X96.309 Y106.324 E15.48191
G1 X97.872 Y106.743 E15.52042
G1 X98.330 Y106.285 E15.53582
G1 X99.893 Y106.704 E15.57433
G1 X100.061 Y107.329 E15.58973
G1 X101.624 Y107.748 E15.62823
G1 X102.082 Y107.290 E15.64364
G1 X103.645 Y107.709 E15.68214
G1 X103.704 Y107.931 E15.68759
G1 X100.139 Y107.931 E15.77243
G1 X99.916 Y107.871 E15.77793
G1 X99.856 Y107.931 E15.77994
G1 X97.973 Y107.931 E15.82474
G1 X97.895 Y107.910 E15.82667
G1 X97.727 Y107.284 E15.84207
G1 X96.164 Y106.866 E15.88058
G1 X95.706 Y107.323 E15.89598
G1 X94.143 Y106.904 E15.93448
G1 X93.976 Y106.279 E15.94989
G1 X92.412 Y105.860 E15.98839
G1 X92.069 Y106.203 E15.99993
G1 X92.069 Y104.608 E16.03790
G1 X92.390 Y104.694 E16.04579
G1 X92.970 Y102.527 F7800.000
G1 F4800.000
G1 X93.138 Y103.153 E16.06120
G1 X94.701 Y103.572 E16.09970
G1 X95.159 Y103.114 E16.11511
G1 X96.722 Y103.533 E16.15361
G1 X96.890 Y104.158 E16.16902
G1 X98.453 Y104.577 E16.20752
G1 X98.911 Y104.119 E16.22292
G1 X100.474 Y104.538 E16.26143
G1 X100.641 Y105.163 E16.27683
G1 X102.204 Y105.582 E16.31534
G1 X102.662 Y105.124 E16.33074
G1 X104.225 Y105.543 E16.36925
G1 X104.393 Y106.169 E16.38465
G1 X105.956 Y106.587 E16.42316
G1 X106.414 Y106.130 E16.43856
G1 X107.931 Y106.536 E16.47592
G1 X107.931 Y107.784 E16.50562
G1 X107.784 Y107.931 E16.51055
G1 X106.637 Y107.931 E16.53784
G1 X105.979 Y107.754 E16.55406
G1 X105.811 Y107.129 E16.56946
G1 X104.248 Y106.710 E16.60797
G1 X103.790 Y107.168 E16.62337
G1 X102.227 Y106.749 E16.66188
G1 X102.059 Y106.124 E16.67728
G1 X100.496 Y105.705 E16.71579
G1 X100.038 Y106.163 E16.73119
G1 X98.475 Y105.744 E16.76970
G1 X98.308 Y105.118 E16.78510
G1 X96.744 Y104.700 E16.82361
G1 X96.287 Y105.157 E16.83901
G1 X94.723 Y104.738 E16.87752
G1 X94.556 Y104.113 E16.89292
G1 X92.993 Y103.694 E16.93142
G1 X92.535 Y104.152 E16.94683
G1 X92.069 Y104.027 E16.95830
G1 X92.069 Y102.286 E16.99973
G1 X92.970 Y102.527 E17.02192
G1 X93.551 Y100.361 F7800.000
G1 F4800.000
G1 X93.718 Y100.987 E17.03732
G1 X95.281 Y101.406 E17.07583
G1 X95.739 Y100.948 E17.09123
G1 X97.302 Y101.367 E17.12974
G1 X97.470 Y101.992 E17.14514
G1 X99.033 Y102.411 E17.18364
G1 X99.491 Y101.953 E17.19905
G1 X101.054 Y102.372 E17.23755
G1 X101.222 Y102.997 E17.25296
G1 X102.785 Y103.416 E17.29146
G1 X103.243 Y102.958 E17.30687
G1 X104.806 Y103.377 E17.34537
G1 X104.973 Y104.002 E17.36077
G1 X105.998 Y104.277 E17.38601
G1 X105.998 Y104.857 E17.39982
G1 X104.828 Y104.544 E17.42862
G1 X104.371 Y105.002 E17.44403
G1 X102.807 Y104.583 E17.48253
G1 X102.640 Y103.958 E17.49794
G1 X101.077 Y103.539 E17.53644
G1 X100.619 Y103.996 E17.55184
G1 X99.056 Y103.578 E17.59035
G1 X98.888 Y102.952 E17.60575
G1 X97.325 Y102.533 E17.64426
G1 X96.867 Y102.991 E17.65966
G1 X95.304 Y102.572 E17.69817
G1 X95.136 Y101.947 E17.71357
G1 X93.573 Y101.528 E17.75208
G1 X93.115 Y101.986 E17.76748
G1 X92.069 Y101.706 E17.79325
G1 X92.069 Y99.964 E17.83468
G1 X93.551 Y100.361 E17.87116
G1 X94.131 Y98.195 F7800.000
G1 F4800.000
G1 X94.299 Y98.821 E17.88657
G1 X95.862 Y99.239 E17.92507
G1 X96.320 Y98.782 E17.94048
G1 X97.883 Y99.201 E17.97898
G1 X98.050 Y99.826 E17.99439
G1 X99.614 Y100.245 E18.03289
G1 X100.071 Y99.787 E18.04829
G1 X101.635 Y100.206 E18.08680
G1 X101.802 Y100.831 E18.10220
G1 X103.365 Y101.250 E18.14071
G1 X103.823 Y100.792 E18.15611
G1 X105.386 Y101.211 E18.19462
G1 X105.554 Y101.836 E18.21002
G1 X105.999 Y101.956 E18.22099
G1 X105.999 Y102.536 E18.23480
G1 X105.409 Y102.378 E18.24933
G1 X104.951 Y102.836 E18.26473
G1 X103.388 Y102.417 E18.30324
G1 X103.220 Y101.792 E18.31864
G1 X101.657 Y101.373 E18.35715
G1 X101.199 Y101.830 E18.37255
G1 X99.636 Y101.412 E18.41106
G1 X99.468 Y100.786 E18.42646
G1 X97.905 Y100.367 E18.46496
G1 X97.447 Y100.825 E18.48037
G1 X95.884 Y100.406 E18.51887
G1 X95.717 Y99.781 E18.53428
G1 X94.153 Y99.362 E18.57278
G1 X93.696 Y99.820 E18.58819
G1 X92.133 Y99.401 E18.62669
G1 X92.069 Y99.165 E18.63250
G1 X92.069 Y98.223 E18.65491
G1 X92.110 Y98.234 E18.65592
G1 X92.568 Y97.776 E18.67132
G1 X94.131 Y98.195 E18.70982
G1 X94.711 Y96.029 F7800.000
G1 F4800.000
G1 X94.879 Y96.655 E18.72523
G1 X96.442 Y97.073 E18.76373
G1 X96.900 Y96.616 E18.77914
G1 X98.463 Y97.035 E18.81764
G1 X98.631 Y97.660 E18.83305
G1 X100.194 Y98.079 E18.87155
G1 X100.652 Y97.621 E18.88695
G1 X102.215 Y98.040 E18.92546
G1 X102.382 Y98.665 E18.94086
G1 X103.946 Y99.084 E18.97937
G1 X104.403 Y98.626 E18.99477
G1 X105.967 Y99.045 E19.03328
G1 X106.000 Y99.170 E19.03636
G1 X106.000 Y100.215 E19.06121
G1 X105.531 Y100.670 E19.07675
G1 X103.968 Y100.251 E19.11526
G1 X103.801 Y99.625 E19.13066
G1 X102.237 Y99.207 E19.16916
G1 X101.780 Y99.664 E19.18457
G1 X100.216 Y99.245 E19.22307
G1 X100.049 Y98.620 E19.23848
G1 X98.486 Y98.201 E19.27698
G1 X98.028 Y98.659 E19.29239
G1 X96.465 Y98.240 E19.33089
G1 X96.297 Y97.615 E19.34629
G1 X94.734 Y97.196 E19.38480
G1 X94.276 Y97.654 E19.40020
G1 X92.713 Y97.235 E19.43871
G1 X92.545 Y96.610 E19.45411
G1 X92.069 Y96.482 E19.46584
G1 X92.069 Y95.902 E19.47965
G1 X92.690 Y96.068 E19.49495
G1 X93.148 Y95.610 E19.51035
G1 X94.711 Y96.029 E19.54886
G1 X94.556 Y93.666 F7800.000
G1 F4800.000
G1 X94.556 Y93.969 E19.55606
G1 X95.320 Y93.969 E19.57424
G1 X95.459 Y94.488 E19.58704
G1 X97.023 Y94.907 E19.62555
G1 X97.480 Y94.450 E19.64095
G1 X99.044 Y94.868 E19.67946
G1 X99.211 Y95.494 E19.69486
G1 X100.774 Y95.913 E19.73337
G1 X101.232 Y95.455 E19.74877
G1 X102.795 Y95.874 E19.78728
G1 X102.963 Y96.499 E19.80268
G1 X104.526 Y96.918 E19.84118
G1 X104.984 Y96.460 E19.85659
G1 X106.001 Y96.733 E19.88165
G1 X106.000 Y98.474 E19.92307
G1 X104.549 Y98.085 E19.95884
G1 X104.381 Y97.459 E19.97424
G1 X102.818 Y97.041 E20.01275
G1 X102.360 Y97.498 E20.02815
G1 X100.797 Y97.079 E20.06666
G1 X100.629 Y96.454 E20.08206
G1 X99.066 Y96.035 E20.12057
G1 X98.608 Y96.493 E20.13597
G1 X97.045 Y96.074 E20.17448
G1 X96.878 Y95.449 E20.18988
G1 X95.314 Y95.030 E20.22838
G1 X94.857 Y95.488 E20.24379
G1 X93.293 Y95.069 E20.28229
G1 X93.126 Y94.444 E20.29770
G1 X92.069 Y94.161 E20.32372
G1 X92.069 Y93.580 E20.33753
G1 X93.271 Y93.902 E20.36713
G1 X93.729 Y93.444 E20.38253
G1 X94.556 Y93.666 E20.40291
G1 X94.557 Y93.086 F7800.000
G1 F4800.000
G1 X93.874 Y92.903 E20.41973
G1 X93.706 Y92.278 E20.43514
G1 X92.929 Y92.069 E20.45427
G1 X94.557 Y92.069 E20.49300
G1 X94.557 Y93.086 E20.51719
G1 Z15.150 F7800.000
G1 X106.596 Y104.535 F7800.000
G1 F3600.000
G1 X108.529 Y104.538 E20.56932
G1 X108.529 Y108.529 E20.67698
G1 X91.471 Y108.529 E21.13713
G1 X91.471 Y91.471 E21.59728
G1 X94.987 Y91.471 E21.69212
G1 X94.986 Y93.371 E21.74337
G1 X104.227 Y93.371 E21.99267
G1 X104.226 Y91.471 E22.04392
G1 X108.529 Y91.471 E22.15999
G1 X108.529 Y94.526 E22.24239
G1 X106.601 Y94.527 E22.29440
G1 X106.599 Y99.183 E22.42001
G1 X108.529 Y99.182 E22.47207
G1 X108.529 Y99.898 E22.49139
G1 X106.598 Y99.896 E22.54346
G1 X106.596 Y104.460 E22.66660
G1 X107.232 Y103.901 F7800.000
G1 F3600.000
G1 X109.164 Y103.903 E22.71872
G1 X109.164 Y109.164 E22.86066
G1 X90.836 Y109.164 E23.35510
G1 X90.836 Y90.836 E23.84955
G1 X95.623 Y90.836 E23.97868
G1 X95.622 Y92.735 E24.02993
G1 X98.949 Y92.735 E24.11970
G1 X98.950 Y90.836 E24.17095
G1 X100.287 Y90.836 E24.20701
G1 X100.288 Y92.735 E24.25826
G1 X103.591 Y92.735 E24.34738
G1 X103.590 Y90.836 E24.39863
G1 X109.164 Y90.836 E24.54900
G1 X109.164 Y95.161 E24.66568
G1 X107.236 Y95.162 E24.71770
G1 X107.235 Y98.547 E24.80902
G1 X109.164 Y98.546 E24.86108
G1 X109.164 Y100.535 E24.91472
G1 X107.234 Y100.532 E24.96680
G1 X107.232 Y103.826 E25.05564
G1 X107.793 Y103.341 F7800.000
G1 F1800.000
G1 X109.725 Y103.343 E25.09546
G1 X109.725 Y109.725 E25.22699
G1 X90.275 Y109.725 E25.62786
G1 X90.275 Y90.275 E26.02873
G1 X96.183 Y90.275 E26.15051
G1 X96.183 Y92.175 E26.18966
G1 X98.389 Y92.175 E26.23514
G1 X98.390 Y90.275 E26.27429
G1 X100.847 Y90.275 E26.32494
G1 X100.848 Y92.175 E26.36409
G1 X103.030 Y92.175 E26.40907
G1 X103.029 Y90.275 E26.44823
G1 X109.725 Y90.275 E26.58623
G1 X109.725 Y95.722 E26.69848
G1 X107.797 Y95.722 E26.73823
G1 X107.796 Y97.986 E26.78488
G1 X109.725 Y97.985 E26.82465
G1 X109.725 Y101.096 E26.88876
G1 X107.794 Y101.094 E26.92856
G1 X107.793 Y103.266 E26.97333
G1 X107.675 Y103.827 F7800.000
G1 X105.999 Y102.246 F7800.000
G1 F4800.000
G1 X105.950 Y102.233 E26.97454
G1 X104.806 Y103.377 E27.01304
G1 X104.973 Y104.003 E27.02845
G1 X103.829 Y105.147 E27.06695
G1 X103.204 Y104.979 E27.08236
G1 X102.059 Y106.124 E27.12086
G1 X102.227 Y106.749 E27.13627
G1 X101.083 Y107.893 E27.17477
G1 X100.457 Y107.726 E27.19017
G1 X100.252 Y107.931 E27.19707
G1 X99.460 Y107.931 E27.21593
G1 X100.061 Y107.329 E27.23617
G1 X99.893 Y106.704 E27.25157
G1 X101.038 Y105.560 E27.29007
G1 X101.663 Y105.727 E27.30548
G1 X102.807 Y104.583 E27.34398
G1 X102.640 Y103.958 E27.35939
G1 X103.784 Y102.813 E27.39789
G1 X104.409 Y102.981 E27.41330
G1 X105.554 Y101.836 E27.45180
G1 X105.386 Y101.211 E27.46720
G1 X106.000 Y100.597 E27.48786
G1 X105.999 Y102.246 E27.52708
G1 X105.995 Y104.566 F7800.000
G1 F4800.000
G1 X105.998 Y105.133 E27.54056
G1 X106.437 Y105.133 E27.55101
G1 X106.559 Y105.588 E27.56221
G1 X105.415 Y106.733 E27.60072
G1 X104.789 Y106.565 E27.61612
G1 X103.645 Y107.709 E27.65463
G1 X103.704 Y107.931 E27.66008
G1 X101.838 Y107.931 E27.70448
G1 X102.623 Y107.145 E27.73091
G1 X103.249 Y107.313 E27.74631
G1 X104.393 Y106.169 E27.78482
G1 X104.225 Y105.543 E27.80022
G1 X105.370 Y104.399 E27.83873
G1 X105.995 Y104.566 E27.85413
G1 X107.931 Y107.388 F7800.000
G1 F4800.000
G1 X107.388 Y107.931 E27.87239
G1 X105.802 Y107.931 E27.91012
G1 X105.979 Y107.754 E27.91605
G1 X105.811 Y107.129 E27.93146
G1 X106.955 Y105.985 E27.96996
G1 X107.581 Y106.152 E27.98537
G1 X107.931 Y105.802 E27.99714
G1 X107.931 Y107.388 E28.03487
G1 X106.001 Y99.011 F7800.000
G1 F4800.000
G1 X105.967 Y99.045 E28.03601
G1 X106.001 Y99.172 E28.03914
G1 X106.000 Y99.804 E28.05418
G1 X104.990 Y100.815 E28.08819
G1 X104.365 Y100.647 E28.10359
G1 X103.220 Y101.792 E28.14209
G1 X103.388 Y102.417 E28.15750
G1 X102.243 Y103.561 E28.19600
G1 X101.618 Y103.394 E28.21141
G1 X100.474 Y104.538 E28.24991
G1 X100.641 Y105.163 E28.26532
G1 X99.497 Y106.308 E28.30382
G1 X98.872 Y106.140 E28.31922
G1 X97.727 Y107.284 E28.35773
G1 X97.895 Y107.910 E28.37313
G1 X97.874 Y107.931 E28.37384
G1 X95.579 Y107.931 E28.42844
G1 X95.561 Y107.865 E28.43007
G1 X96.706 Y106.721 E28.46857
G1 X97.331 Y106.888 E28.48397
G1 X98.475 Y105.744 E28.52248
G1 X98.308 Y105.118 E28.53788
G1 X99.452 Y103.974 E28.57639
G1 X100.077 Y104.142 E28.59179
G1 X101.222 Y102.997 E28.63030
G1 X101.054 Y102.372 E28.64570
G1 X102.198 Y101.228 E28.68421
G1 X102.824 Y101.395 E28.69961
G1 X103.968 Y100.251 E28.73812
G1 X103.801 Y99.625 E28.75352
G1 X104.945 Y98.481 E28.79203
G1 X105.570 Y98.649 E28.80743
G1 X106.001 Y98.218 E28.82193
G1 X106.001 Y99.011 E28.84080
G1 X106.002 Y96.443 F7800.000
G1 F4800.000
G1 X105.525 Y96.315 E28.85254
G1 X104.381 Y97.459 E28.89104
G1 X104.549 Y98.085 E28.90645
G1 X103.404 Y99.229 E28.94495
G1 X102.779 Y99.062 E28.96035
G1 X101.635 Y100.206 E28.99886
G1 X101.802 Y100.831 E29.01426
G1 X100.658 Y101.976 E29.05277
G1 X100.032 Y101.808 E29.06817
G1 X98.888 Y102.952 E29.10668
G1 X99.056 Y103.578 E29.12208
G1 X97.911 Y104.722 E29.16059
G1 X97.286 Y104.554 E29.17599
G1 X96.142 Y105.699 E29.21450
G1 X96.309 Y106.324 E29.22990
G1 X95.165 Y107.468 E29.26841
G1 X94.539 Y107.301 E29.28381
G1 X93.910 Y107.931 E29.30500
G1 X93.117 Y107.931 E29.32386
G1 X94.143 Y106.904 E29.35839
G1 X93.976 Y106.279 E29.37380
G1 X95.120 Y105.135 E29.41230
G1 X95.745 Y105.302 E29.42771
G1 X96.890 Y104.158 E29.46621
G1 X96.722 Y103.533 E29.48162
G1 X97.866 Y102.388 E29.52012
G1 X98.492 Y102.556 E29.53552
G1 X99.636 Y101.412 E29.57403
G1 X99.468 Y100.786 E29.58943
G1 X100.613 Y99.642 E29.62794
G1 X101.238 Y99.809 E29.64334
G1 X102.382 Y98.665 E29.68185
G1 X102.215 Y98.040 E29.69725
G1 X103.359 Y96.895 E29.73576
G1 X103.985 Y97.063 E29.75116
G1 X105.129 Y95.919 E29.78967
G1 X104.961 Y95.293 E29.80507
G1 X106.003 Y94.252 E29.84011
G1 X106.002 Y96.443 E29.89224
G1 X107.931 Y93.910 F7800.000
G1 F4800.000
G1 X107.912 Y93.928 E29.89286
G1 X107.119 Y93.928 E29.91173
G1 X107.875 Y93.172 E29.93718
G1 X107.708 Y92.547 E29.95258
G1 X107.931 Y92.324 E29.96008
G1 X107.931 Y93.910 E29.99781
G1 X107.311 Y92.150 F7800.000
G1 F4800.000
G1 X107.009 Y92.069 E30.00526
G1 X107.393 Y92.069 E30.01440
G1 X107.311 Y92.150 E30.01713
G1 X105.542 Y93.127 F7800.000
G1 F4800.000
G1 X105.709 Y93.753 E30.03253
G1 X104.565 Y94.897 E30.07104
G1 X103.940 Y94.729 E30.08644
G1 X102.795 Y95.874 E30.12495
G1 X102.963 Y96.499 E30.14035
G1 X101.818 Y97.643 E30.17885
G1 X101.193 Y97.476 E30.19426
G1 X100.049 Y98.620 E30.23276
G1 X100.216 Y99.245 E30.24817
G1 X99.072 Y100.390 E30.28667
G1 X98.447 Y100.222 E30.30208
G1 X97.302 Y101.367 E30.34058
G1 X97.470 Y101.992 E30.35598
G1 X96.326 Y103.136 E30.39449
G1 X95.700 Y102.969 E30.40989
G1 X94.556 Y104.113 E30.44840
G1 X94.723 Y104.738 E30.46380
G1 X93.579 Y105.883 E30.50231
G1 X92.954 Y105.715 E30.51771
G1 X92.069 Y106.600 E30.54747
G1 X92.069 Y105.807 E30.56634
G1 X92.557 Y105.319 E30.58276
G1 X92.390 Y104.694 E30.59816
G1 X93.534 Y103.549 E30.63667
G1 X94.160 Y103.717 E30.65207
G1 X95.304 Y102.572 E30.69058
G1 X95.136 Y101.947 E30.70598
G1 X96.281 Y100.803 E30.74449
G1 X96.906 Y100.970 E30.75989
G1 X98.050 Y99.826 E30.79840
G1 X97.883 Y99.201 E30.81380
G1 X99.027 Y98.056 E30.85231
G1 X99.652 Y98.224 E30.86771
G1 X100.797 Y97.079 E30.90622
G1 X100.629 Y96.454 E30.92162
G1 X101.774 Y95.310 E30.96012
G1 X102.399 Y95.477 E30.97553
G1 X103.543 Y94.333 E31.01403
G1 X103.446 Y93.969 E31.02300
G1 X104.826 Y93.969 E31.05583
G1 X104.825 Y92.645 E31.08734
G1 X105.145 Y92.731 E31.09522
G1 X105.807 Y92.069 E31.11748
G1 X106.600 Y92.069 E31.13635
G1 X105.542 Y93.127 E31.17195
G1 X101.210 Y94.288 F7800.000
G1 F4800.000
G1 X101.377 Y94.913 E31.18735
G1 X100.233 Y96.058 E31.22586
G1 X99.608 Y95.890 E31.24126
G1 X98.463 Y97.035 E31.27977
G1 X98.631 Y97.660 E31.29517
G1 X97.486 Y98.804 E31.33367
G1 X96.861 Y98.637 E31.34908
G1 X95.717 Y99.781 E31.38758
G1 X95.884 Y100.406 E31.40299
G1 X94.740 Y101.551 E31.44149
G1 X94.115 Y101.383 E31.45690
G1 X92.970 Y102.527 E31.49540
G1 X93.138 Y103.153 E31.51080
G1 X92.069 Y104.221 E31.54676
G1 X92.069 Y101.996 E31.59971
G1 X92.574 Y102.131 E31.61213
G1 X93.718 Y100.987 E31.65064
G1 X93.551 Y100.361 E31.66604
G1 X94.695 Y99.217 E31.70455
G1 X95.320 Y99.385 E31.71995
G1 X96.465 Y98.240 E31.75846
G1 X96.297 Y97.615 E31.77386
G1 X97.441 Y96.471 E31.81237
G1 X98.067 Y96.638 E31.82777
G1 X99.211 Y95.494 E31.86628
G1 X99.044 Y94.868 E31.88168
G1 X99.943 Y93.969 E31.91194
G1 X101.529 Y93.969 E31.94967
G1 X101.210 Y94.288 E31.96040
G1 X98.647 Y94.472 F7800.000
G1 F4800.000
G1 X98.022 Y94.305 E31.97580
G1 X96.878 Y95.449 E32.01431
G1 X97.045 Y96.074 E32.02971
G1 X95.901 Y97.219 E32.06822
G1 X95.275 Y97.051 E32.08362
G1 X94.131 Y98.195 E32.12213
G1 X94.299 Y98.821 E32.13753
G1 X93.154 Y99.965 E32.17603
G1 X92.529 Y99.797 E32.19144
G1 X92.069 Y100.257 E32.20690
G1 X92.069 Y99.464 E32.22577
G1 X92.133 Y99.401 E32.22789
G1 X92.069 Y99.165 E32.23370
G1 X92.069 Y98.671 E32.24545
G1 X93.109 Y97.631 E32.28045
G1 X93.735 Y97.799 E32.29585
G1 X94.879 Y96.655 E32.33436
G1 X94.711 Y96.029 E32.34976
G1 X95.856 Y94.885 E32.38826
G1 X96.481 Y95.052 E32.40367
G1 X97.564 Y93.969 E32.44012
G1 X99.150 Y93.969 E32.47785
G1 X98.647 Y94.472 E32.49477
G1 X94.388 Y93.331 F7800.000
G1 F4800.000
G1 X94.387 Y93.969 E32.50996
G1 X95.320 Y93.969 E32.53215
G1 X95.459 Y94.488 E32.54495
G1 X94.315 Y95.633 E32.58345
G1 X93.690 Y95.465 E32.59886
G1 X92.545 Y96.610 E32.63736
G1 X92.713 Y97.235 E32.65277
G1 X92.069 Y97.879 E32.67442
G1 X92.069 Y96.192 E32.71455
G1 X92.149 Y96.213 E32.71651
G1 X93.293 Y95.069 E32.75502
G1 X93.126 Y94.444 E32.77042
G1 X94.270 Y93.299 E32.80893
G1 X94.388 Y93.331 E32.81182
G1 X93.706 Y92.278 F7800.000
G1 F4800.000
G1 X93.874 Y92.903 E32.82723
G1 X92.729 Y94.047 E32.86573
G1 X92.104 Y93.880 E32.88114
G1 X92.069 Y93.914 E32.88230
G1 X92.069 Y92.329 E32.92003
G1 X92.329 Y92.069 E32.92876
G1 X93.914 Y92.069 E32.96649
G1 X93.706 Y92.278 E32.97349
G1 X92.558 Y107.931 F7800.000
G1 F4800.000
G1 X92.324 Y107.931 E32.97905
G1 X92.373 Y107.881 E32.98071
G1 X92.558 Y107.931 E32.98525
G1 X99.619 Y93.053 F7800.000
G1 F1200.000
G1 X99.618 Y91.153 E33.03671
G1 Z15.450 F7800.000
G1 X106.597 Y104.705 F7800.000
G1 F3600.000
G1 X108.529 Y104.708 E33.08883
G1 X108.529 Y108.529 E33.19190
G1 X91.471 Y108.529 E33.65206
G1 X91.471 Y91.471 E34.11221
G1 X94.818 Y91.471 E34.20249
G1 X94.817 Y93.371 E34.25375
G1 X99.415 Y93.371 E34.37779
G1 X99.416 Y91.471 E34.42905
G1 X99.841 Y91.471 E34.44050
G1 X99.842 Y93.371 E34.49176
G1 X104.419 Y93.371 E34.61524
G1 X104.418 Y91.471 E34.66650
G1 X108.529 Y91.471 E34.77739
G1 X108.529 Y94.346 E34.85495
G1 X106.601 Y94.347 E34.90695
G1 X106.599 Y99.008 E35.03267
G1 X108.529 Y99.007 E35.08472
G1 X108.529 Y100.065 E35.11327
G1 X106.599 Y100.063 E35.16533
G1 X106.597 Y104.630 E35.28855
G1 X107.233 Y104.071 F7800.000
G1 F3600.000
G1 X109.164 Y104.073 E35.34066
G1 X109.164 Y109.164 E35.47801
G1 X90.836 Y109.164 E35.97246
G1 X90.836 Y90.836 E36.46690
G1 X95.454 Y90.836 E36.59149
G1 X95.453 Y92.736 E36.64274
G1 X98.780 Y92.736 E36.73249
G1 X98.781 Y90.836 E36.78375
G1 X100.476 Y90.836 E36.82948
G1 X100.477 Y92.736 E36.88074
G1 X103.783 Y92.736 E36.96993
G1 X103.782 Y90.836 E37.02118
G1 X109.164 Y90.836 E37.16638
G1 X109.164 Y94.982 E37.27823
G1 X107.237 Y94.983 E37.33023
G1 X107.235 Y98.372 E37.42165
G1 X109.164 Y98.371 E37.47369
G1 X109.164 Y100.701 E37.53657
G1 X107.234 Y100.699 E37.58864
G1 X107.233 Y103.996 E37.67757
G1 X107.794 Y103.511 F7800.000
G1 F1800.000
G1 X109.725 Y103.513 E37.71738
G1 X109.725 Y109.725 E37.84540
G1 X90.275 Y109.725 E38.24628
G1 X90.275 Y90.275 E38.64715
G1 X96.015 Y90.275 E38.76545
G1 X96.014 Y92.175 E38.80461
G1 X98.220 Y92.175 E38.85007
G1 X98.220 Y90.275 E38.88923
G1 X101.036 Y90.275 E38.94726
G1 X101.037 Y92.175 E38.98642
G1 X103.222 Y92.175 E39.03146
G1 X103.221 Y90.275 E39.07062
G1 X109.725 Y90.275 E39.20466
G1 X109.725 Y95.542 E39.31322
G1 X107.797 Y95.543 E39.35295
G1 X107.796 Y97.811 E39.39969
G1 X109.725 Y97.810 E39.43945
G1 X109.725 Y101.263 E39.51062
G1 X107.795 Y101.260 E39.55040
G1 X107.794 Y103.436 E39.59524
G1 X107.676 Y103.997 F7800.000
G1 X108.211 Y99.536 F7800.000
G1 F1200.000
G1 X106.281 Y99.535 E39.62451
G1 X103.940 Y94.729 F7800.000
G1 F4800.000
G1 X104.565 Y94.897 E39.63991
G1 X104.984 Y96.460 E39.67842
G1 X104.526 Y96.918 E39.69382
G1 X104.945 Y98.481 E39.73233
G1 X105.570 Y98.649 E39.74773
G1 X105.683 Y99.071 E39.75813
G1 X105.683 Y100.344 E39.78841
G1 X105.857 Y100.344 E39.79256
G1 X105.531 Y100.670 E39.80353
G1 X105.950 Y102.233 E39.84204
G1 X106.000 Y102.246 E39.84326
G1 X105.999 Y104.580 E39.89878
G1 X105.370 Y104.399 E39.91435
G1 X104.951 Y102.836 E39.95286
G1 X105.409 Y102.378 E39.96826
G1 X104.990 Y100.815 E40.00677
G1 X104.365 Y100.647 E40.02217
G1 X103.946 Y99.084 E40.06068
G1 X104.403 Y98.626 E40.07608
G1 X103.985 Y97.063 E40.11459
G1 X103.359 Y96.895 E40.12999
G1 X102.940 Y95.332 E40.16850
G1 X103.398 Y94.874 E40.18390
G1 X103.156 Y93.969 E40.20619
G1 X103.736 Y93.969 E40.22000
G1 X103.940 Y94.729 E40.23872
G1 X101.774 Y95.310 F7800.000
G1 F4800.000
G1 X102.399 Y95.477 E40.25413
G1 X102.818 Y97.041 E40.29263
G1 X102.360 Y97.498 E40.30804
G1 X102.779 Y99.062 E40.34654
G1 X103.404 Y99.229 E40.36194
G1 X103.823 Y100.792 E40.40045
G1 X103.365 Y101.250 E40.41585
G1 X103.784 Y102.813 E40.45436
G1 X104.409 Y102.981 E40.46976
G1 X104.828 Y104.544 E40.50827
G1 X104.371 Y105.002 E40.52367
G1 X104.789 Y106.565 E40.56218
G1 X105.415 Y106.733 E40.57758
G1 X105.736 Y107.931 E40.60709
G1 X103.995 Y107.931 E40.64852
G1 X103.790 Y107.168 E40.66731
G1 X104.248 Y106.710 E40.68272
G1 X103.829 Y105.147 E40.72122
G1 X103.204 Y104.979 E40.73663
G1 X102.785 Y103.416 E40.77513
G1 X103.243 Y102.958 E40.79053
G1 X102.824 Y101.395 E40.82904
G1 X102.198 Y101.228 E40.84444
G1 X101.780 Y99.664 E40.88295
G1 X102.237 Y99.207 E40.89835
G1 X101.818 Y97.643 E40.93686
G1 X101.193 Y97.476 E40.95226
G1 X100.774 Y95.913 E40.99077
G1 X101.232 Y95.455 E41.00617
G1 X100.834 Y93.969 E41.04276
G1 X101.414 Y93.969 E41.05657
G1 X101.774 Y95.310 E41.08959
G1 X99.524 Y93.969 F7800.000
G1 F4800.000
G1 X99.546 Y93.969 E41.09011
G1 X99.189 Y94.327 E41.10215
G1 X99.608 Y95.890 E41.14065
G1 X100.233 Y96.058 E41.15605
G1 X100.652 Y97.621 E41.19456
G1 X100.194 Y98.079 E41.20996
G1 X100.613 Y99.642 E41.24847
G1 X101.238 Y99.809 E41.26387
G1 X101.657 Y101.373 E41.30238
G1 X101.199 Y101.830 E41.31778
G1 X101.618 Y103.394 E41.35629
G1 X102.243 Y103.561 E41.37169
G1 X102.662 Y105.124 E41.41020
G1 X102.204 Y105.582 E41.42560
G1 X102.623 Y107.145 E41.46411
G1 X103.249 Y107.313 E41.47951
G1 X103.414 Y107.931 E41.49473
G1 X101.673 Y107.931 E41.53615
G1 X101.624 Y107.748 E41.54065
G1 X102.082 Y107.290 E41.55605
G1 X101.663 Y105.727 E41.59456
G1 X101.038 Y105.560 E41.60996
G1 X100.619 Y103.996 E41.64847
G1 X101.077 Y103.539 E41.66387
G1 X100.658 Y101.976 E41.70238
G1 X100.032 Y101.808 E41.71778
G1 X99.614 Y100.245 E41.75629
G1 X100.071 Y99.787 E41.77169
G1 X99.652 Y98.224 E41.81019
G1 X99.027 Y98.056 E41.82560
G1 X98.608 Y96.493 E41.86410
G1 X99.066 Y96.035 E41.87951
G1 X98.647 Y94.472 E41.91801
G1 X98.022 Y94.305 E41.93342
G1 X97.932 Y93.969 E41.94167
G1 X99.524 Y93.969 E41.97955
G1 X97.352 Y93.969 F7800.000
G1 F4800.000
G1 X97.480 Y94.450 E41.99138
G1 X97.023 Y94.907 E42.00678
G1 X97.441 Y96.471 E42.04529
G1 X98.067 Y96.638 E42.06069
G1 X98.486 Y98.201 E42.09920
G1 X98.028 Y98.659 E42.11460
G1 X98.447 Y100.222 E42.15310
G1 X99.072 Y100.390 E42.16851
G1 X99.491 Y101.953 E42.20701
G1 X99.033 Y102.411 E42.22242
G1 X99.452 Y103.974 E42.26092
G1 X100.077 Y104.142 E42.27633
G1 X100.496 Y105.705 E42.31483
G1 X100.038 Y106.163 E42.33023
G1 X100.457 Y107.726 E42.36874
G1 X101.083 Y107.893 E42.38414
G1 X101.093 Y107.931 E42.38506
G1 X99.856 Y107.931 E42.41449
G1 X99.916 Y107.871 E42.41650
G1 X99.497 Y106.308 E42.45500
G1 X98.872 Y106.140 E42.47041
G1 X98.453 Y104.577 E42.50891
G1 X98.911 Y104.119 E42.52432
G1 X98.492 Y102.556 E42.56282
G1 X97.866 Y102.388 E42.57823
G1 X97.447 Y100.825 E42.61673
G1 X97.905 Y100.367 E42.63213
G1 X97.486 Y98.804 E42.67064
G1 X96.861 Y98.637 E42.68604
G1 X96.442 Y97.073 E42.72455
G1 X96.900 Y96.616 E42.73995
G1 X96.481 Y95.052 E42.77846
G1 X95.856 Y94.885 E42.79386
G1 X95.610 Y93.969 E42.81641
G1 X97.352 Y93.969 E42.85784
G1 X94.219 Y93.109 F7800.000
G1 F4800.000
G1 X94.219 Y93.969 E42.87832
G1 X95.030 Y93.969 E42.89763
G1 X95.314 Y95.030 E42.92375
G1 X94.857 Y95.488 E42.93915
G1 X95.275 Y97.051 E42.97766
G1 X95.901 Y97.219 E42.99306
G1 X96.320 Y98.782 E43.03157
G1 X95.862 Y99.239 E43.04697
G1 X96.281 Y100.803 E43.08548
G1 X96.906 Y100.970 E43.10088
G1 X97.325 Y102.533 E43.13939
G1 X96.867 Y102.991 E43.15479
G1 X97.286 Y104.554 E43.19330
G1 X97.911 Y104.722 E43.20870
G1 X98.330 Y106.285 E43.24721
G1 X97.872 Y106.743 E43.26261
G1 X98.191 Y107.931 E43.29186
G1 X97.610 Y107.931 E43.30567
G1 X97.331 Y106.888 E43.33136
G1 X96.706 Y106.720 E43.34676
G1 X96.287 Y105.157 E43.38527
G1 X96.744 Y104.700 E43.40067
G1 X96.326 Y103.136 E43.43917
G1 X95.700 Y102.969 E43.45458
G1 X95.281 Y101.406 E43.49308
G1 X95.739 Y100.948 E43.50849
G1 X95.320 Y99.385 E43.54699
G1 X94.695 Y99.217 E43.56240
G1 X94.276 Y97.654 E43.60090
G1 X94.734 Y97.196 E43.61630
G1 X94.315 Y95.633 E43.65481
G1 X93.690 Y95.465 E43.67021
G1 X93.271 Y93.902 E43.70872
G1 X93.729 Y93.444 E43.72412
G1 X93.360 Y92.069 E43.75799
G1 X93.941 Y92.069 E43.77180
G1 X94.219 Y93.109 E43.79741
G1 X92.104 Y93.880 F7800.000
G1 F4800.000
G1 X92.729 Y94.047 E43.81281
G1 X93.148 Y95.610 E43.85132
G1 X92.690 Y96.068 E43.86672
G1 X93.109 Y97.631 E43.90522
G1 X93.735 Y97.799 E43.92063
G1 X94.153 Y99.362 E43.95913
G1 X93.696 Y99.820 E43.97454
G1 X94.115 Y101.383 E44.01304
G1 X94.740 Y101.551 E44.02845
G1 X95.159 Y103.114 E44.06695
G1 X94.701 Y103.572 E44.08235
G1 X95.120 Y105.135 E44.12086
G1 X95.745 Y105.302 E44.13626
G1 X96.164 Y106.866 E44.17477
G1 X95.706 Y107.323 E44.19017
G1 X95.869 Y107.931 E44.20513
G1 X95.289 Y107.931 E44.21894
G1 X95.165 Y107.468 E44.23033
G1 X94.539 Y107.301 E44.24573
G1 X94.121 Y105.738 E44.28424
G1 X94.578 Y105.280 E44.29964
G1 X94.160 Y103.717 E44.33815
G1 X93.534 Y103.549 E44.35355
G1 X93.115 Y101.986 E44.39205
G1 X93.573 Y101.528 E44.40746
G1 X93.154 Y99.965 E44.44596
G1 X92.529 Y99.797 E44.46137
G1 X92.110 Y98.234 E44.49987
G1 X92.568 Y97.776 E44.51528
G1 X92.149 Y96.213 E44.55378
G1 X92.069 Y96.192 E44.55574
G1 X92.069 Y93.750 E44.61384
G1 X92.104 Y93.880 E44.61704
G1 X92.574 Y102.131 F7800.000
G1 F4800.000
G1 X92.993 Y103.694 E44.65554
G1 X92.535 Y104.152 E44.67094
G1 X92.954 Y105.715 E44.70945
G1 X93.579 Y105.883 E44.72485
G1 X93.998 Y107.446 E44.76336
G1 X93.540 Y107.904 E44.77876
G1 X93.547 Y107.931 E44.77943
G1 X92.558 Y107.931 E44.80298
G1 X92.373 Y107.881 E44.80751
G1 X92.069 Y106.746 E44.83547
G1 X92.069 Y106.203 E44.84839
G1 X92.412 Y105.860 E44.85993
G1 X92.069 Y104.580 E44.89146
G1 X92.069 Y101.996 E44.95296
G1 X92.574 Y102.131 E44.96538
G1 X106.773 Y105.304 F7800.000
G1 F4800.000
G1 X106.955 Y105.985 E44.98216
G1 X107.581 Y106.152 E44.99756
G1 X107.931 Y107.458 E45.02972
G1 X107.931 Y107.784 E45.03749
G1 X107.784 Y107.931 E45.04241
G1 X106.316 Y107.931 E45.07735
G1 X105.956 Y106.587 E45.11043
G1 X106.414 Y106.130 E45.12584
G1 X106.192 Y105.303 E45.14620
G1 X106.773 Y105.304 E45.16002
G1 X107.931 Y92.295 F7800.000
G1 F4800.000
G1 X107.931 Y93.749 E45.19459
G1 X107.695 Y93.749 E45.20020
G1 X107.730 Y93.714 E45.20137
G1 X107.311 Y92.150 E45.23988
G1 X107.009 Y92.069 E45.24734
G1 X107.870 Y92.069 E45.26783
G1 X107.931 Y92.295 E45.27340
G1 X106.145 Y92.128 F7800.000
G1 F4800.000
G1 X105.687 Y92.586 E45.28881
G1 X106.003 Y93.767 E45.31791
G1 X106.002 Y96.443 E45.38157
G1 X105.525 Y96.315 E45.39332
G1 X105.106 Y94.752 E45.43183
G1 X105.564 Y94.294 E45.44723
G1 X105.145 Y92.731 E45.48574
G1 X105.017 Y92.696 E45.48890
G1 X105.017 Y92.069 E45.50382
G1 X106.129 Y92.069 E45.53029
G1 X106.145 Y92.128 E45.53173
M106 S239.7
G1 Z15.750 F7800.000
G1 X106.597 Y104.875 F7800.000
G1 F3600.000
G1 X108.529 Y104.878 E45.58384
G1 X108.529 Y108.529 E45.68233
G1 X91.471 Y108.529 E46.14248
G1 X91.471 Y91.471 E46.60264
G1 X94.649 Y91.471 E46.68837
G1 X94.648 Y93.372 E46.73963
G1 X99.246 Y93.372 E46.86365
G1 X99.247 Y91.471 E46.91492
G1 X100.030 Y91.471 E46.93605
G1 X100.031 Y93.372 E46.98732
G1 X104.611 Y93.372 E47.11086
G1 X104.610 Y91.471 E47.16213
G1 X108.529 Y91.471 E47.26784
G1 X108.529 Y94.167 E47.34057
G1 X106.602 Y94.168 E47.39255
G1 X106.600 Y98.832 E47.51837
G1 X108.529 Y98.831 E47.57041
G1 X108.529 Y100.232 E47.60819
G1 X106.599 Y100.229 E47.66024
G1 X106.597 Y104.800 E47.78355
G1 X107.233 Y104.241 F7800.000
G1 F3600.000
G1 X109.164 Y104.243 E47.83565
G1 X109.164 Y109.164 E47.96841
G1 X90.836 Y109.164 E48.46286
G1 X90.836 Y90.836 E48.95731
G1 X95.285 Y90.836 E49.07734
G1 X95.284 Y92.736 E49.12860
G1 X98.610 Y92.736 E49.21833
G1 X98.611 Y90.836 E49.26959
G1 X100.665 Y90.836 E49.32501
G1 X100.666 Y92.736 E49.37627
G1 X103.975 Y92.736 E49.46552
G1 X103.974 Y90.836 E49.51679
G1 X109.164 Y90.836 E49.65681
G1 X109.164 Y94.802 E49.76382
G1 X107.237 Y94.803 E49.81580
G1 X107.236 Y98.196 E49.90734
G1 X109.164 Y98.195 E49.95936
G1 X109.164 Y100.868 E50.03147
G1 X107.235 Y100.866 E50.08353
G1 X107.233 Y104.166 E50.17255
G1 X107.794 Y103.681 F7800.000
G1 F1800.000
G1 X109.725 Y103.683 E50.21235
G1 X109.725 Y109.725 E50.33687
G1 X90.275 Y109.725 E50.73774
G1 X90.275 Y90.275 E51.13861
G1 X95.846 Y90.275 E51.25343
G1 X95.845 Y92.175 E51.29260
G1 X98.050 Y92.175 E51.33804
G1 X98.051 Y90.275 E51.37721
G1 X101.226 Y90.275 E51.44264
G1 X101.227 Y92.175 E51.48181
G1 X103.414 Y92.175 E51.52689
G1 X103.413 Y90.275 E51.56605
G1 X109.725 Y90.275 E51.69615
G1 X109.725 Y95.363 E51.80101
G1 X107.798 Y95.364 E51.84073
G1 X107.797 Y97.635 E51.88755
G1 X109.725 Y97.635 E51.92730
G1 X109.725 Y101.430 E52.00552
G1 X107.795 Y101.427 E52.04530
G1 X107.794 Y103.606 E52.09020
G1 X107.676 Y104.167 F7800.000
G1 X108.211 Y99.531 F7800.000
G1 F1200.000
G1 X106.282 Y99.531 E52.14746
G1 X99.638 Y93.689 F7800.000
G1 F1200.000
G1 X99.638 Y91.789 E52.15437
G1 X98.965 Y93.970 F7800.000
G1 F4800.000
G1 X98.965 Y94.267 E52.16144
G1 X97.855 Y93.970 E52.18879
G1 X98.965 Y93.970 E52.21520
G1 X99.189 Y94.327 F7800.000
G1 F4800.000
G1 X99.041 Y94.287 E52.21883
G1 X99.228 Y94.287 E52.22327
G1 X99.189 Y94.327 E52.22460
G1 X103.543 Y94.333 F7800.000
G1 F4800.000
G1 X105.106 Y94.752 E52.26311
G1 X105.564 Y94.294 E52.27851
G1 X106.004 Y94.412 E52.28934
G1 X106.003 Y96.153 E52.33076
G1 X105.129 Y95.919 E52.35229
G1 X104.961 Y95.293 E52.36769
G1 X103.398 Y94.874 E52.40620
G1 X102.940 Y95.332 E52.42160
G1 X101.377 Y94.913 E52.46011
G1 X101.210 Y94.288 E52.47551
G1 X100.312 Y94.047 E52.49763
G1 X100.312 Y93.970 E52.49948
G1 X103.446 Y93.970 E52.57406
G1 X103.543 Y94.333 E52.58301
G1 X107.708 Y92.547 F7800.000
G1 F4800.000
G1 X107.875 Y93.172 E52.59841
G1 X107.931 Y93.187 E52.59977
G1 X107.931 Y93.569 E52.60887
G1 X106.004 Y93.570 E52.65471
G1 X106.004 Y93.832 E52.66093
G1 X105.709 Y93.753 E52.66818
G1 X105.542 Y93.127 E52.68359
G1 X105.209 Y93.038 E52.69179
G1 X105.208 Y92.458 E52.70560
G1 X105.687 Y92.586 E52.71738
G1 X106.145 Y92.128 E52.73279
G1 X107.708 Y92.547 E52.77129
G1 X107.931 Y105.475 F7800.000
G1 F4800.000
G1 X107.931 Y105.956 E52.78273
G1 X106.559 Y105.588 E52.81651
G1 X106.528 Y105.473 E52.81934
G1 X107.931 Y105.475 E52.85271
G1 X95.561 Y107.865 F7800.000
G1 F4800.000
G1 X95.579 Y107.931 E52.85433
G1 X92.069 Y107.931 E52.93783
G1 X92.069 Y107.510 E52.94785
G1 X93.540 Y107.904 E52.98408
G1 X93.998 Y107.446 E52.99948
G1 X95.561 Y107.865 E53.03799
G1 X92.390 Y104.694 F7800.000
G1 F4800.000
G1 X92.557 Y105.319 E53.05339
G1 X94.121 Y105.738 E53.09190
G1 X94.578 Y105.280 E53.10730
G1 X96.142 Y105.699 E53.14581
G1 X96.309 Y106.324 E53.16121
G1 X97.872 Y106.743 E53.19972
G1 X98.330 Y106.285 E53.21512
G1 X99.893 Y106.704 E53.25363
G1 X100.061 Y107.329 E53.26903
G1 X101.624 Y107.748 E53.30754
G1 X102.082 Y107.290 E53.32294
G1 X103.645 Y107.709 E53.36144
G1 X103.704 Y107.931 E53.36690
G1 X100.139 Y107.931 E53.45173
G1 X99.916 Y107.871 E53.45723
G1 X99.856 Y107.931 E53.45924
G1 X97.973 Y107.931 E53.50405
G1 X97.895 Y107.910 E53.50597
G1 X97.727 Y107.284 E53.52137
G1 X96.164 Y106.866 E53.55988
G1 X95.706 Y107.323 E53.57528
G1 X94.143 Y106.904 E53.61379
G1 X93.976 Y106.279 E53.62919
G1 X92.412 Y105.860 E53.66769
G1 X92.069 Y106.203 E53.67924
G1 X92.069 Y104.608 E53.71720
G1 X92.390 Y104.694 E53.72510
G1 X92.970 Y102.527 F7800.000
G1 F4800.000
G1 X93.138 Y103.153 E53.74050
G1 X94.701 Y103.572 E53.77901
G1 X95.159 Y103.114 E53.79441
G1 X96.722 Y103.533 E53.83291
G1 X96.890 Y104.158 E53.84832
G1 X98.453 Y104.577 E53.88682
G1 X98.911 Y104.119 E53.90223
G1 X100.474 Y104.538 E53.94073
G1 X100.641 Y105.163 E53.95614
G1 X102.204 Y105.582 E53.99464
G1 X102.662 Y105.124 E54.01004
G1 X104.225 Y105.543 E54.04855
G1 X104.393 Y106.169 E54.06395
G1 X105.956 Y106.587 E54.10246
G1 X106.414 Y106.130 E54.11786
G1 X107.931 Y106.536 E54.15522
G1 X107.931 Y107.784 E54.18492
G1 X107.784 Y107.931 E54.18985
G1 X106.637 Y107.931 E54.21714
G1 X105.979 Y107.754 E54.23336
G1 X105.811 Y107.129 E54.24876
G1 X104.248 Y106.710 E54.28727
G1 X103.790 Y107.168 E54.30267
G1 X102.227 Y106.749 E54.34118
G1 X102.059 Y106.124 E54.35658
G1 X100.496 Y105.705 E54.39509
G1 X100.038 Y106.163 E54.41049
G1 X98.475 Y105.744 E54.44900
G1 X98.308 Y105.118 E54.46440
G1 X96.744 Y104.700 E54.50291
G1 X96.287 Y105.157 E54.51831
G1 X94.723 Y104.738 E54.55682
G1 X94.556 Y104.113 E54.57222
G1 X92.993 Y103.694 E54.61073
G1 X92.535 Y104.152 E54.62613
G1 X92.069 Y104.027 E54.63760
G1 X92.069 Y102.286 E54.67903
G1 X92.970 Y102.527 E54.70122
G1 X93.551 Y100.361 F7800.000
G1 F4800.000
G1 X93.718 Y100.987 E54.71662
G1 X95.281 Y101.406 E54.75513
G1 X95.739 Y100.948 E54.77053
G1 X97.302 Y101.367 E54.80904
G1 X97.470 Y101.992 E54.82444
G1 X99.033 Y102.411 E54.86295
G1 X99.491 Y101.953 E54.87835
G1 X101.054 Y102.372 E54.91686
G1 X101.222 Y102.997 E54.93226
G1 X102.785 Y103.416 E54.97076
G1 X103.243 Y102.958 E54.98617
G1 X104.806 Y103.377 E55.02467
G1 X104.973 Y104.002 E55.04008
G1 X105.999 Y104.277 E55.06535
G1 X105.999 Y104.858 E55.07915
G1 X104.828 Y104.544 E55.10799
G1 X104.371 Y105.002 E55.12340
G1 X102.807 Y104.583 E55.16190
G1 X102.640 Y103.958 E55.17731
G1 X101.077 Y103.539 E55.21581
G1 X100.619 Y103.996 E55.23121
G1 X99.056 Y103.578 E55.26972
G1 X98.888 Y102.952 E55.28512
G1 X97.325 Y102.533 E55.32363
G1 X96.867 Y102.991 E55.33903
G1 X95.304 Y102.572 E55.37754
G1 X95.136 Y101.947 E55.39294
G1 X93.573 Y101.528 E55.43145
G1 X93.115 Y101.986 E55.44685
G1 X92.069 Y101.706 E55.47262
G1 X92.069 Y99.964 E55.51405
G1 X93.551 Y100.361 E55.55053
G1 X94.131 Y98.195 F7800.000
G1 F4800.000
G1 X94.299 Y98.821 E55.56594
G1 X95.862 Y99.239 E55.60444
G1 X96.320 Y98.782 E55.61985
G1 X97.883 Y99.201 E55.65835
G1 X98.050 Y99.826 E55.67376
G1 X99.614 Y100.245 E55.71226
G1 X100.071 Y99.787 E55.72766
G1 X101.635 Y100.206 E55.76617
G1 X101.802 Y100.831 E55.78157
G1 X103.365 Y101.250 E55.82008
G1 X103.823 Y100.792 E55.83548
G1 X105.386 Y101.211 E55.87399
G1 X105.554 Y101.836 E55.88939
G1 X106.000 Y101.956 E55.90039
G1 X106.000 Y102.536 E55.91420
G1 X105.409 Y102.378 E55.92877
G1 X104.951 Y102.836 E55.94417
G1 X103.388 Y102.417 E55.98267
G1 X103.220 Y101.792 E55.99808
G1 X101.657 Y101.373 E56.03658
G1 X101.199 Y101.830 E56.05199
G1 X99.636 Y101.412 E56.09049
G1 X99.468 Y100.786 E56.10590
G1 X97.905 Y100.367 E56.14440
G1 X97.447 Y100.825 E56.15980
G1 X95.884 Y100.406 E56.19831
G1 X95.717 Y99.781 E56.21371
G1 X94.153 Y99.362 E56.25222
G1 X93.696 Y99.820 E56.26762
G1 X92.133 Y99.401 E56.30613
G1 X92.069 Y99.165 E56.31194
G1 X92.069 Y98.223 E56.33435
G1 X92.110 Y98.234 E56.33535
G1 X92.568 Y97.776 E56.35076
G1 X94.131 Y98.195 E56.38926
G1 X94.711 Y96.029 F7800.000
G1 F4800.000
G1 X94.879 Y96.655 E56.40466
G1 X96.442 Y97.073 E56.44317
G1 X96.900 Y96.616 E56.45857
G1 X98.463 Y97.035 E56.49708
G1 X98.631 Y97.660 E56.51248
G1 X100.194 Y98.079 E56.55099
G1 X100.652 Y97.621 E56.56639
G1 X102.215 Y98.040 E56.60490
G1 X102.382 Y98.665 E56.62030
G1 X103.946 Y99.084 E56.65881
G1 X104.403 Y98.626 E56.67421
G1 X105.684 Y98.969 E56.70575
G1 X105.691 Y100.510 E56.74242
G1 X105.531 Y100.670 E56.74778
G1 X103.968 Y100.251 E56.78628
G1 X103.801 Y99.625 E56.80169
G1 X102.237 Y99.207 E56.84019
G1 X101.780 Y99.664 E56.85560
G1 X100.216 Y99.245 E56.89410
G1 X100.049 Y98.620 E56.90950
G1 X98.486 Y98.201 E56.94801
G1 X98.028 Y98.659 E56.96341
G1 X96.465 Y98.240 E57.00192
G1 X96.297 Y97.615 E57.01732
G1 X94.734 Y97.196 E57.05583
G1 X94.276 Y97.654 E57.07123
G1 X92.713 Y97.235 E57.10974
G1 X92.545 Y96.610 E57.12514
G1 X92.069 Y96.482 E57.13687
G1 X92.069 Y95.902 E57.15068
G1 X92.690 Y96.068 E57.16598
G1 X93.148 Y95.610 E57.18138
G1 X94.711 Y96.029 E57.21989
G1 X94.050 Y93.530 F7800.000
G1 F4800.000
G1 X94.050 Y93.970 E57.23033
G1 X95.320 Y93.970 E57.26056
G1 X95.459 Y94.488 E57.27334
G1 X97.023 Y94.907 E57.31185
G1 X97.480 Y94.450 E57.32725
G1 X99.044 Y94.868 E57.36576
G1 X99.211 Y95.494 E57.38116
G1 X100.774 Y95.913 E57.41967
G1 X101.232 Y95.455 E57.43507
G1 X102.795 Y95.874 E57.47358
G1 X102.963 Y96.499 E57.48898
G1 X104.526 Y96.918 E57.52748
G1 X104.984 Y96.460 E57.54289
G1 X106.003 Y96.733 E57.56798
G1 X106.002 Y98.474 E57.60941
G1 X104.549 Y98.085 E57.64521
G1 X104.381 Y97.459 E57.66061
G1 X102.818 Y97.041 E57.69912
G1 X102.360 Y97.498 E57.71452
G1 X100.797 Y97.079 E57.75303
G1 X100.629 Y96.454 E57.76843
G1 X99.066 Y96.035 E57.80693
G1 X98.608 Y96.493 E57.82234
G1 X97.045 Y96.074 E57.86084
G1 X96.878 Y95.449 E57.87625
G1 X95.314 Y95.030 E57.91475
G1 X94.857 Y95.488 E57.93016
G1 X93.293 Y95.069 E57.96866
G1 X93.126 Y94.444 E57.98406
G1 X92.069 Y94.161 E58.01009
G1 X92.069 Y93.580 E58.02390
G1 X93.271 Y93.902 E58.05349
G1 X93.729 Y93.444 E58.06890
G1 X94.050 Y93.530 E58.07682
G1 X94.050 Y92.950 F7800.000
G1 F4800.000
G1 X93.874 Y92.903 E58.08117
G1 X93.706 Y92.278 E58.09657
G1 X92.929 Y92.069 E58.11571
G1 X94.051 Y92.069 E58.14240
G1 X94.050 Y92.950 E58.16336
M106 S242.25
G1 Z16.050 F7800.000
G1 X106.598 Y105.045 F7800.000
G1 F3600.000
G1 X108.529 Y105.048 E58.21546
G1 X108.529 Y108.529 E58.30936
G1 X91.471 Y108.529 E58.76951
G1 X91.471 Y91.471 E59.22966
G1 X94.481 Y91.471 E59.31085
G1 X94.480 Y93.372 E59.36212
G1 X99.076 Y93.372 E59.48612
G1 X99.077 Y91.471 E59.53739
G1 X100.219 Y91.471 E59.56820
G1 X100.220 Y93.372 E59.61947
G1 X104.803 Y93.372 E59.74308
G1 X104.802 Y91.471 E59.79435
G1 X108.529 Y91.471 E59.89490
G1 X108.529 Y93.988 E59.96278
G1 X106.602 Y93.989 E60.01475
G1 X106.600 Y98.657 E60.14068
G1 X108.529 Y98.656 E60.19270
G1 X108.529 Y100.399 E60.23972
G1 X106.600 Y100.396 E60.29176
G1 X106.598 Y104.970 E60.41515
G1 X107.233 Y104.411 F7800.000
G1 F3600.000
G1 X109.164 Y104.413 E60.46724
G1 X109.164 Y109.164 E60.59542
G1 X90.836 Y109.164 E61.08987
G1 X90.836 Y90.836 E61.58431
G1 X95.116 Y90.836 E61.69979
G1 X95.116 Y92.736 E61.75107
G1 X98.441 Y92.736 E61.84077
G1 X98.442 Y90.836 E61.89204
G1 X100.855 Y90.836 E61.95713
G1 X100.856 Y92.736 E62.00841
G1 X104.167 Y92.736 E62.09772
G1 X104.166 Y90.836 E62.14899
G1 X109.164 Y90.836 E62.28384
G1 X109.164 Y94.623 E62.38601
G1 X107.238 Y94.624 E62.43798
G1 X107.236 Y98.021 E62.52962
G1 X109.164 Y98.020 E62.58164
G1 X109.164 Y101.035 E62.66297
G1 X107.235 Y101.033 E62.71502
G1 X107.233 Y104.336 E62.80412
G1 X107.794 Y103.851 F7800.000
G1 F1800.000
G1 X109.725 Y103.853 E62.84392
G1 X109.725 Y109.725 E62.96494
G1 X90.275 Y109.725 E63.36581
G1 X90.275 Y90.275 E63.76668
G1 X95.677 Y90.275 E63.87802
G1 X95.676 Y92.176 E63.91720
G1 X97.881 Y92.176 E63.96262
G1 X97.881 Y90.275 E64.00179
G1 X101.415 Y90.275 E64.07462
G1 X101.416 Y92.176 E64.11379
G1 X103.606 Y92.176 E64.15892
G1 X103.605 Y90.275 E64.19809
G1 X109.725 Y90.275 E64.32424
G1 X109.725 Y95.183 E64.42540
G1 X107.798 Y95.184 E64.46511
G1 X107.797 Y97.460 E64.51201
G1 X109.725 Y97.459 E64.55175
G1 X109.725 Y101.596 E64.63702
G1 X107.795 Y101.594 E64.67679
G1 X107.794 Y103.776 E64.72176
G1 X107.677 Y104.337 F7800.000
G1 X105.995 Y104.566 F7800.000
G1 F4800.000
G1 X105.999 Y105.643 E64.74736
G1 X106.504 Y105.643 E64.75937
G1 X105.415 Y106.733 E64.79603
G1 X104.789 Y106.565 E64.81143
G1 X103.645 Y107.709 E64.84994
G1 X103.704 Y107.931 E64.85539
G1 X101.838 Y107.931 E64.89979
G1 X102.623 Y107.145 E64.92622
G1 X103.249 Y107.313 E64.94162
G1 X104.393 Y106.169 E64.98013
G1 X104.225 Y105.543 E64.99553
G1 X105.370 Y104.399 E65.03403
G1 X105.995 Y104.566 E65.04944
G1 X106.001 Y102.246 F7800.000
G1 F4800.000
G1 X105.950 Y102.233 E65.05068
G1 X104.806 Y103.377 E65.08919
G1 X104.973 Y104.003 E65.10459
G1 X103.829 Y105.147 E65.14310
G1 X103.204 Y104.979 E65.15850
G1 X102.059 Y106.124 E65.19700
G1 X102.227 Y106.749 E65.21241
G1 X101.083 Y107.893 E65.25091
G1 X100.457 Y107.726 E65.26632
G1 X100.252 Y107.931 E65.27321
G1 X99.460 Y107.931 E65.29207
G1 X100.061 Y107.329 E65.31231
G1 X99.893 Y106.704 E65.32771
G1 X101.038 Y105.560 E65.36622
G1 X101.663 Y105.727 E65.38162
G1 X102.807 Y104.583 E65.42013
G1 X102.640 Y103.958 E65.43553
G1 X103.784 Y102.813 E65.47403
G1 X104.409 Y102.981 E65.48944
G1 X105.554 Y101.836 E65.52794
G1 X105.386 Y101.211 E65.54335
G1 X106.001 Y100.596 E65.56405
G1 X106.001 Y102.246 E65.60331
G1 X107.931 Y99.800 F7800.000
G1 F4800.000
G1 X107.591 Y99.799 E65.61140
G1 X107.931 Y99.460 E65.62283
G1 X107.931 Y99.800 E65.63092
G1 X106.002 Y99.010 F7800.000
G1 F4800.000
G1 X105.967 Y99.045 E65.63212
G1 X106.002 Y99.177 E65.63537
G1 X106.002 Y99.255 E65.63723
G1 X106.023 Y99.255 E65.63772
G1 X106.134 Y99.670 E65.64795
G1 X104.990 Y100.815 E65.68646
G1 X104.365 Y100.647 E65.70186
G1 X103.220 Y101.792 E65.74037
G1 X103.388 Y102.417 E65.75577
G1 X102.243 Y103.561 E65.79428
G1 X101.618 Y103.394 E65.80968
G1 X100.474 Y104.538 E65.84819
G1 X100.641 Y105.163 E65.86359
G1 X99.497 Y106.308 E65.90210
G1 X98.872 Y106.140 E65.91750
G1 X97.727 Y107.284 E65.95601
G1 X97.895 Y107.910 E65.97141
G1 X97.874 Y107.931 E65.97211
G1 X95.579 Y107.931 E66.02672
G1 X95.561 Y107.865 E66.02834
G1 X96.706 Y106.721 E66.06685
G1 X97.331 Y106.888 E66.08225
G1 X98.475 Y105.744 E66.12076
G1 X98.308 Y105.118 E66.13616
G1 X99.452 Y103.974 E66.17466
G1 X100.077 Y104.142 E66.19007
G1 X101.222 Y102.997 E66.22857
G1 X101.054 Y102.372 E66.24398
G1 X102.198 Y101.228 E66.28248
G1 X102.824 Y101.395 E66.29789
G1 X103.968 Y100.251 E66.33639
G1 X103.801 Y99.625 E66.35179
G1 X104.945 Y98.481 E66.39030
G1 X105.570 Y98.649 E66.40570
G1 X106.002 Y98.216 E66.42025
G1 X106.002 Y99.010 E66.43912
G1 X106.003 Y96.443 F7800.000
G1 F4800.000
G1 X105.525 Y96.315 E66.45089
G1 X104.381 Y97.459 E66.48940
G1 X104.549 Y98.085 E66.50480
G1 X103.404 Y99.229 E66.54331
G1 X102.779 Y99.062 E66.55871
G1 X101.635 Y100.206 E66.59722
G1 X101.802 Y100.831 E66.61262
G1 X100.658 Y101.976 E66.65113
G1 X100.032 Y101.808 E66.66653
G1 X98.888 Y102.952 E66.70503
G1 X99.056 Y103.578 E66.72044
G1 X97.911 Y104.722 E66.75894
G1 X97.286 Y104.554 E66.77435
G1 X96.142 Y105.699 E66.81285
G1 X96.309 Y106.324 E66.82826
G1 X95.165 Y107.468 E66.86676
G1 X94.539 Y107.301 E66.88216
G1 X93.910 Y107.931 E66.90336
G1 X93.117 Y107.931 E66.92222
G1 X94.143 Y106.904 E66.95675
G1 X93.976 Y106.279 E66.97215
G1 X95.120 Y105.135 E67.01066
G1 X95.745 Y105.302 E67.02606
G1 X96.890 Y104.158 E67.06457
G1 X96.722 Y103.533 E67.07997
G1 X97.866 Y102.388 E67.11848
G1 X98.492 Y102.556 E67.13388
G1 X99.636 Y101.412 E67.17239
G1 X99.468 Y100.786 E67.18779
G1 X100.613 Y99.642 E67.22629
G1 X101.238 Y99.809 E67.24170
G1 X102.382 Y98.665 E67.28020
G1 X102.215 Y98.040 E67.29561
G1 X103.359 Y96.895 E67.33411
G1 X103.985 Y97.063 E67.34952
G1 X105.129 Y95.919 E67.38802
G1 X104.961 Y95.293 E67.40342
G1 X106.004 Y94.251 E67.43851
G1 X106.003 Y96.443 E67.49068
G1 X105.542 Y93.127 F7800.000
G1 F4800.000
G1 X105.709 Y93.753 E67.50609
G1 X104.565 Y94.897 E67.54459
G1 X103.940 Y94.729 E67.56000
G1 X102.795 Y95.874 E67.59850
G1 X102.963 Y96.499 E67.61390
G1 X101.818 Y97.643 E67.65241
G1 X101.193 Y97.476 E67.66781
G1 X100.049 Y98.620 E67.70632
G1 X100.216 Y99.245 E67.72172
G1 X99.072 Y100.390 E67.76023
G1 X98.447 Y100.222 E67.77563
G1 X97.302 Y101.367 E67.81414
G1 X97.470 Y101.992 E67.82954
G1 X96.326 Y103.136 E67.86805
G1 X95.700 Y102.969 E67.88345
G1 X94.556 Y104.113 E67.92196
G1 X94.723 Y104.738 E67.93736
G1 X93.579 Y105.883 E67.97587
G1 X92.954 Y105.715 E67.99127
G1 X92.069 Y106.600 E68.02103
G1 X92.069 Y105.807 E68.03989
G1 X92.557 Y105.319 E68.05632
G1 X92.390 Y104.694 E68.07172
G1 X93.534 Y103.549 E68.11023
G1 X94.160 Y103.717 E68.12563
G1 X95.304 Y102.572 E68.16414
G1 X95.136 Y101.947 E68.17954
G1 X96.281 Y100.803 E68.21804
G1 X96.906 Y100.970 E68.23345
G1 X98.050 Y99.826 E68.27195
G1 X97.883 Y99.201 E68.28736
G1 X99.027 Y98.056 E68.32586
G1 X99.652 Y98.224 E68.34127
G1 X100.797 Y97.079 E68.37977
G1 X100.629 Y96.454 E68.39517
G1 X101.774 Y95.310 E68.43368
G1 X102.399 Y95.477 E68.44908
G1 X103.543 Y94.333 E68.48759
G1 X103.446 Y93.970 E68.49653
G1 X105.401 Y93.970 E68.54305
G1 X105.400 Y92.476 E68.57860
G1 X105.807 Y92.069 E68.59228
G1 X106.600 Y92.069 E68.61114
G1 X105.542 Y93.127 E68.64674
G1 X107.311 Y92.150 F7800.000
G1 F4800.000
G1 X107.009 Y92.069 E68.65420
G1 X107.393 Y92.069 E68.66333
G1 X107.311 Y92.150 E68.66606
G1 X107.931 Y93.390 F7800.000
G1 F4800.000
G1 X107.658 Y93.390 E68.67256
G1 X107.875 Y93.172 E68.67989
G1 X107.708 Y92.547 E68.69529
G1 X107.931 Y92.324 E68.70279
G1 X107.931 Y93.390 E68.72814
G1 X101.210 Y94.288 F7800.000
G1 F4800.000
G1 X101.377 Y94.913 E68.74355
G1 X100.233 Y96.058 E68.78205
G1 X99.608 Y95.890 E68.79746
G1 X98.463 Y97.035 E68.83596
G1 X98.631 Y97.660 E68.85137
G1 X97.486 Y98.804 E68.88987
G1 X96.861 Y98.637 E68.90527
G1 X95.717 Y99.781 E68.94378
G1 X95.884 Y100.406 E68.95918
G1 X94.740 Y101.551 E68.99769
G1 X94.115 Y101.383 E69.01309
G1 X92.970 Y102.527 E69.05160
G1 X93.138 Y103.153 E69.06700
G1 X92.069 Y104.221 E69.10295
G1 X92.069 Y101.996 E69.15590
G1 X92.574 Y102.131 E69.16833
G1 X93.718 Y100.987 E69.20684
G1 X93.551 Y100.361 E69.22224
G1 X94.695 Y99.217 E69.26075
G1 X95.320 Y99.385 E69.27615
G1 X96.465 Y98.240 E69.31465
G1 X96.297 Y97.615 E69.33006
G1 X97.441 Y96.471 E69.36856
G1 X98.067 Y96.638 E69.38397
G1 X99.211 Y95.494 E69.42247
G1 X99.044 Y94.868 E69.43788
G1 X99.624 Y94.288 E69.45742
G1 X100.501 Y94.288 E69.47827
G1 X100.501 Y93.970 E69.48583
G1 X101.528 Y93.970 E69.51027
G1 X101.210 Y94.288 E69.52097
G1 X98.796 Y93.970 F7800.000
G1 F4800.000
G1 X98.796 Y94.288 E69.52854
G1 X98.831 Y94.288 E69.52938
G1 X98.647 Y94.472 E69.53559
G1 X98.022 Y94.305 E69.55099
G1 X96.878 Y95.449 E69.58949
G1 X97.045 Y96.074 E69.60490
G1 X95.901 Y97.219 E69.64340
G1 X95.275 Y97.051 E69.65881
G1 X94.131 Y98.195 E69.69731
G1 X94.299 Y98.821 E69.71272
G1 X93.154 Y99.965 E69.75122
G1 X92.529 Y99.797 E69.76662
G1 X92.069 Y100.257 E69.78209
G1 X92.069 Y99.464 E69.80095
G1 X92.133 Y99.401 E69.80308
G1 X92.069 Y99.165 E69.80889
G1 X92.069 Y98.671 E69.82064
G1 X93.109 Y97.631 E69.85563
G1 X93.735 Y97.799 E69.87104
G1 X94.879 Y96.655 E69.90954
G1 X94.711 Y96.029 E69.92494
G1 X95.856 Y94.885 E69.96345
G1 X96.481 Y95.052 E69.97885
G1 X97.564 Y93.970 E70.01528
G1 X98.796 Y93.970 E70.04460
G1 X93.881 Y93.970 F7800.000
G1 F4800.000
G1 X95.320 Y93.970 E70.07884
G1 X95.459 Y94.488 E70.09162
G1 X94.315 Y95.633 E70.13012
G1 X93.690 Y95.465 E70.14553
G1 X92.545 Y96.610 E70.18403
G1 X92.713 Y97.235 E70.19943
G1 X92.069 Y97.879 E70.22109
G1 X92.069 Y96.192 E70.26122
G1 X92.149 Y96.213 E70.26318
G1 X93.293 Y95.069 E70.30169
G1 X93.126 Y94.444 E70.31709
G1 X93.881 Y93.688 E70.34252
G1 X93.881 Y93.970 E70.34923
G1 X93.882 Y92.102 F7800.000
G1 F4800.000
G1 X93.706 Y92.278 E70.35515
G1 X93.874 Y92.903 E70.37055
G1 X92.729 Y94.047 E70.40906
G1 X92.104 Y93.880 E70.42446
G1 X92.069 Y93.914 E70.42563
G1 X92.069 Y92.329 E70.46336
G1 X92.329 Y92.069 E70.47208
G1 X93.882 Y92.069 E70.50905
G1 X93.882 Y92.102 E70.50981
G1 X92.558 Y107.931 F7800.000
G1 F4800.000
G1 X92.324 Y107.931 E70.51537
G1 X92.373 Y107.881 E70.51703
G1 X92.558 Y107.931 E70.52157
G1 X107.931 Y107.388 F7800.000
G1 F4800.000
G1 X107.388 Y107.931 E70.53983
G1 X105.802 Y107.931 E70.57756
G1 X105.979 Y107.754 E70.58350
G1 X105.811 Y107.129 E70.59890
G1 X106.955 Y105.985 E70.63741
G1 X107.581 Y106.152 E70.65281
G1 X107.931 Y105.802 E70.66458
G1 X107.931 Y107.388 E70.70231
G1 X99.648 Y93.690 F7800.000
G1 F1200.000
G1 X99.648 Y91.789 E70.73815
M106 S239.7
G1 Z16.350 F7800.000
G1 X106.598 Y105.215 F7800.000
G1 F3600.000
G1 X108.529 Y105.218 E70.79024
G1 X108.529 Y108.529 E70.87956
G1 X91.471 Y108.529 E71.33971
G1 X91.471 Y91.471 E71.79986
G1 X94.312 Y91.471 E71.87649
G1 X94.311 Y93.372 E71.92777
G1 X98.907 Y93.372 E72.05175
G1 X98.908 Y91.471 E72.10302
G1 X100.409 Y91.471 E72.14352
G1 X100.410 Y93.372 E72.19480
G1 X104.994 Y93.372 E72.31847
G1 X104.993 Y91.471 E72.36975
G1 X108.529 Y91.471 E72.46512
G1 X108.529 Y93.808 E72.52817
G1 X106.603 Y93.809 E72.58012
G1 X106.601 Y98.481 E72.70616
G1 X108.529 Y98.480 E72.75817
G1 X108.529 Y100.565 E72.81441
G1 X106.600 Y100.563 E72.86644
G1 X106.598 Y105.140 E72.98992
G1 X107.234 Y104.580 F7800.000
G1 F3600.000
G1 X109.164 Y104.583 E73.04200
G1 X109.164 Y109.164 E73.16559
G1 X90.836 Y109.164 E73.66004
G1 X90.836 Y90.836 E74.15449
G1 X94.948 Y90.836 E74.26542
G1 X94.947 Y92.736 E74.31670
G1 X98.271 Y92.736 E74.40638
G1 X98.272 Y90.836 E74.45766
G1 X101.044 Y90.836 E74.53243
G1 X101.045 Y92.736 E74.58371
G1 X104.358 Y92.736 E74.67309
G1 X104.357 Y90.836 E74.72437
G1 X109.164 Y90.836 E74.85404
G1 X109.164 Y94.444 E74.95137
G1 X107.238 Y94.444 E75.00333
G1 X107.237 Y97.845 E75.09508
G1 X109.164 Y97.845 E75.14707
G1 X109.164 Y101.202 E75.23765
G1 X107.235 Y101.199 E75.28969
G1 X107.234 Y104.505 E75.37887
G1 X107.795 Y104.021 F7800.000
G1 F1800.000
G1 X109.725 Y104.023 E75.41866
G1 X109.725 Y109.725 E75.53617
G1 X90.275 Y109.725 E75.93704
G1 X90.275 Y90.275 E76.33791
G1 X95.509 Y90.275 E76.44578
G1 X95.508 Y92.176 E76.48496
G1 X97.711 Y92.176 E76.53037
G1 X97.712 Y90.275 E76.56954
G1 X101.604 Y90.275 E76.64977
G1 X101.605 Y92.176 E76.68895
G1 X103.797 Y92.176 E76.73413
G1 X103.796 Y90.275 E76.77330
G1 X109.725 Y90.275 E76.89549
G1 X109.725 Y95.004 E76.99295
G1 X107.799 Y95.005 E77.03266
G1 X107.798 Y97.285 E77.07964
G1 X109.725 Y97.284 E77.11937
G1 X109.725 Y101.763 E77.21169
G1 X107.796 Y101.761 E77.25146
G1 X107.795 Y103.946 E77.29649
G1 X107.677 Y104.507 F7800.000
G1 X106.285 Y93.591 F7800.000
G1 F1200.000
G1 X105.312 Y93.591 E77.30202
G1 X105.476 Y92.354 F7800.000
G1 F1200.000
G1 X105.382 Y92.354 E77.30505
G1 X105.382 Y92.448 E77.30808
G1 X105.970 Y91.860 E77.33501
G1 X107.049 Y91.860 E77.36993
G1 X105.805 Y93.103 E77.42686
G1 X106.673 Y93.103 E77.45496
G1 X106.674 Y93.314 E77.46178
G1 X108.140 Y91.860 E77.52864
G1 X108.140 Y92.926 E77.56315
G1 X107.646 Y93.420 E77.58579
G1 X99.658 Y93.690 F7800.000
G1 F1200.000
G1 X99.658 Y91.789 E77.65057
G1 X98.627 Y93.970 F7800.000
G1 F4800.000
G1 X98.627 Y94.288 E77.65813
G1 X99.228 Y94.288 E77.67243
G1 X99.189 Y94.327 E77.67374
G1 X99.608 Y95.890 E77.71225
G1 X100.233 Y96.058 E77.72765
G1 X100.652 Y97.621 E77.76616
G1 X100.194 Y98.079 E77.78156
G1 X100.613 Y99.642 E77.82007
G1 X101.238 Y99.809 E77.83547
G1 X101.657 Y101.373 E77.87398
G1 X101.199 Y101.830 E77.88938
G1 X101.618 Y103.394 E77.92789
G1 X102.243 Y103.561 E77.94329
G1 X102.662 Y105.124 E77.98180
G1 X102.204 Y105.582 E77.99720
G1 X102.623 Y107.145 E78.03570
G1 X103.249 Y107.313 E78.05111
G1 X103.414 Y107.931 E78.06632
G1 X101.673 Y107.931 E78.10775
G1 X101.624 Y107.748 E78.11225
G1 X102.082 Y107.290 E78.12765
G1 X101.663 Y105.727 E78.16616
G1 X101.038 Y105.560 E78.18156
G1 X100.619 Y103.996 E78.22007
G1 X101.077 Y103.539 E78.23547
G1 X100.658 Y101.976 E78.27397
G1 X100.032 Y101.808 E78.28938
G1 X99.614 Y100.245 E78.32788
G1 X100.071 Y99.787 E78.34329
G1 X99.652 Y98.224 E78.38179
G1 X99.027 Y98.056 E78.39720
G1 X98.608 Y96.493 E78.43570
G1 X99.066 Y96.035 E78.45110
G1 X98.647 Y94.472 E78.48961
G1 X98.022 Y94.305 E78.50501
G1 X97.932 Y93.970 E78.51325
G1 X98.627 Y93.970 E78.52977
G1 X97.352 Y93.970 F7800.000
G1 F4800.000
G1 X97.480 Y94.450 E78.54158
G1 X97.023 Y94.907 E78.55698
G1 X97.441 Y96.471 E78.59549
G1 X98.067 Y96.638 E78.61089
G1 X98.486 Y98.201 E78.64940
G1 X98.028 Y98.659 E78.66480
G1 X98.447 Y100.222 E78.70330
G1 X99.072 Y100.390 E78.71871
G1 X99.491 Y101.953 E78.75721
G1 X99.033 Y102.411 E78.77262
G1 X99.452 Y103.974 E78.81112
G1 X100.077 Y104.142 E78.82653
G1 X100.496 Y105.705 E78.86503
G1 X100.038 Y106.163 E78.88043
G1 X100.457 Y107.726 E78.91894
G1 X101.083 Y107.893 E78.93434
G1 X101.093 Y107.931 E78.93526
G1 X99.856 Y107.931 E78.96469
G1 X99.916 Y107.871 E78.96670
G1 X99.497 Y106.308 E79.00520
G1 X98.872 Y106.140 E79.02061
G1 X98.453 Y104.577 E79.05911
G1 X98.911 Y104.119 E79.07452
G1 X98.492 Y102.556 E79.11302
G1 X97.866 Y102.388 E79.12843
G1 X97.447 Y100.825 E79.16693
G1 X97.905 Y100.367 E79.18233
G1 X97.486 Y98.804 E79.22084
G1 X96.861 Y98.637 E79.23624
G1 X96.442 Y97.073 E79.27475
G1 X96.900 Y96.616 E79.29015
G1 X96.481 Y95.052 E79.32866
G1 X95.856 Y94.885 E79.34406
G1 X95.611 Y93.970 E79.36659
G1 X97.352 Y93.970 E79.40802
G1 X93.713 Y93.970 F7800.000
G1 F4800.000
G1 X95.030 Y93.970 E79.43938
G1 X95.314 Y95.030 E79.46548
G1 X94.857 Y95.488 E79.48089
G1 X95.275 Y97.051 E79.51939
G1 X95.901 Y97.219 E79.53479
G1 X96.320 Y98.782 E79.57330
G1 X95.862 Y99.239 E79.58870
G1 X96.281 Y100.803 E79.62721
G1 X96.906 Y100.970 E79.64261
G1 X97.325 Y102.533 E79.68112
G1 X96.867 Y102.991 E79.69652
G1 X97.286 Y104.554 E79.73503
G1 X97.911 Y104.722 E79.75043
G1 X98.330 Y106.285 E79.78894
G1 X97.872 Y106.743 E79.80434
G1 X98.191 Y107.931 E79.83360
G1 X97.610 Y107.931 E79.84741
G1 X97.331 Y106.888 E79.87309
G1 X96.706 Y106.720 E79.88849
G1 X96.287 Y105.157 E79.92700
G1 X96.744 Y104.700 E79.94240
G1 X96.326 Y103.136 E79.98091
G1 X95.700 Y102.969 E79.99631
G1 X95.281 Y101.406 E80.03482
G1 X95.739 Y100.948 E80.05022
G1 X95.320 Y99.385 E80.08872
G1 X94.695 Y99.217 E80.10413
G1 X94.276 Y97.654 E80.14263
G1 X94.734 Y97.196 E80.15804
G1 X94.315 Y95.633 E80.19654
G1 X93.690 Y95.465 E80.21195
G1 X93.271 Y93.902 E80.25045
G1 X93.713 Y93.460 E80.26532
G1 X93.713 Y93.970 E80.27746
G1 X93.713 Y93.386 F7800.000
G1 F4800.000
G1 X93.360 Y92.069 E80.30988
G1 X93.713 Y92.069 E80.31829
G1 X93.713 Y93.386 E80.34961
G1 X92.104 Y93.880 F7800.000
G1 F4800.000
G1 X92.729 Y94.047 E80.36501
G1 X93.148 Y95.610 E80.40352
G1 X92.690 Y96.068 E80.41892
G1 X93.109 Y97.631 E80.45743
G1 X93.735 Y97.799 E80.47283
G1 X94.153 Y99.362 E80.51133
G1 X93.696 Y99.820 E80.52674
G1 X94.115 Y101.383 E80.56524
G1 X94.740 Y101.551 E80.58065
G1 X95.159 Y103.114 E80.61915
G1 X94.701 Y103.572 E80.63456
G1 X95.120 Y105.135 E80.67306
G1 X95.745 Y105.302 E80.68846
G1 X96.164 Y106.866 E80.72697
G1 X95.706 Y107.323 E80.74237
G1 X95.869 Y107.931 E80.75733
G1 X95.289 Y107.931 E80.77114
G1 X95.165 Y107.468 E80.78253
G1 X94.539 Y107.301 E80.79793
G1 X94.121 Y105.738 E80.83644
G1 X94.578 Y105.280 E80.85184
G1 X94.160 Y103.717 E80.89035
G1 X93.534 Y103.549 E80.90575
G1 X93.115 Y101.986 E80.94426
G1 X93.573 Y101.528 E80.95966
G1 X93.154 Y99.965 E80.99816
G1 X92.529 Y99.797 E81.01357
G1 X92.110 Y98.234 E81.05207
G1 X92.568 Y97.776 E81.06748
G1 X92.149 Y96.213 E81.10598
G1 X92.069 Y96.192 E81.10794
G1 X92.069 Y93.750 E81.16604
G1 X92.104 Y93.880 E81.16924
G1 X92.574 Y102.131 F7800.000
G1 F4800.000
G1 X92.993 Y103.694 E81.20774
G1 X92.535 Y104.152 E81.22315
G1 X92.954 Y105.715 E81.26165
G1 X93.579 Y105.883 E81.27705
G1 X93.998 Y107.446 E81.31556
G1 X93.540 Y107.904 E81.33096
G1 X93.547 Y107.931 E81.33163
G1 X92.558 Y107.931 E81.35518
G1 X92.373 Y107.881 E81.35972
G1 X92.069 Y106.746 E81.38767
G1 X92.069 Y106.203 E81.40059
G1 X92.412 Y105.860 E81.41213
G1 X92.069 Y104.580 E81.44366
G1 X92.069 Y101.996 E81.50516
G1 X92.574 Y102.131 E81.51758
G1 X101.774 Y95.310 F7800.000
G1 F4800.000
G1 X102.399 Y95.477 E81.53299
G1 X102.818 Y97.041 E81.57149
G1 X102.360 Y97.498 E81.58690
G1 X102.779 Y99.062 E81.62540
G1 X103.404 Y99.229 E81.64080
G1 X103.823 Y100.792 E81.67931
G1 X103.365 Y101.250 E81.69471
G1 X103.784 Y102.813 E81.73322
G1 X104.409 Y102.981 E81.74862
G1 X104.828 Y104.544 E81.78713
G1 X104.371 Y105.002 E81.80253
G1 X104.789 Y106.565 E81.84104
G1 X105.415 Y106.733 E81.85644
G1 X105.736 Y107.931 E81.88595
G1 X103.995 Y107.931 E81.92738
G1 X103.790 Y107.168 E81.94617
G1 X104.248 Y106.710 E81.96158
G1 X103.829 Y105.147 E82.00008
G1 X103.204 Y104.979 E82.01549
G1 X102.785 Y103.416 E82.05399
G1 X103.243 Y102.958 E82.06939
G1 X102.824 Y101.395 E82.10790
G1 X102.198 Y101.228 E82.12330
G1 X101.780 Y99.664 E82.16181
G1 X102.237 Y99.207 E82.17721
G1 X101.818 Y97.643 E82.21572
G1 X101.193 Y97.476 E82.23112
G1 X100.774 Y95.913 E82.26963
G1 X101.232 Y95.455 E82.28503
G1 X100.834 Y93.970 E82.32160
G1 X101.415 Y93.970 E82.33541
G1 X101.774 Y95.310 E82.36841
G1 X103.940 Y94.729 F7800.000
G1 F4800.000
G1 X104.565 Y94.897 E82.38381
G1 X104.984 Y96.460 E82.42232
G1 X104.526 Y96.918 E82.43772
G1 X104.945 Y98.481 E82.47623
G1 X105.570 Y98.649 E82.49163
G1 X105.989 Y100.212 E82.53014
G1 X105.531 Y100.670 E82.54554
G1 X105.950 Y102.233 E82.58405
G1 X106.001 Y102.246 E82.58530
G1 X106.000 Y104.585 E82.64094
G1 X105.995 Y104.566 E82.64140
G1 X105.370 Y104.399 E82.65680
G1 X104.951 Y102.836 E82.69531
G1 X105.409 Y102.378 E82.71071
G1 X104.990 Y100.815 E82.74922
G1 X104.365 Y100.647 E82.76462
G1 X103.946 Y99.084 E82.80313
G1 X104.403 Y98.626 E82.81853
G1 X103.985 Y97.063 E82.85704
G1 X103.359 Y96.895 E82.87244
G1 X102.940 Y95.332 E82.91095
G1 X103.398 Y94.874 E82.92635
G1 X103.156 Y93.970 E82.94863
G1 X103.736 Y93.970 E82.96244
G1 X103.940 Y94.729 E82.98114
G1 X106.004 Y96.443 F7800.000
G1 F4800.000
G1 X105.525 Y96.315 E82.99292
G1 X105.106 Y94.752 E83.03143
G1 X105.563 Y94.288 E83.04690
G1 X106.005 Y94.288 E83.05742
G1 X106.004 Y96.443 E83.10870
G1 X107.931 Y99.856 F7800.000
G1 F4800.000
G1 X107.820 Y99.966 E83.11242
G1 X106.503 Y99.965 E83.14375
G1 X106.266 Y99.080 E83.16556
G1 X107.931 Y99.079 E83.20516
G1 X107.931 Y99.856 E83.22365
G1 X106.910 Y105.814 F7800.000
G1 F4800.000
G1 X106.955 Y105.985 E83.22786
G1 X107.581 Y106.152 E83.24326
G1 X107.931 Y107.458 E83.27543
G1 X107.931 Y107.784 E83.28320
G1 X107.784 Y107.931 E83.28812
G1 X106.316 Y107.931 E83.32305
G1 X105.956 Y106.587 E83.35614
G1 X106.414 Y106.130 E83.37154
G1 X106.329 Y105.813 E83.37934
G1 X106.910 Y105.814 E83.39316
G1 Z16.650 F7800.000
G1 X106.598 Y105.385 F7800.000
G1 F3600.000
G1 X108.529 Y105.388 E83.44523
G1 X108.529 Y108.529 E83.52997
G1 X91.471 Y108.529 E83.99012
G1 X91.471 Y91.471 E84.45027
G1 X94.143 Y91.471 E84.52235
G1 X94.142 Y93.372 E84.57364
G1 X98.737 Y93.372 E84.69759
G1 X98.738 Y91.471 E84.74888
G1 X100.598 Y91.471 E84.79906
G1 X100.599 Y93.372 E84.85034
G1 X105.186 Y93.372 E84.97408
G1 X105.185 Y91.471 E85.02536
G1 X108.529 Y91.471 E85.11556
G1 X108.529 Y93.629 E85.17377
G1 X106.604 Y93.630 E85.22570
G1 X106.601 Y98.306 E85.35185
G1 X108.529 Y98.305 E85.40384
G1 X108.529 Y100.732 E85.46932
G1 X106.600 Y100.730 E85.52134
G1 X106.598 Y105.310 E85.64491
G1 X107.234 Y104.750 F7800.000
G1 F3600.000
G1 X109.164 Y104.753 E85.69698
G1 X109.164 Y109.164 E85.81598
G1 X90.836 Y109.164 E86.31043
G1 X90.836 Y90.836 E86.80487
G1 X94.779 Y90.836 E86.91125
G1 X94.778 Y92.737 E86.96254
G1 X98.102 Y92.737 E87.05220
G1 X98.103 Y90.836 E87.10348
G1 X101.234 Y90.836 E87.18794
G1 X101.235 Y92.737 E87.23922
G1 X104.550 Y92.737 E87.32867
G1 X104.549 Y90.836 E87.37995
G1 X109.164 Y90.836 E87.50446
G1 X109.164 Y94.264 E87.59695
G1 X107.239 Y94.265 E87.64889
G1 X107.237 Y97.670 E87.74074
G1 X109.164 Y97.669 E87.79273
G1 X109.164 Y101.369 E87.89253
G1 X107.236 Y101.366 E87.94456
G1 X107.234 Y104.675 E88.03383
G1 X107.795 Y104.191 F7800.000
G1 F1800.000
G1 X109.725 Y104.193 E88.07361
G1 X109.725 Y109.725 E88.18762
G1 X90.275 Y109.725 E88.58849
G1 X90.275 Y90.275 E88.98936
G1 X95.340 Y90.275 E89.09375
G1 X95.339 Y92.176 E89.13294
G1 X97.542 Y92.176 E89.17833
G1 X97.542 Y90.275 E89.21751
G1 X101.794 Y90.275 E89.30513
G1 X101.795 Y92.176 E89.34432
G1 X103.989 Y92.176 E89.38954
G1 X103.988 Y90.275 E89.42872
G1 X109.725 Y90.275 E89.54696
G1 X109.725 Y94.824 E89.64073
G1 X107.799 Y94.825 E89.68042
G1 X107.798 Y97.109 E89.72749
G1 X109.725 Y97.108 E89.76720
G1 X109.725 Y101.930 E89.86658
G1 X107.796 Y101.928 E89.90633
G1 X107.795 Y104.116 E89.95143
G1 X107.678 Y104.677 F7800.000
G1 X106.286 Y93.501 F7800.000
G1 F1200.000
G1 X105.504 Y93.501 E89.96183
G1 X105.574 Y91.945 F7800.000
G1 F1200.000
G1 X106.553 Y92.924 E90.00663
G1 X107.168 Y92.924 E90.02657
G1 X107.168 Y93.241 E90.03685
G1 X107.948 Y93.241 E90.06210
G1 X106.567 Y91.860 E90.12533
G1 X107.646 Y91.860 E90.16025
G1 X108.140 Y92.354 E90.18289
G1 X103.543 Y94.333 F7800.000
G1 F4800.000
G1 X105.106 Y94.752 E90.22139
G1 X105.564 Y94.294 E90.23679
G1 X106.005 Y94.412 E90.24765
G1 X106.004 Y96.153 E90.28908
G1 X105.129 Y95.919 E90.31064
G1 X104.961 Y95.293 E90.32604
G1 X103.398 Y94.874 E90.36455
G1 X102.940 Y95.332 E90.37995
G1 X101.377 Y94.913 E90.41846
G1 X101.210 Y94.288 E90.43386
G1 X100.024 Y93.970 E90.46306
G1 X103.446 Y93.970 E90.54449
G1 X103.543 Y94.333 E90.55342
G1 X99.624 Y92.702 F7800.000
G1 F4800.000
G1 X99.792 Y93.328 E90.56882
G1 X100.001 Y93.384 E90.57398
G1 X100.001 Y93.964 E90.58779
G1 X99.646 Y93.869 E90.59654
G1 X99.189 Y94.327 E90.61194
G1 X97.858 Y93.970 E90.64472
G1 X99.335 Y93.970 E90.67986
G1 X99.336 Y92.625 E90.71187
G1 X99.624 Y92.702 E90.71897
G1 X99.769 Y92.161 F7800.000
G1 F4800.000
G1 X99.427 Y92.069 E90.72739
G1 X99.861 Y92.069 E90.73769
G1 X99.769 Y92.161 E90.74077
G1 X93.545 Y92.234 F7800.000
G1 F4800.000
G1 X92.929 Y92.069 E90.75593
G1 X93.545 Y92.069 E90.77058
G1 X93.545 Y92.234 E90.77450
G1 X93.271 Y93.902 F7800.000
G1 F4800.000
G1 X93.544 Y93.629 E90.78370
G1 X93.544 Y93.970 E90.79182
G1 X95.321 Y93.970 E90.83409
G1 X95.459 Y94.488 E90.84686
G1 X97.023 Y94.907 E90.88536
G1 X97.480 Y94.450 E90.90077
G1 X99.044 Y94.868 E90.93927
G1 X99.211 Y95.494 E90.95467
G1 X100.774 Y95.913 E90.99318
G1 X101.232 Y95.455 E91.00858
G1 X102.795 Y95.874 E91.04709
G1 X102.963 Y96.499 E91.06249
G1 X104.526 Y96.918 E91.10100
G1 X104.984 Y96.460 E91.11640
G1 X106.004 Y96.734 E91.14153
G1 X106.003 Y98.474 E91.18296
G1 X104.549 Y98.085 E91.21879
G1 X104.381 Y97.459 E91.23419
G1 X102.818 Y97.041 E91.27270
G1 X102.360 Y97.498 E91.28810
G1 X100.797 Y97.079 E91.32661
G1 X100.629 Y96.454 E91.34201
G1 X99.066 Y96.035 E91.38052
G1 X98.608 Y96.493 E91.39592
G1 X97.045 Y96.074 E91.43443
G1 X96.878 Y95.449 E91.44983
G1 X95.314 Y95.030 E91.48834
G1 X94.857 Y95.488 E91.50374
G1 X93.293 Y95.069 E91.54225
G1 X93.126 Y94.444 E91.55765
G1 X92.069 Y94.161 E91.58367
G1 X92.069 Y93.580 E91.59748
G1 X93.271 Y93.902 E91.62708
G1 X94.711 Y96.029 F7800.000
G1 F4800.000
G1 X94.879 Y96.655 E91.64248
G1 X96.442 Y97.073 E91.68099
G1 X96.900 Y96.616 E91.69639
G1 X98.463 Y97.035 E91.73490
G1 X98.631 Y97.660 E91.75030
G1 X100.194 Y98.079 E91.78880
G1 X100.652 Y97.621 E91.80421
G1 X102.215 Y98.040 E91.84271
G1 X102.382 Y98.665 E91.85812
G1 X103.946 Y99.084 E91.89662
G1 X104.403 Y98.626 E91.91203
G1 X105.967 Y99.045 E91.95053
G1 X106.134 Y99.670 E91.96593
G1 X107.697 Y100.089 E92.00444
G1 X107.931 Y99.856 E92.01229
G1 X107.931 Y100.133 E92.01889
G1 X106.003 Y100.131 E92.06477
G1 X106.002 Y100.215 E92.06678
G1 X105.531 Y100.670 E92.08235
G1 X103.968 Y100.251 E92.12086
G1 X103.801 Y99.625 E92.13626
G1 X102.237 Y99.207 E92.17476
G1 X101.780 Y99.664 E92.19017
G1 X100.216 Y99.245 E92.22867
G1 X100.049 Y98.620 E92.24408
G1 X98.486 Y98.201 E92.28258
G1 X98.028 Y98.659 E92.29799
G1 X96.465 Y98.240 E92.33649
G1 X96.297 Y97.615 E92.35189
G1 X94.734 Y97.196 E92.39040
G1 X94.276 Y97.654 E92.40580
G1 X92.713 Y97.235 E92.44431
G1 X92.545 Y96.610 E92.45971
G1 X92.069 Y96.482 E92.47144
G1 X92.069 Y95.902 E92.48525
G1 X92.690 Y96.068 E92.50055
G1 X93.148 Y95.610 E92.51595
G1 X94.711 Y96.029 E92.55446
G1 X94.131 Y98.195 F7800.000
G1 F4800.000
G1 X94.299 Y98.821 E92.56986
G1 X95.862 Y99.239 E92.60837
G1 X96.320 Y98.782 E92.62377
G1 X97.883 Y99.201 E92.66228
G1 X98.050 Y99.826 E92.67768
G1 X99.614 Y100.245 E92.71618
G1 X100.071 Y99.787 E92.73159
G1 X101.635 Y100.206 E92.77009
G1 X101.802 Y100.831 E92.78550
G1 X103.365 Y101.250 E92.82400
G1 X103.823 Y100.792 E92.83941
G1 X105.386 Y101.211 E92.87791
G1 X105.554 Y101.836 E92.89331
G1 X106.002 Y101.956 E92.90435
G1 X106.001 Y102.537 E92.91816
G1 X105.409 Y102.378 E92.93276
G1 X104.951 Y102.836 E92.94816
G1 X103.388 Y102.417 E92.98667
G1 X103.220 Y101.792 E93.00207
G1 X101.657 Y101.373 E93.04058
G1 X101.199 Y101.830 E93.05598
G1 X99.636 Y101.412 E93.09448
G1 X99.468 Y100.786 E93.10989
G1 X97.905 Y100.367 E93.14839
G1 X97.447 Y100.825 E93.16380
G1 X95.884 Y100.406 E93.20230
G1 X95.717 Y99.781 E93.21771
G1 X94.153 Y99.362 E93.25621
G1 X93.696 Y99.820 E93.27161
G1 X92.133 Y99.401 E93.31012
G1 X92.069 Y99.165 E93.31593
G1 X92.069 Y98.223 E93.33834
G1 X92.110 Y98.234 E93.33934
G1 X92.568 Y97.776 E93.35475
G1 X94.131 Y98.195 E93.39325
G1 X93.551 Y100.361 F7800.000
G1 F4800.000
G1 X93.718 Y100.987 E93.40866
G1 X95.281 Y101.406 E93.44716
G1 X95.739 Y100.948 E93.46257
G1 X97.302 Y101.367 E93.50107
G1 X97.470 Y101.992 E93.51647
G1 X99.033 Y102.411 E93.55498
G1 X99.491 Y101.953 E93.57038
G1 X101.054 Y102.372 E93.60889
G1 X101.222 Y102.997 E93.62429
G1 X102.785 Y103.416 E93.66280
G1 X103.243 Y102.958 E93.67820
G1 X104.806 Y103.377 E93.71671
G1 X104.973 Y104.002 E93.73211
G1 X106.001 Y104.278 E93.75742
G1 X106.000 Y104.858 E93.77122
G1 X104.828 Y104.544 E93.80010
G1 X104.371 Y105.002 E93.81550
G1 X102.807 Y104.583 E93.85401
G1 X102.640 Y103.958 E93.86941
G1 X101.077 Y103.539 E93.90791
G1 X100.619 Y103.996 E93.92332
G1 X99.056 Y103.578 E93.96182
G1 X98.888 Y102.952 E93.97723
G1 X97.325 Y102.533 E94.01573
G1 X96.867 Y102.991 E94.03114
G1 X95.304 Y102.572 E94.06964
G1 X95.136 Y101.947 E94.08504
G1 X93.573 Y101.528 E94.12355
G1 X93.115 Y101.986 E94.13895
G1 X92.069 Y101.706 E94.16472
G1 X92.069 Y99.964 E94.20615
G1 X93.551 Y100.361 E94.24264
G1 X92.970 Y102.527 F7800.000
G1 F4800.000
G1 X93.138 Y103.153 E94.25804
G1 X94.701 Y103.572 E94.29655
G1 X95.159 Y103.114 E94.31195
G1 X96.722 Y103.533 E94.35046
G1 X96.890 Y104.158 E94.36586
G1 X98.453 Y104.577 E94.40436
G1 X98.911 Y104.119 E94.41977
G1 X100.474 Y104.538 E94.45827
G1 X100.641 Y105.163 E94.47368
G1 X102.204 Y105.582 E94.51218
G1 X102.662 Y105.124 E94.52759
G1 X104.225 Y105.543 E94.56609
G1 X104.393 Y106.169 E94.58149
G1 X105.956 Y106.587 E94.62000
G1 X106.414 Y106.130 E94.63540
G1 X107.931 Y106.536 E94.67276
G1 X107.931 Y107.784 E94.70246
G1 X107.784 Y107.931 E94.70739
G1 X106.637 Y107.931 E94.73468
G1 X105.979 Y107.754 E94.75090
G1 X105.811 Y107.129 E94.76631
G1 X104.248 Y106.710 E94.80481
G1 X103.790 Y107.168 E94.82021
G1 X102.227 Y106.749 E94.85872
G1 X102.059 Y106.124 E94.87412
G1 X100.496 Y105.705 E94.91263
G1 X100.038 Y106.163 E94.92803
G1 X98.475 Y105.744 E94.96654
G1 X98.308 Y105.118 E94.98194
G1 X96.744 Y104.700 E95.02045
G1 X96.287 Y105.157 E95.03585
G1 X94.723 Y104.738 E95.07436
G1 X94.556 Y104.113 E95.08976
G1 X92.993 Y103.694 E95.12827
G1 X92.535 Y104.152 E95.14367
G1 X92.069 Y104.027 E95.15514
G1 X92.069 Y102.286 E95.19657
G1 X92.970 Y102.527 E95.21876
G1 X92.390 Y104.694 F7800.000
G1 F4800.000
G1 X92.557 Y105.319 E95.23416
G1 X94.121 Y105.738 E95.27267
G1 X94.578 Y105.280 E95.28807
G1 X96.142 Y105.699 E95.32658
G1 X96.309 Y106.324 E95.34198
G1 X97.872 Y106.743 E95.38049
G1 X98.330 Y106.285 E95.39589
G1 X99.893 Y106.704 E95.43440
G1 X100.061 Y107.329 E95.44980
G1 X101.624 Y107.748 E95.48831
G1 X102.082 Y107.290 E95.50371
G1 X103.645 Y107.709 E95.54221
G1 X103.704 Y107.931 E95.54767
G1 X100.139 Y107.931 E95.63250
G1 X99.916 Y107.871 E95.63800
G1 X99.856 Y107.931 E95.64001
G1 X97.973 Y107.931 E95.68482
G1 X97.895 Y107.910 E95.68674
G1 X97.727 Y107.284 E95.70214
G1 X96.164 Y106.866 E95.74065
G1 X95.706 Y107.323 E95.75605
G1 X94.143 Y106.904 E95.79456
G1 X93.976 Y106.279 E95.80996
G1 X92.412 Y105.860 E95.84846
G1 X92.069 Y106.203 E95.86000
G1 X92.069 Y104.608 E95.89797
G1 X92.390 Y104.694 E95.90587
G1 X95.561 Y107.865 F7800.000
G1 F4800.000
G1 X95.579 Y107.931 E95.90749
G1 X92.069 Y107.931 E95.99099
G1 X92.069 Y107.510 E96.00101
G1 X93.540 Y107.904 E96.03724
G1 X93.998 Y107.446 E96.05264
G1 X95.561 Y107.865 E96.09115
M106 S242.25
G1 Z16.950 F7800.000
G1 X106.599 Y105.555 F7800.000
G1 F3600.000
G1 X108.529 Y105.558 E96.14322
G1 X108.529 Y108.529 E96.22336
G1 X91.471 Y108.529 E96.68352
G1 X91.471 Y91.471 E97.14367
G1 X93.974 Y91.471 E97.21120
G1 X93.974 Y93.373 E97.26249
G1 X98.568 Y93.373 E97.38642
G1 X98.569 Y91.471 E97.43771
G1 X100.788 Y91.471 E97.49757
G1 X100.789 Y93.373 E97.54886
G1 X105.378 Y93.373 E97.67267
G1 X105.377 Y91.471 E97.72396
G1 X108.529 Y91.471 E97.80898
G1 X108.529 Y93.449 E97.86235
G1 X106.604 Y93.450 E97.91427
G1 X106.602 Y98.130 E98.04052
G1 X108.529 Y98.130 E98.09250
G1 X108.529 Y100.899 E98.16721
G1 X106.601 Y100.897 E98.21923
G1 X106.599 Y105.480 E98.34288
G1 X107.235 Y104.920 F7800.000
G1 F3600.000
G1 X109.164 Y104.923 E98.39493
G1 X109.164 Y109.164 E98.50935
G1 X90.836 Y109.164 E99.00380
G1 X90.836 Y90.836 E99.49825
G1 X94.610 Y90.836 E99.60008
G1 X94.610 Y92.737 E99.65137
G1 X97.932 Y92.737 E99.74101
G1 X97.933 Y90.836 E99.79230
G1 X101.423 Y90.836 E99.88643
G1 X101.424 Y92.737 E99.93773
G1 X104.742 Y92.737 E100.02723
G1 X104.741 Y90.836 E100.07852
G1 X109.164 Y90.836 E100.19786
G1 X109.164 Y94.085 E100.28550
G1 X107.239 Y94.086 E100.33743
G1 X107.238 Y97.495 E100.42940
G1 X109.164 Y97.494 E100.48137
G1 X109.164 Y101.536 E100.59040
G1 X107.236 Y101.533 E100.64242
G1 X107.235 Y104.845 E100.73178
G1 X107.795 Y104.361 F7800.000
G1 F1800.000
G1 X109.725 Y104.363 E100.77154
G1 X109.725 Y109.725 E100.88206
G1 X90.275 Y109.725 E101.28293
G1 X90.275 Y90.275 E101.68380
G1 X95.171 Y90.275 E101.78471
G1 X95.170 Y92.176 E101.82390
G1 X97.372 Y92.176 E101.86928
G1 X97.373 Y90.275 E101.90846
G1 X101.983 Y90.275 E102.00348
G1 X101.984 Y92.176 E102.04267
G1 X104.181 Y92.176 E102.08794
G1 X104.180 Y90.275 E102.12713
G1 X109.725 Y90.275 E102.24142
G1 X109.725 Y94.645 E102.33148
G1 X107.800 Y94.646 E102.37116
G1 X107.799 Y96.934 E102.41831
G1 X109.725 Y96.933 E102.45801
G1 X109.725 Y102.097 E102.56445
G1 X107.796 Y102.094 E102.60420
G1 X107.795 Y104.286 E102.64936
G1 X107.678 Y104.847 F7800.000
G1 X105.995 Y104.566 F7800.000
G1 F4800.000
G1 X106.000 Y106.147 E102.68696
G1 X105.415 Y106.733 E102.70667
G1 X104.789 Y106.565 E102.72207
G1 X103.645 Y107.709 E102.76058
G1 X103.704 Y107.931 E102.76603
G1 X101.838 Y107.931 E102.81043
G1 X102.623 Y107.145 E102.83686
G1 X103.249 Y107.313 E102.85226
G1 X104.393 Y106.169 E102.89076
G1 X104.225 Y105.543 E102.90617
G1 X105.370 Y104.399 E102.94467
G1 X105.995 Y104.566 E102.96008
G1 X106.002 Y102.247 F7800.000
G1 F4800.000
G1 X105.950 Y102.233 E102.96135
G1 X104.806 Y103.377 E102.99986
G1 X104.973 Y104.003 E103.01526
G1 X103.829 Y105.147 E103.05377
G1 X103.204 Y104.979 E103.06917
G1 X102.059 Y106.124 E103.10768
G1 X102.227 Y106.749 E103.12308
G1 X101.083 Y107.893 E103.16159
G1 X100.457 Y107.726 E103.17699
G1 X100.252 Y107.931 E103.18388
G1 X99.460 Y107.931 E103.20275
G1 X100.061 Y107.329 E103.22298
G1 X99.893 Y106.704 E103.23838
G1 X101.038 Y105.560 E103.27689
G1 X101.663 Y105.727 E103.29229
G1 X102.807 Y104.583 E103.33080
G1 X102.640 Y103.958 E103.34620
G1 X103.784 Y102.813 E103.38471
G1 X104.409 Y102.981 E103.40011
G1 X105.554 Y101.836 E103.43862
G1 X105.386 Y101.211 E103.45402
G1 X106.003 Y100.595 E103.47477
G1 X106.002 Y102.247 E103.51407
G1 X107.931 Y100.252 F7800.000
G1 F4800.000
G1 X107.883 Y100.300 E103.51568
G1 X106.299 Y100.298 E103.55336
G1 X106.531 Y100.067 E103.56115
G1 X107.156 Y100.234 E103.57655
G1 X107.931 Y99.460 E103.60262
G1 X107.931 Y100.252 E103.62148
G1 X106.004 Y98.729 F7800.000
G1 F4800.000
G1 X106.283 Y98.729 E103.62813
G1 X105.967 Y99.045 E103.63877
G1 X106.134 Y99.670 E103.65418
G1 X104.990 Y100.815 E103.69268
G1 X104.365 Y100.647 E103.70809
G1 X103.220 Y101.792 E103.74659
G1 X103.388 Y102.417 E103.76200
G1 X102.243 Y103.561 E103.80050
G1 X101.618 Y103.394 E103.81590
G1 X100.474 Y104.538 E103.85441
G1 X100.641 Y105.163 E103.86981
G1 X99.497 Y106.308 E103.90832
G1 X98.872 Y106.140 E103.92372
G1 X97.727 Y107.284 E103.96223
G1 X97.895 Y107.910 E103.97763
G1 X97.874 Y107.931 E103.97834
G1 X95.579 Y107.931 E104.03294
G1 X95.561 Y107.865 E104.03456
G1 X96.706 Y106.721 E104.07307
G1 X97.331 Y106.888 E104.08847
G1 X98.475 Y105.744 E104.12698
G1 X98.308 Y105.118 E104.14238
G1 X99.452 Y103.974 E104.18089
G1 X100.077 Y104.142 E104.19629
G1 X101.222 Y102.997 E104.23480
G1 X101.054 Y102.372 E104.25020
G1 X102.198 Y101.228 E104.28871
G1 X102.824 Y101.395 E104.30411
G1 X103.968 Y100.251 E104.34262
G1 X103.801 Y99.625 E104.35802
G1 X104.945 Y98.481 E104.39652
G1 X105.570 Y98.649 E104.41193
G1 X106.004 Y98.215 E104.42652
G1 X106.004 Y98.729 E104.43874
G1 X106.005 Y96.443 F7800.000
G1 F4800.000
G1 X105.525 Y96.315 E104.45055
G1 X104.381 Y97.459 E104.48906
G1 X104.549 Y98.085 E104.50446
G1 X103.404 Y99.229 E104.54296
G1 X102.779 Y99.062 E104.55837
G1 X101.635 Y100.206 E104.59687
G1 X101.802 Y100.831 E104.61228
G1 X100.658 Y101.976 E104.65078
G1 X100.032 Y101.808 E104.66619
G1 X98.888 Y102.952 E104.70469
G1 X99.056 Y103.578 E104.72009
G1 X97.911 Y104.722 E104.75860
G1 X97.286 Y104.554 E104.77400
G1 X96.142 Y105.699 E104.81251
G1 X96.309 Y106.324 E104.82791
G1 X95.165 Y107.468 E104.86642
G1 X94.539 Y107.301 E104.88182
G1 X93.910 Y107.931 E104.90301
G1 X93.117 Y107.931 E104.92188
G1 X94.143 Y106.904 E104.95641
G1 X93.976 Y106.279 E104.97181
G1 X95.120 Y105.135 E105.01032
G1 X95.745 Y105.302 E105.02572
G1 X96.890 Y104.158 E105.06422
G1 X96.722 Y103.533 E105.07963
G1 X97.866 Y102.388 E105.11813
G1 X98.492 Y102.556 E105.13354
G1 X99.636 Y101.412 E105.17204
G1 X99.468 Y100.786 E105.18745
G1 X100.613 Y99.642 E105.22595
G1 X101.238 Y99.809 E105.24135
G1 X102.382 Y98.665 E105.27986
G1 X102.215 Y98.040 E105.29526
G1 X103.359 Y96.895 E105.33377
G1 X103.985 Y97.063 E105.34917
G1 X105.129 Y95.919 E105.38768
G1 X104.961 Y95.293 E105.40308
G1 X106.006 Y94.249 E105.43822
G1 X106.005 Y96.443 E105.49043
G1 X104.565 Y94.897 F7800.000
G1 F4800.000
G1 X103.940 Y94.729 E105.50583
G1 X102.795 Y95.874 E105.54434
G1 X102.963 Y96.499 E105.55974
G1 X101.818 Y97.643 E105.59825
G1 X101.193 Y97.476 E105.61365
G1 X100.049 Y98.620 E105.65216
G1 X100.216 Y99.245 E105.66756
G1 X99.072 Y100.390 E105.70607
G1 X98.447 Y100.222 E105.72147
G1 X97.302 Y101.367 E105.75998
G1 X97.470 Y101.992 E105.77538
G1 X96.326 Y103.136 E105.81388
G1 X95.700 Y102.969 E105.82929
G1 X94.556 Y104.113 E105.86779
G1 X94.723 Y104.738 E105.88320
G1 X93.579 Y105.883 E105.92170
G1 X92.954 Y105.715 E105.93711
G1 X92.069 Y106.600 E105.96687
G1 X92.069 Y105.807 E105.98573
G1 X92.557 Y105.319 E106.00215
G1 X92.390 Y104.694 E106.01756
G1 X93.534 Y103.549 E106.05606
G1 X94.160 Y103.717 E106.07147
G1 X95.304 Y102.572 E106.10997
G1 X95.136 Y101.947 E106.12538
G1 X96.281 Y100.803 E106.16388
G1 X96.906 Y100.970 E106.17928
G1 X98.050 Y99.826 E106.21779
G1 X97.883 Y99.201 E106.23319
G1 X99.027 Y98.056 E106.27170
G1 X99.652 Y98.224 E106.28710
G1 X100.797 Y97.079 E106.32561
G1 X100.629 Y96.454 E106.34101
G1 X101.774 Y95.310 E106.37952
G1 X102.399 Y95.477 E106.39492
G1 X103.543 Y94.333 E106.43343
G1 X103.446 Y93.971 E106.44235
G1 X105.491 Y93.971 E106.49101
G1 X104.565 Y94.897 E106.52218
G1 X105.976 Y92.693 F7800.000
G1 F4800.000
G1 X105.975 Y92.069 E106.53703
G1 X106.600 Y92.069 E106.55189
G1 X105.976 Y92.693 E106.57289
G1 X107.311 Y92.150 F7800.000
G1 F4800.000
G1 X107.009 Y92.069 E106.58034
G1 X107.393 Y92.069 E106.58948
G1 X107.311 Y92.150 E106.59221
G1 X107.931 Y92.852 F7800.000
G1 F4800.000
G1 X107.789 Y92.852 E106.59557
G1 X107.708 Y92.547 E106.60307
G1 X107.931 Y92.324 E106.61057
G1 X107.931 Y92.852 E106.62312
G1 X100.190 Y92.137 F7800.000
G1 F4800.000
G1 X99.624 Y92.702 E106.64216
G1 X99.792 Y93.328 E106.65757
G1 X99.166 Y93.954 E106.67863
G1 X99.166 Y92.290 E106.71822
G1 X99.228 Y92.306 E106.71973
G1 X99.464 Y92.069 E106.72769
G1 X100.190 Y92.069 E106.74496
G1 X100.190 Y92.137 E106.74655
G1 X100.191 Y93.725 F7800.000
G1 F4800.000
G1 X100.191 Y93.971 E106.75240
G1 X101.527 Y93.971 E106.78420
G1 X101.210 Y94.288 E106.79488
G1 X101.377 Y94.913 E106.81028
G1 X100.233 Y96.058 E106.84879
G1 X99.608 Y95.890 E106.86419
G1 X98.463 Y97.035 E106.90270
G1 X98.631 Y97.660 E106.91810
G1 X97.486 Y98.804 E106.95661
G1 X96.861 Y98.637 E106.97201
G1 X95.717 Y99.781 E107.01051
G1 X95.884 Y100.406 E107.02592
G1 X94.740 Y101.551 E107.06442
G1 X94.115 Y101.383 E107.07983
G1 X92.970 Y102.527 E107.11833
G1 X93.138 Y103.153 E107.13374
G1 X92.069 Y104.221 E107.16969
G1 X92.069 Y101.996 E107.22264
G1 X92.574 Y102.131 E107.23506
G1 X93.718 Y100.987 E107.27357
G1 X93.551 Y100.361 E107.28897
G1 X94.695 Y99.217 E107.32748
G1 X95.320 Y99.385 E107.34288
G1 X96.465 Y98.240 E107.38139
G1 X96.297 Y97.615 E107.39679
G1 X97.441 Y96.471 E107.43530
G1 X98.067 Y96.638 E107.45070
G1 X99.211 Y95.494 E107.48921
G1 X99.044 Y94.868 E107.50461
G1 X100.191 Y93.725 E107.54315
G1 X99.149 Y93.971 F7800.000
G1 F4800.000
G1 X98.647 Y94.472 E107.56002
G1 X98.022 Y94.305 E107.57542
G1 X96.878 Y95.449 E107.61393
G1 X97.045 Y96.074 E107.62933
G1 X95.901 Y97.219 E107.66784
G1 X95.275 Y97.051 E107.68324
G1 X94.131 Y98.195 E107.72175
G1 X94.299 Y98.821 E107.73715
G1 X93.154 Y99.965 E107.77566
G1 X92.529 Y99.797 E107.79106
G1 X92.069 Y100.257 E107.80652
G1 X92.069 Y99.464 E107.82539
G1 X92.133 Y99.401 E107.82751
G1 X92.069 Y99.165 E107.83332
G1 X92.069 Y98.671 E107.84507
G1 X93.109 Y97.631 E107.88007
G1 X93.735 Y97.799 E107.89547
G1 X94.879 Y96.655 E107.93398
G1 X94.711 Y96.029 E107.94938
G1 X95.856 Y94.885 E107.98789
G1 X96.481 Y95.052 E108.00329
G1 X97.563 Y93.971 E108.03969
G1 X99.149 Y93.971 E108.07742
G1 X95.321 Y93.971 F7800.000
G1 F4800.000
G1 X95.459 Y94.488 E108.09017
G1 X94.315 Y95.633 E108.12868
G1 X93.690 Y95.465 E108.14408
G1 X92.545 Y96.610 E108.18259
G1 X92.713 Y97.235 E108.19799
G1 X92.069 Y97.879 E108.21965
G1 X92.069 Y96.192 E108.25978
G1 X92.149 Y96.213 E108.26174
G1 X93.293 Y95.069 E108.30025
G1 X93.126 Y94.444 E108.31565
G1 X93.599 Y93.971 E108.33156
G1 X95.321 Y93.971 E108.37253
G1 X93.375 Y93.401 F7800.000
G1 F4800.000
G1 X92.729 Y94.047 E108.39427
G1 X92.104 Y93.880 E108.40968
G1 X92.069 Y93.914 E108.41085
G1 X92.069 Y92.329 E108.44857
G1 X92.329 Y92.069 E108.45730
G1 X93.376 Y92.069 E108.48222
G1 X93.375 Y93.401 E108.51391
G1 X92.558 Y107.931 F7800.000
G1 F4800.000
G1 X92.324 Y107.931 E108.51947
G1 X92.373 Y107.881 E108.52113
G1 X92.558 Y107.931 E108.52566
G1 X107.931 Y106.155 F7800.000
G1 F4800.000
G1 X107.931 Y107.388 E108.55500
G1 X107.388 Y107.931 E108.57326
G1 X105.802 Y107.931 E108.61099
G1 X105.979 Y107.754 E108.61693
G1 X105.811 Y107.129 E108.63233
G1 X106.787 Y106.154 E108.66515
G1 X107.931 Y106.155 E108.69237
G1 Z17.250 F7800.000
G1 X106.599 Y105.725 F7800.000
G1 F3600.000
G1 X108.529 Y105.728 E108.74443
G1 X108.529 Y108.529 E108.81999
G1 X91.471 Y108.529 E109.28014
G1 X91.471 Y91.471 E109.74030
G1 X93.806 Y91.471 E109.80327
G1 X93.805 Y93.373 E109.85457
G1 X98.398 Y93.373 E109.97848
G1 X98.399 Y91.471 E110.02978
G1 X100.977 Y91.471 E110.09932
G1 X100.978 Y93.373 E110.15062
G1 X105.570 Y93.373 E110.27449
G1 X105.569 Y91.471 E110.32578
G1 X108.529 Y91.471 E110.40564
G1 X108.529 Y93.270 E110.45416
G1 X106.605 Y93.271 E110.50607
G1 X106.603 Y97.955 E110.63243
G1 X108.529 Y97.954 E110.68440
G1 X108.529 Y101.066 E110.76834
G1 X106.601 Y101.063 E110.82034
G1 X106.599 Y105.650 E110.94408
G1 X107.235 Y105.090 F7800.000
G1 F3600.000
G1 X109.164 Y105.093 E110.99612
G1 X109.164 Y109.164 E111.10596
G1 X90.836 Y109.164 E111.60040
G1 X90.836 Y90.836 E112.09485
G1 X94.442 Y90.836 E112.19213
G1 X94.441 Y92.737 E112.24343
G1 X97.763 Y92.737 E112.33305
G1 X97.764 Y90.836 E112.38434
G1 X101.612 Y90.836 E112.48816
G1 X101.613 Y92.737 E112.53946
G1 X104.934 Y92.737 E112.62903
G1 X104.933 Y90.836 E112.68033
G1 X109.164 Y90.836 E112.79449
G1 X109.164 Y93.905 E112.87730
G1 X107.240 Y93.906 E112.92921
G1 X107.238 Y97.319 E113.02128
G1 X109.164 Y97.318 E113.07324
G1 X109.164 Y101.702 E113.19150
G1 X107.236 Y101.700 E113.24351
G1 X107.235 Y105.015 E113.33295
G1 X107.796 Y104.531 F7800.000
G1 F1800.000
G1 X109.725 Y104.533 E113.37271
G1 X109.725 Y109.725 E113.47972
G1 X90.275 Y109.725 E113.88059
G1 X90.275 Y90.275 E114.28146
G1 X95.003 Y90.275 E114.37890
G1 X95.002 Y92.177 E114.41809
G1 X97.203 Y92.177 E114.46345
G1 X97.203 Y90.275 E114.50265
G1 X102.173 Y90.275 E114.60506
G1 X102.174 Y92.177 E114.64425
G1 X104.373 Y92.177 E114.68958
G1 X104.372 Y90.275 E114.72877
G1 X109.725 Y90.275 E114.83910
G1 X109.725 Y94.466 E114.92547
G1 X107.800 Y94.467 E114.96514
G1 X107.799 Y96.758 E115.01237
G1 X109.725 Y96.757 E115.05206
G1 X109.725 Y102.264 E115.16555
G1 X107.797 Y102.261 E115.20529
G1 X107.796 Y104.456 E115.25052
G1 X107.679 Y105.017 F7800.000
G1 X107.627 Y106.325 F7800.000
G1 F4800.000
G1 X107.931 Y107.458 E115.27843
G1 X107.931 Y107.784 E115.28620
G1 X107.784 Y107.931 E115.29112
G1 X106.316 Y107.931 E115.32606
G1 X105.956 Y106.587 E115.35914
G1 X106.221 Y106.323 E115.36805
G1 X107.627 Y106.325 E115.40150
G1 X107.931 Y98.794 F7800.000
G1 F4800.000
G1 X107.931 Y99.856 E115.42678
G1 X107.697 Y100.089 E115.43463
G1 X107.799 Y100.467 E115.44393
G1 X107.218 Y100.466 E115.45775
G1 X107.156 Y100.234 E115.46346
G1 X106.531 Y100.067 E115.47886
G1 X106.125 Y98.553 E115.51614
G1 X107.866 Y98.553 E115.55756
G1 X107.931 Y98.794 E115.56350
G1 X106.005 Y96.444 F7800.000
G1 F4800.000
G1 X105.525 Y96.315 E115.57532
G1 X105.106 Y94.752 E115.61382
G1 X105.564 Y94.294 E115.62923
G1 X105.478 Y93.971 E115.63719
G1 X106.006 Y93.971 E115.64976
G1 X106.005 Y96.444 E115.70860
G1 X103.940 Y94.729 F7800.000
G1 F4800.000
G1 X104.565 Y94.897 E115.72400
G1 X104.984 Y96.460 E115.76251
G1 X104.526 Y96.918 E115.77791
G1 X104.945 Y98.481 E115.81642
G1 X105.570 Y98.649 E115.83182
G1 X105.989 Y100.212 E115.87032
G1 X105.531 Y100.670 E115.88573
G1 X105.950 Y102.233 E115.92423
G1 X106.003 Y102.247 E115.92552
G1 X106.001 Y104.590 E115.98128
G1 X105.995 Y104.566 E115.98186
G1 X105.370 Y104.399 E115.99726
G1 X104.951 Y102.836 E116.03577
G1 X105.409 Y102.378 E116.05117
G1 X104.990 Y100.815 E116.08968
G1 X104.365 Y100.647 E116.10508
G1 X103.946 Y99.084 E116.14359
G1 X104.403 Y98.626 E116.15899
G1 X103.985 Y97.063 E116.19750
G1 X103.359 Y96.895 E116.21290
G1 X102.940 Y95.332 E116.25141
G1 X103.398 Y94.874 E116.26681
G1 X103.156 Y93.971 E116.28907
G1 X103.736 Y93.971 E116.30288
G1 X103.940 Y94.729 E116.32156
G1 X101.774 Y95.310 F7800.000
G1 F4800.000
G1 X102.399 Y95.477 E116.33696
G1 X102.818 Y97.041 E116.37547
G1 X102.360 Y97.498 E116.39087
G1 X102.779 Y99.062 E116.42938
G1 X103.404 Y99.229 E116.44478
G1 X103.823 Y100.792 E116.48329
G1 X103.365 Y101.250 E116.49869
G1 X103.784 Y102.813 E116.53720
G1 X104.409 Y102.981 E116.55260
G1 X104.828 Y104.544 E116.59111
G1 X104.371 Y105.002 E116.60651
G1 X104.789 Y106.565 E116.64502
G1 X105.415 Y106.733 E116.66042
G1 X105.736 Y107.931 E116.68993
G1 X103.995 Y107.931 E116.73136
G1 X103.790 Y107.168 E116.75015
G1 X104.248 Y106.710 E116.76555
G1 X103.829 Y105.147 E116.80406
G1 X103.204 Y104.979 E116.81946
G1 X102.785 Y103.416 E116.85797
G1 X103.243 Y102.958 E116.87337
G1 X102.824 Y101.395 E116.91188
G1 X102.198 Y101.228 E116.92728
G1 X101.780 Y99.664 E116.96579
G1 X102.237 Y99.207 E116.98119
G1 X101.818 Y97.643 E117.01970
G1 X101.193 Y97.476 E117.03510
G1 X100.774 Y95.913 E117.07361
G1 X101.232 Y95.455 E117.08901
G1 X100.834 Y93.971 E117.12556
G1 X101.415 Y93.971 E117.13937
G1 X101.774 Y95.310 E117.17235
G1 X100.380 Y93.776 F7800.000
G1 F4800.000
G1 X100.188 Y93.724 E117.17708
G1 X99.769 Y92.161 E117.21559
G1 X99.861 Y92.069 E117.21867
G1 X100.379 Y92.069 E117.23101
G1 X100.380 Y93.776 E117.27161
G1 X99.228 Y92.306 F7800.000
G1 F4800.000
G1 X99.646 Y93.869 E117.31011
G1 X99.189 Y94.327 E117.32552
G1 X99.608 Y95.890 E117.36402
G1 X100.233 Y96.058 E117.37943
G1 X100.652 Y97.621 E117.41793
G1 X100.194 Y98.079 E117.43333
G1 X100.613 Y99.642 E117.47184
G1 X101.238 Y99.809 E117.48724
G1 X101.657 Y101.373 E117.52575
G1 X101.199 Y101.830 E117.54115
G1 X101.618 Y103.394 E117.57966
G1 X102.243 Y103.561 E117.59506
G1 X102.662 Y105.124 E117.63357
G1 X102.204 Y105.582 E117.64897
G1 X102.623 Y107.145 E117.68748
G1 X103.249 Y107.313 E117.70288
G1 X103.414 Y107.931 E117.71810
G1 X101.673 Y107.931 E117.75953
G1 X101.624 Y107.748 E117.76402
G1 X102.082 Y107.290 E117.77942
G1 X101.663 Y105.727 E117.81793
G1 X101.038 Y105.560 E117.83333
G1 X100.619 Y103.996 E117.87184
G1 X101.077 Y103.539 E117.88724
G1 X100.658 Y101.976 E117.92575
G1 X100.032 Y101.808 E117.94115
G1 X99.614 Y100.245 E117.97966
G1 X100.071 Y99.787 E117.99506
G1 X99.652 Y98.224 E118.03356
G1 X99.027 Y98.056 E118.04897
G1 X98.608 Y96.493 E118.08747
G1 X99.066 Y96.035 E118.10288
G1 X98.647 Y94.472 E118.14138
G1 X98.022 Y94.305 E118.15679
G1 X97.932 Y93.971 E118.16500
G1 X98.996 Y93.971 E118.19031
G1 X98.997 Y92.244 E118.23139
G1 X99.228 Y92.306 E118.23708
G1 X97.352 Y93.971 F7800.000
G1 F4800.000
G1 X97.480 Y94.450 E118.24887
G1 X97.023 Y94.907 E118.26427
G1 X97.441 Y96.471 E118.30278
G1 X98.067 Y96.638 E118.31818
G1 X98.486 Y98.201 E118.35669
G1 X98.028 Y98.659 E118.37209
G1 X98.447 Y100.222 E118.41060
G1 X99.072 Y100.390 E118.42600
G1 X99.491 Y101.953 E118.46450
G1 X99.033 Y102.411 E118.47991
G1 X99.452 Y103.974 E118.51841
G1 X100.077 Y104.142 E118.53382
G1 X100.496 Y105.705 E118.57232
G1 X100.038 Y106.163 E118.58773
G1 X100.457 Y107.726 E118.62623
G1 X101.083 Y107.893 E118.64163
G1 X101.093 Y107.931 E118.64255
G1 X99.856 Y107.931 E118.67198
G1 X99.916 Y107.871 E118.67399
G1 X99.497 Y106.308 E118.71250
G1 X98.872 Y106.140 E118.72790
G1 X98.453 Y104.577 E118.76640
G1 X98.911 Y104.119 E118.78181
G1 X98.492 Y102.556 E118.82031
G1 X97.866 Y102.388 E118.83572
G1 X97.447 Y100.825 E118.87422
G1 X97.905 Y100.367 E118.88963
G1 X97.486 Y98.804 E118.92813
G1 X96.861 Y98.637 E118.94353
G1 X96.442 Y97.073 E118.98204
G1 X96.900 Y96.616 E118.99744
G1 X96.481 Y95.052 E119.03595
G1 X95.856 Y94.885 E119.05135
G1 X95.611 Y93.971 E119.07387
G1 X97.352 Y93.971 E119.11530
G1 X95.031 Y93.971 F7800.000
G1 F4800.000
G1 X95.314 Y95.030 E119.14138
G1 X94.857 Y95.488 E119.15679
G1 X95.275 Y97.051 E119.19529
G1 X95.901 Y97.219 E119.21070
G1 X96.320 Y98.782 E119.24920
G1 X95.862 Y99.239 E119.26460
G1 X96.281 Y100.803 E119.30311
G1 X96.906 Y100.970 E119.31851
G1 X97.325 Y102.533 E119.35702
G1 X96.867 Y102.991 E119.37242
G1 X97.286 Y104.554 E119.41093
G1 X97.911 Y104.722 E119.42633
G1 X98.330 Y106.285 E119.46484
G1 X97.872 Y106.743 E119.48024
G1 X98.191 Y107.931 E119.50950
G1 X97.610 Y107.931 E119.52331
G1 X97.331 Y106.888 E119.54899
G1 X96.706 Y106.720 E119.56439
G1 X96.287 Y105.157 E119.60290
G1 X96.744 Y104.700 E119.61830
G1 X96.326 Y103.136 E119.65681
G1 X95.700 Y102.969 E119.67221
G1 X95.281 Y101.406 E119.71072
G1 X95.739 Y100.948 E119.72612
G1 X95.320 Y99.385 E119.76463
G1 X94.695 Y99.217 E119.78003
G1 X94.276 Y97.654 E119.81854
G1 X94.734 Y97.196 E119.83394
G1 X94.315 Y95.633 E119.87244
G1 X93.690 Y95.465 E119.88785
G1 X93.289 Y93.971 E119.92466
G1 X95.031 Y93.971 E119.96609
G1 X92.104 Y93.880 F7800.000
G1 F4800.000
G1 X92.729 Y94.047 E119.98149
G1 X93.148 Y95.610 E120.02000
G1 X92.690 Y96.068 E120.03540
G1 X93.109 Y97.631 E120.07391
G1 X93.735 Y97.799 E120.08931
G1 X94.153 Y99.362 E120.12781
G1 X93.696 Y99.820 E120.14322
G1 X94.115 Y101.383 E120.18172
G1 X94.740 Y101.551 E120.19713
G1 X95.159 Y103.114 E120.23563
G1 X94.701 Y103.572 E120.25104
G1 X95.120 Y105.135 E120.28954
G1 X95.745 Y105.302 E120.30494
G1 X96.164 Y106.866 E120.34345
G1 X95.706 Y107.323 E120.35885
G1 X95.869 Y107.931 E120.37381
G1 X95.289 Y107.931 E120.38762
G1 X95.165 Y107.468 E120.39901
G1 X94.539 Y107.301 E120.41441
G1 X94.121 Y105.738 E120.45292
G1 X94.578 Y105.280 E120.46832
G1 X94.160 Y103.717 E120.50683
G1 X93.534 Y103.549 E120.52223
G1 X93.115 Y101.986 E120.56074
G1 X93.573 Y101.528 E120.57614
G1 X93.154 Y99.965 E120.61464
G1 X92.529 Y99.797 E120.63005
G1 X92.110 Y98.234 E120.66855
G1 X92.568 Y97.776 E120.68396
G1 X92.149 Y96.213 E120.72246
G1 X92.069 Y96.192 E120.72442
G1 X92.069 Y93.750 E120.78252
G1 X92.104 Y93.880 E120.78572
G1 X92.574 Y102.131 F7800.000
G1 F4800.000
G1 X92.993 Y103.694 E120.82422
G1 X92.535 Y104.152 E120.83963
G1 X92.954 Y105.715 E120.87813
G1 X93.579 Y105.883 E120.89353
G1 X93.998 Y107.446 E120.93204
G1 X93.540 Y107.904 E120.94744
G1 X93.547 Y107.931 E120.94811
G1 X92.558 Y107.931 E120.97166
G1 X92.373 Y107.881 E120.97620
G1 X92.069 Y106.746 E121.00415
G1 X92.069 Y106.203 E121.01707
G1 X92.412 Y105.860 E121.02861
G1 X92.069 Y104.580 E121.06014
G1 X92.069 Y101.996 E121.12164
G1 X92.574 Y102.131 E121.13406
G1 X107.931 Y92.295 F7800.000
G1 F4800.000
G1 X107.931 Y92.672 E121.14303
G1 X107.451 Y92.672 E121.15443
G1 X107.311 Y92.150 E121.16729
G1 X107.009 Y92.069 E121.17475
G1 X107.870 Y92.069 E121.19524
G1 X107.931 Y92.295 E121.20081
M106 S239.7
G1 Z17.550 F7800.000
G1 E119.20081 F2400.00000
G92 E0
G1 X108.529 Y108.529 F7800.000
G1 E2.00000 F2400.00000
G1 F3600.000
G1 X91.471 Y108.529 E2.46015
G1 X91.471 Y91.471 E2.92031
G1 X95.527 Y91.471 E3.02972
M106 S255

G1 F3600.000
G1 X96.678 Y91.471 E3.06169
M106 S239.7

G1 F3600.000
G1 X102.698 Y91.471 E3.22409
M106 S255

G1 F3600.000
G1 X103.847 Y91.471 E3.25601
M106 S239.7

G1 F3600.000
G1 X108.529 Y91.471 E3.38230
G1 X108.529 Y94.991 E3.47726
M106 S255

G1 F3600.000
G1 X108.529 Y96.233 E3.51175
M106 S239.7

G1 F3600.000
G1 X108.529 Y102.787 E3.68856
M106 S255

G1 F3600.000
G1 X108.529 Y104.006 E3.72243
M106 S239.7

G1 F3600.000
G1 X108.529 Y108.454 E3.84240
G1 X109.164 Y109.164 F7800.000
G1 F3600.000
G1 X90.836 Y109.164 E4.33685
G1 X90.836 Y90.836 E4.83130
G1 X95.527 Y90.836 E4.95786
M106 S255

G1 F3600.000
G1 X96.678 Y90.836 E4.98983
M106 S239.7

G1 F3600.000
G1 X102.698 Y90.836 E5.15222
M106 S255

G1 F3600.000
G1 X103.847 Y90.836 E5.18414
M106 S239.7

G1 F3600.000
G1 X109.164 Y90.836 E5.32758
G1 X109.164 Y94.991 E5.43968
M106 S255

G1 F3600.000
G1 X109.164 Y96.233 E5.47417
M106 S239.7

G1 F3600.000
G1 X109.164 Y102.788 E5.65101
M106 S255

G1 F3600.000
G1 X109.164 Y104.007 E5.68488
M106 S239.7

G1 F3600.000
G1 X109.164 Y109.089 E5.82198
G1 X109.725 Y109.725 F7800.000
G1 F1800.000
G1 X90.275 Y109.725 E6.22285
G1 X90.275 Y90.275 E6.62372
G1 X95.528 Y90.275 E6.73198
M106 S255

G1 F3600.000
G1 X96.678 Y90.275 E6.76395
M106 S239.7

G1 F1800.000
G1 X102.698 Y90.275 E6.88800
M106 S255

G1 F3600.000
G1 X103.847 Y90.275 E6.91992
M106 S239.7

G1 F1800.000
G1 X109.725 Y90.275 E7.04108
G1 X109.725 Y94.991 E7.13827
M106 S255

G1 F3600.000
G1 X109.725 Y96.232 E7.17276
M106 S239.7

G1 F1800.000
G1 X109.725 Y102.789 E7.30789
M106 S255

G1 F3600.000
G1 X109.725 Y104.008 E7.34176
M106 S239.7

G1 F1800.000
G1 X109.725 Y109.650 E7.45804
G1 X109.292 Y109.475 F7800.000
G1 X107.907 Y107.306 F7800.000
M106 S255

G1 F3600.000
G1 X107.964 Y106.656 E7.48332
M106 S239.7

G1 X107.264 Y107.305 F7800.000
M106 S255

G1 F3600.000
G1 X107.948 Y99.487 E7.78750
G1 X107.305 Y99.486 E7.81243
G1 X106.621 Y107.304 E8.11661
G1 X105.978 Y107.303 E8.14154
G1 X106.662 Y99.485 E8.44572
G1 X106.019 Y99.484 E8.47064
G1 X105.335 Y107.302 E8.77483
G1 X105.316 Y107.302 E8.77557
G1 X105.320 Y100.134 E9.05341
G1 X105.376 Y99.483 E9.07873
M106 S239.7

G1 X105.377 Y99.533 F7800.000
M106 S255

G1 F3600.000
G1 X105.320 Y98.883 E9.10396
G1 X105.323 Y91.739 E9.38037
G1 X105.337 Y91.739 E9.38092
G1 X106.019 Y99.534 E9.68365
G1 X106.662 Y99.534 E9.70851
G1 X105.980 Y91.739 E10.01123
G1 X106.622 Y91.739 E10.03609
G1 X107.304 Y99.533 E10.33880
G1 X107.947 Y99.533 E10.36366
G1 X107.265 Y91.739 E10.66636
G1 X107.907 Y91.739 E10.69122
G1 X107.964 Y92.390 E10.71650
M106 S239.7

G1 X105.127 Y92.064 F7800.000
M106 S255

G1 F3600.000
G1 X92.226 Y92.064 E11.21649
G1 X92.225 Y92.705 E11.24132
G1 X105.127 Y92.705 E11.74131
G1 X105.127 Y93.345 E11.76614
G1 X92.225 Y93.345 E12.26613
G1 X92.225 Y93.986 E12.29096
G1 X105.127 Y93.986 E12.79096
G1 X105.126 Y94.626 E12.81578
G1 X92.224 Y94.626 E13.31578
M106 S239.7

G1 X94.711 Y96.029 F7800.000
G1 F4800.000
G1 X94.879 Y96.655 E13.33118
G1 X96.442 Y97.073 E13.36969
G1 X96.900 Y96.616 E13.38509
G1 X98.463 Y97.035 E13.42360
G1 X98.631 Y97.660 E13.43900
G1 X100.194 Y98.079 E13.47751
G1 X100.652 Y97.621 E13.49291
G1 X102.215 Y98.040 E13.53142
G1 X102.382 Y98.665 E13.54682
G1 X103.946 Y99.084 E13.58533
G1 X104.403 Y98.626 E13.60073
G1 X104.793 Y98.731 E13.61033
G1 X104.792 Y100.472 E13.65175
G1 X103.968 Y100.251 E13.67205
G1 X103.801 Y99.625 E13.68746
G1 X102.237 Y99.207 E13.72596
G1 X101.780 Y99.664 E13.74137
G1 X100.216 Y99.245 E13.77987
G1 X100.049 Y98.620 E13.79527
G1 X98.486 Y98.201 E13.83378
G1 X98.028 Y98.659 E13.84918
G1 X96.465 Y98.240 E13.88769
G1 X96.297 Y97.615 E13.90309
G1 X94.734 Y97.196 E13.94160
G1 X94.276 Y97.654 E13.95700
G1 X92.713 Y97.235 E13.99551
G1 X92.545 Y96.610 E14.01091
G1 X92.069 Y96.482 E14.02264
G1 X92.069 Y95.902 E14.03645
G1 X92.690 Y96.068 E14.05175
G1 X93.148 Y95.610 E14.06715
G1 X94.711 Y96.029 E14.10566
G1 X95.162 Y95.182 F7800.000
G1 F4800.000
G1 X94.857 Y95.488 E14.11595
G1 X93.715 Y95.182 E14.14407
G1 X95.162 Y95.182 E14.17850
G1 X94.131 Y98.195 F7800.000
G1 F4800.000
G1 X94.299 Y98.821 E14.19391
G1 X95.862 Y99.239 E14.23241
G1 X96.320 Y98.782 E14.24782
G1 X97.883 Y99.201 E14.28632
G1 X98.050 Y99.826 E14.30172
G1 X99.614 Y100.245 E14.34023
G1 X100.071 Y99.787 E14.35563
G1 X101.635 Y100.206 E14.39414
G1 X101.802 Y100.831 E14.40954
G1 X103.365 Y101.250 E14.44805
G1 X103.823 Y100.792 E14.46345
G1 X104.792 Y101.052 E14.48732
G1 X104.791 Y102.793 E14.52875
G1 X103.388 Y102.417 E14.56332
G1 X103.220 Y101.792 E14.57872
G1 X101.657 Y101.373 E14.61723
G1 X101.199 Y101.830 E14.63263
G1 X99.636 Y101.412 E14.67114
G1 X99.468 Y100.786 E14.68654
G1 X97.905 Y100.367 E14.72505
G1 X97.447 Y100.825 E14.74045
G1 X95.884 Y100.406 E14.77896
G1 X95.717 Y99.781 E14.79436
G1 X94.153 Y99.362 E14.83286
G1 X93.696 Y99.820 E14.84827
G1 X92.133 Y99.401 E14.88677
G1 X92.069 Y99.165 E14.89258
G1 X92.069 Y98.223 E14.91499
G1 X92.110 Y98.234 E14.91600
G1 X92.568 Y97.776 E14.93140
G1 X94.131 Y98.195 E14.96991
G1 X93.551 Y100.361 F7800.000
G1 F4800.000
G1 X93.718 Y100.987 E14.98531
G1 X95.281 Y101.406 E15.02382
G1 X95.739 Y100.948 E15.03922
G1 X97.302 Y101.367 E15.07772
G1 X97.470 Y101.992 E15.09313
G1 X99.033 Y102.411 E15.13163
G1 X99.491 Y101.953 E15.14704
G1 X101.054 Y102.372 E15.18554
G1 X101.222 Y102.997 E15.20095
G1 X102.785 Y103.416 E15.23945
G1 X103.243 Y102.958 E15.25485
G1 X104.791 Y103.373 E15.29300
G1 X104.791 Y104.582 E15.32175
G1 X104.371 Y105.002 E15.33588
G1 X102.807 Y104.583 E15.37439
G1 X102.640 Y103.958 E15.38979
G1 X101.077 Y103.539 E15.42830
G1 X100.619 Y103.996 E15.44370
G1 X99.056 Y103.578 E15.48221
G1 X98.888 Y102.952 E15.49761
G1 X97.325 Y102.533 E15.53612
G1 X96.867 Y102.991 E15.55152
G1 X95.304 Y102.572 E15.59003
G1 X95.136 Y101.947 E15.60543
G1 X93.573 Y101.528 E15.64394
G1 X93.115 Y101.986 E15.65934
G1 X92.069 Y101.706 E15.68510
G1 X92.069 Y99.964 E15.72653
G1 X93.551 Y100.361 E15.76302
G1 X92.970 Y102.527 F7800.000
G1 F4800.000
G1 X93.138 Y103.153 E15.77842
G1 X94.701 Y103.572 E15.81693
G1 X95.159 Y103.114 E15.83233
G1 X96.722 Y103.533 E15.87084
G1 X96.890 Y104.158 E15.88624
G1 X98.453 Y104.577 E15.92475
G1 X98.911 Y104.119 E15.94015
G1 X100.474 Y104.538 E15.97866
G1 X100.641 Y105.163 E15.99406
G1 X102.204 Y105.582 E16.03257
G1 X102.662 Y105.124 E16.04797
G1 X104.225 Y105.543 E16.08648
G1 X104.393 Y106.169 E16.10188
G1 X104.790 Y106.275 E16.11165
G1 X104.789 Y106.855 E16.12546
G1 X104.248 Y106.710 E16.13880
G1 X103.790 Y107.168 E16.15420
G1 X102.227 Y106.749 E16.19271
G1 X102.059 Y106.124 E16.20811
G1 X100.496 Y105.705 E16.24662
G1 X100.038 Y106.163 E16.26202
G1 X98.475 Y105.744 E16.30053
G1 X98.308 Y105.118 E16.31593
G1 X96.744 Y104.700 E16.35444
G1 X96.287 Y105.157 E16.36984
G1 X94.723 Y104.738 E16.40835
G1 X94.556 Y104.113 E16.42375
G1 X92.993 Y103.694 E16.46226
G1 X92.535 Y104.152 E16.47766
G1 X92.069 Y104.027 E16.48913
G1 X92.069 Y102.286 E16.53056
G1 X92.970 Y102.527 E16.55275
G1 X92.390 Y104.694 F7800.000
G1 F4800.000
G1 X92.557 Y105.319 E16.56815
G1 X94.121 Y105.738 E16.60666
G1 X94.578 Y105.280 E16.62206
G1 X96.142 Y105.699 E16.66057
G1 X96.309 Y106.324 E16.67597
G1 X97.872 Y106.743 E16.71448
G1 X98.330 Y106.285 E16.72988
G1 X99.893 Y106.704 E16.76838
G1 X100.061 Y107.329 E16.78379
G1 X101.624 Y107.748 E16.82229
G1 X102.082 Y107.290 E16.83770
G1 X103.645 Y107.709 E16.87620
G1 X103.704 Y107.931 E16.88165
G1 X100.139 Y107.931 E16.96649
G1 X99.916 Y107.871 E16.97198
G1 X99.856 Y107.931 E16.97400
G1 X97.973 Y107.931 E17.01880
G1 X97.895 Y107.910 E17.02073
G1 X97.727 Y107.284 E17.03613
G1 X96.164 Y106.866 E17.07463
G1 X95.706 Y107.323 E17.09004
G1 X94.143 Y106.904 E17.12854
G1 X93.976 Y106.279 E17.14395
G1 X92.412 Y105.860 E17.18245
G1 X92.069 Y106.203 E17.19399
G1 X92.069 Y104.608 E17.23196
G1 X92.390 Y104.694 E17.23985
G1 X95.561 Y107.865 F7800.000
G1 F4800.000
G1 X95.579 Y107.931 E17.24147
G1 X92.069 Y107.931 E17.32498
G1 X92.069 Y107.510 E17.33500
G1 X93.540 Y107.904 E17.37123
G1 X93.998 Y107.446 E17.38663
G1 X95.561 Y107.865 E17.42514
G1 X107.931 Y107.536 F7800.000
G1 F4800.000
G1 X107.931 Y107.784 E17.43105
G1 X107.784 Y107.931 E17.43597
G1 X106.637 Y107.931 E17.46327
G1 X105.979 Y107.754 E17.47948
G1 X105.919 Y107.533 E17.48492
G1 X107.931 Y107.536 E17.53278
G1 X104.795 Y95.249 F7800.000
G1 F4800.000
G1 X104.545 Y95.182 E17.53892
G1 X104.795 Y95.182 E17.54485
G1 X104.795 Y95.249 E17.54644
G1 X102.940 Y95.332 F7800.000
G1 F4800.000
G1 X102.379 Y95.182 E17.56026
G1 X103.091 Y95.182 E17.57719
G1 X102.940 Y95.332 E17.58224
G1 X99.128 Y95.182 F7800.000
G1 F4800.000
G1 X99.211 Y95.494 E17.58993
G1 X100.774 Y95.913 E17.62843
G1 X101.232 Y95.455 E17.64384
G1 X102.795 Y95.874 E17.68234
G1 X102.963 Y96.499 E17.69774
G1 X104.526 Y96.918 E17.73625
G1 X104.794 Y96.650 E17.74527
G1 X104.793 Y98.150 E17.78097
G1 X104.549 Y98.085 E17.78700
G1 X104.381 Y97.459 E17.80240
G1 X102.818 Y97.041 E17.84091
G1 X102.360 Y97.498 E17.85631
G1 X100.797 Y97.079 E17.89481
G1 X100.629 Y96.454 E17.91022
G1 X99.066 Y96.035 E17.94872
G1 X98.608 Y96.493 E17.96413
G1 X97.045 Y96.074 E18.00263
G1 X96.878 Y95.449 E18.01804
G1 X95.881 Y95.182 E18.04258
G1 X99.128 Y95.182 E18.11982
M106 S211.65
G1 Z17.850 F7800.000
G1 X108.529 Y108.529 F7800.000
G1 F3600.000
G1 X91.471 Y108.529 E18.57998
G1 X91.471 Y91.471 E19.04013
G1 X108.529 Y91.471 E19.50028
G1 X108.529 Y108.454 E19.95841
G1 X109.164 Y109.164 F7800.000
G1 F3600.000
G1 X90.836 Y109.164 E20.45286
G1 X90.836 Y90.836 E20.94730
G1 X109.164 Y90.836 E21.44175
G1 X109.164 Y109.089 E21.93417
G1 X109.725 Y109.725 F7800.000
G1 F1800.000
G1 X90.275 Y109.725 E22.33504
G1 X90.275 Y90.275 E22.73592
G1 X109.725 Y90.275 E23.13679
G1 X109.725 Y109.650 E23.53611
G1 X109.242 Y109.596 F7800.000
G1 X102.689 Y107.163 F7800.000
G1 F4800.000
G1 X102.623 Y107.145 E23.53774
G1 X101.838 Y107.931 E23.56416
G1 X102.689 Y107.931 E23.58441
G1 X102.689 Y107.163 E23.60267
G1 X102.690 Y105.493 F7800.000
G1 F4800.000
G1 X102.690 Y104.700 E23.62154
G1 X101.663 Y105.727 E23.65612
G1 X101.038 Y105.560 E23.67152
G1 X99.893 Y106.704 E23.71003
G1 X100.061 Y107.329 E23.72543
G1 X99.460 Y107.931 E23.74566
G1 X100.252 Y107.931 E23.76453
G1 X100.457 Y107.726 E23.77142
G1 X101.083 Y107.893 E23.78682
G1 X102.227 Y106.749 E23.82533
G1 X102.059 Y106.124 E23.84073
G1 X102.690 Y105.493 E23.86196
G1 X102.691 Y104.148 F7800.000
G1 F4800.000
G1 X102.691 Y103.907 E23.86769
G1 X102.640 Y103.958 E23.86941
G1 X102.691 Y104.148 E23.87409
G1 X102.692 Y101.360 F7800.000
G1 F4800.000
G1 X102.198 Y101.228 E23.88625
G1 X101.054 Y102.372 E23.92475
G1 X101.222 Y102.997 E23.94016
G1 X100.077 Y104.142 E23.97866
G1 X99.452 Y103.974 E23.99406
G1 X98.308 Y105.118 E24.03257
G1 X98.475 Y105.744 E24.04797
G1 X97.331 Y106.888 E24.08648
G1 X96.706 Y106.721 E24.10188
G1 X95.561 Y107.865 E24.14039
G1 X95.579 Y107.931 E24.14201
G1 X97.874 Y107.931 E24.19662
G1 X97.895 Y107.910 E24.19732
G1 X97.727 Y107.284 E24.21272
G1 X98.872 Y106.140 E24.25123
G1 X99.497 Y106.308 E24.26663
G1 X100.641 Y105.163 E24.30514
G1 X100.474 Y104.538 E24.32054
G1 X101.618 Y103.394 E24.35905
G1 X102.243 Y103.561 E24.37445
G1 X102.691 Y103.113 E24.38952
G1 X102.692 Y101.360 E24.43124
G1 X102.693 Y99.147 F7800.000
G1 F4800.000
G1 X102.694 Y97.561 E24.46899
G1 X102.215 Y98.040 E24.48510
G1 X102.382 Y98.665 E24.50050
G1 X101.238 Y99.809 E24.53901
G1 X100.613 Y99.642 E24.55441
G1 X99.468 Y100.786 E24.59291
G1 X99.636 Y101.412 E24.60832
G1 X98.492 Y102.556 E24.64682
G1 X97.866 Y102.388 E24.66223
G1 X96.722 Y103.533 E24.70073
G1 X96.890 Y104.158 E24.71614
G1 X95.745 Y105.302 E24.75464
G1 X95.120 Y105.135 E24.77004
G1 X93.976 Y106.279 E24.80855
G1 X94.143 Y106.904 E24.82395
G1 X93.117 Y107.931 E24.85848
G1 X93.910 Y107.931 E24.87735
G1 X94.539 Y107.301 E24.89854
G1 X95.165 Y107.468 E24.91394
G1 X96.309 Y106.324 E24.95245
G1 X96.142 Y105.699 E24.96785
G1 X97.286 Y104.554 E25.00636
G1 X97.911 Y104.722 E25.02176
G1 X99.056 Y103.578 E25.06027
G1 X98.888 Y102.952 E25.07567
G1 X100.032 Y101.808 E25.11417
G1 X100.658 Y101.976 E25.12958
G1 X101.802 Y100.831 E25.16808
G1 X101.635 Y100.206 E25.18349
G1 X102.693 Y99.147 E25.21910
G1 X102.180 Y97.282 F7800.000
G1 F4800.000
G1 X100.594 Y97.282 E25.25683
G1 X99.652 Y98.224 E25.28852
G1 X99.027 Y98.056 E25.30393
G1 X97.883 Y99.201 E25.34243
G1 X98.050 Y99.826 E25.35784
G1 X96.906 Y100.970 E25.39634
G1 X96.281 Y100.803 E25.41174
G1 X95.136 Y101.947 E25.45025
G1 X95.304 Y102.572 E25.46565
G1 X94.160 Y103.717 E25.50416
G1 X93.534 Y103.549 E25.51956
G1 X92.390 Y104.694 E25.55807
G1 X92.557 Y105.319 E25.57347
G1 X92.069 Y105.807 E25.58990
G1 X92.069 Y106.600 E25.60876
G1 X92.954 Y105.715 E25.63852
G1 X93.579 Y105.883 E25.65392
G1 X94.723 Y104.738 E25.69243
G1 X94.556 Y104.113 E25.70783
G1 X95.700 Y102.969 E25.74634
G1 X96.326 Y103.136 E25.76174
G1 X97.470 Y101.992 E25.80025
G1 X97.302 Y101.367 E25.81565
G1 X98.447 Y100.222 E25.85416
G1 X99.072 Y100.390 E25.86956
G1 X100.216 Y99.245 E25.90807
G1 X100.049 Y98.620 E25.92347
G1 X101.193 Y97.476 E25.96198
G1 X101.818 Y97.643 E25.97738
G1 X102.180 Y97.282 E25.98954
G1 X98.529 Y97.282 F7800.000
G1 F4800.000
G1 X96.630 Y97.282 E26.03473
G1 X96.297 Y97.615 E26.04594
G1 X96.465 Y98.240 E26.06134
G1 X95.320 Y99.385 E26.09985
G1 X94.695 Y99.217 E26.11525
G1 X93.551 Y100.361 E26.15376
G1 X93.718 Y100.987 E26.16916
G1 X92.574 Y102.131 E26.20767
G1 X92.069 Y101.996 E26.22010
G1 X92.069 Y104.221 E26.27304
G1 X93.138 Y103.153 E26.30900
G1 X92.970 Y102.527 E26.32440
G1 X94.115 Y101.383 E26.36291
G1 X94.740 Y101.551 E26.37831
G1 X95.884 Y100.406 E26.41681
G1 X95.717 Y99.781 E26.43222
G1 X96.861 Y98.637 E26.47072
G1 X97.486 Y98.804 E26.48613
G1 X98.631 Y97.660 E26.52463
G1 X98.529 Y97.282 E26.53394
G1 X95.045 Y97.282 F7800.000
G1 F4800.000
G1 X94.252 Y97.282 E26.55281
G1 X93.735 Y97.799 E26.57021
G1 X93.109 Y97.631 E26.58561
G1 X92.069 Y98.671 E26.62060
G1 X92.069 Y99.165 E26.63235
G1 X92.133 Y99.401 E26.63816
G1 X92.069 Y99.464 E26.64029
G1 X92.069 Y100.257 E26.65915
G1 X92.529 Y99.797 E26.67462
G1 X93.154 Y99.965 E26.69002
G1 X94.299 Y98.821 E26.72853
G1 X94.131 Y98.195 E26.74393
G1 X95.045 Y97.282 E26.77467
G1 X92.666 Y97.282 F7800.000
G1 F4800.000
G1 X92.069 Y97.282 E26.78886
G1 X92.069 Y97.879 E26.80306
G1 X92.666 Y97.282 E26.82314
G1 X92.558 Y107.931 F7800.000
G1 F4800.000
G1 X92.373 Y107.881 E26.82768
G1 X92.324 Y107.931 E26.82934
G1 X92.558 Y107.931 E26.83489
G1 X103.040 Y107.646 F7800.000
G1 F1200.000
G1 X103.535 Y108.140 E26.85435
G1 X104.461 Y108.140 E26.88013
G1 X103.040 Y106.719 E26.93604
G1 X103.041 Y105.793 E26.96181
G1 X105.388 Y108.140 E27.05416
G1 X106.315 Y108.140 E27.07994
G1 X103.041 Y104.866 E27.20874
G1 X103.042 Y103.940 E27.23451
G1 X107.242 Y108.140 E27.39976
G1 X108.140 Y108.140 E27.42474
G1 X108.140 Y108.112 E27.42554
G1 X103.042 Y103.013 E27.62611
G1 X103.042 Y102.087 E27.65188
G1 X108.140 Y107.185 E27.85243
G1 X108.140 Y106.258 E27.87821
G1 X103.043 Y101.160 E28.07874
G1 X103.043 Y100.234 E28.10452
G1 X108.140 Y105.331 E28.30503
G1 X108.140 Y104.404 E28.33082
G1 X103.044 Y99.307 E28.53132
G1 X103.044 Y98.381 E28.55709
G1 X108.140 Y103.477 E28.75757
G1 X108.140 Y102.550 E28.78336
G1 X103.044 Y97.454 E28.98382
G1 X103.045 Y96.528 E29.00960
G1 X108.140 Y101.623 E29.21005
G1 X108.140 Y100.696 E29.23583
G1 X99.304 Y91.860 E29.58346
G1 X100.231 Y91.860 E29.60925
G1 X108.140 Y99.769 E29.92041
G1 X108.140 Y98.843 E29.94620
G1 X101.157 Y91.860 E30.22090
G1 X102.084 Y91.860 E30.24668
G1 X108.140 Y97.916 E30.48492
G1 X108.140 Y96.989 E30.51070
G1 X103.011 Y91.860 E30.71248
G1 X103.938 Y91.860 E30.73826
G1 X108.140 Y96.062 E30.90357
G1 X108.140 Y95.135 E30.92936
G1 X104.865 Y91.860 E31.05820
G1 X105.792 Y91.860 E31.08399
G1 X108.140 Y94.208 E31.17637
G1 X108.140 Y93.281 E31.20215
G1 X106.719 Y91.860 E31.25807
G1 X107.646 Y91.860 E31.28386
G1 X108.140 Y92.354 E31.30331
G1 X103.448 Y96.931 F7800.000
G1 F1200.000
G1 X98.377 Y91.860 E31.50281
G1 X97.450 Y91.860 E31.52859
G1 X102.521 Y96.931 E31.72810
G1 X101.594 Y96.931 E31.75388
G1 X96.523 Y91.860 E31.95338
G1 X95.596 Y91.860 E31.97916
G1 X100.667 Y96.931 E32.17866
G1 X99.740 Y96.931 E32.20445
G1 X94.669 Y91.860 E32.40395
G1 X93.742 Y91.860 E32.42973
G1 X98.813 Y96.931 E32.62923
G1 X97.887 Y96.931 E32.65502
G1 X92.815 Y91.860 E32.85452
G1 X91.888 Y91.860 E32.88030
G1 X96.960 Y96.931 E33.07980
G1 X96.033 Y96.931 E33.10559
G1 X91.860 Y92.758 E33.26975
G1 X91.860 Y93.685 E33.29554
G1 X95.106 Y96.931 E33.42324
G1 X94.179 Y96.931 E33.44902
G1 X91.860 Y94.612 E33.54026
G1 X91.860 Y95.539 E33.56604
G1 X93.252 Y96.931 E33.62082
G1 X92.354 Y96.931 E33.64580
G1 X92.354 Y96.033 E33.67078
G1 Z18.150 F7800.000
G1 X108.529 Y108.529 F7800.000
G1 F3600.000
G1 X91.471 Y108.529 E34.13093
G1 X91.471 Y91.471 E34.59108
G1 X108.529 Y91.471 E35.05123
G1 X108.529 Y108.454 E35.50936
G1 X109.164 Y109.164 F7800.000
G1 F3600.000
G1 X90.836 Y109.164 E36.00381
G1 X90.836 Y90.836 E36.49826
G1 X109.164 Y90.836 E36.99270
G1 X109.164 Y109.089 E37.48513
G1 X109.725 Y109.725 F7800.000
G1 F1800.000
G1 X90.275 Y109.725 E37.88600
G1 X90.275 Y90.275 E38.28687
G1 X109.725 Y90.275 E38.68774
G1 X109.725 Y109.650 E39.08706
G1 X109.242 Y109.596 F7800.000
G1 X107.646 Y108.140 F7800.000
G1 F1200.000
G1 X108.140 Y107.646 E39.10600
G1 X108.140 Y106.744 E39.13042
G1 X106.744 Y108.140 E39.18389
G1 X105.842 Y108.140 E39.20831
G1 X108.140 Y105.842 E39.29631
G1 X108.140 Y104.940 E39.32073
G1 X104.940 Y108.140 E39.44327
G1 X104.038 Y108.140 E39.46769
G1 X108.140 Y104.038 E39.62477
G1 X108.140 Y103.135 E39.64919
G1 X103.135 Y108.140 E39.84080
G1 X103.040 Y108.140 E39.84338
G1 X103.040 Y107.333 E39.86523
G1 X108.140 Y102.233 E40.06048
G1 X108.140 Y101.331 E40.08490
G1 X103.041 Y106.431 E40.28014
G1 X103.041 Y105.528 E40.30457
G1 X108.140 Y100.429 E40.49979
G1 X108.140 Y99.527 E40.52421
G1 X103.042 Y104.626 E40.71942
G1 X103.042 Y103.724 E40.74385
G1 X108.140 Y98.625 E40.93904
G1 X108.140 Y97.723 E40.96347
G1 X103.042 Y102.821 E41.15864
G1 X103.043 Y101.919 E41.18307
G1 X108.140 Y96.821 E41.37824
G1 X108.140 Y95.919 E41.40266
G1 X103.043 Y101.016 E41.59780
G1 X103.044 Y100.114 E41.62223
G1 X108.140 Y95.017 E41.81736
G1 X108.140 Y94.115 E41.84178
G1 X103.044 Y99.211 E42.03690
G1 X103.044 Y98.309 E42.06133
G1 X108.140 Y93.213 E42.25643
G1 X108.140 Y92.311 E42.28085
G1 X103.045 Y97.406 E42.47594
G1 X103.045 Y96.931 E42.48881
G1 X102.618 Y96.931 E42.50036
G1 X107.689 Y91.860 E42.69452
G1 X106.787 Y91.860 E42.71894
G1 X101.716 Y96.931 E42.91309
G1 X100.814 Y96.931 E42.93751
G1 X105.885 Y91.860 E43.13167
G1 X104.983 Y91.860 E43.15609
G1 X99.912 Y96.931 E43.35024
G1 X99.010 Y96.931 E43.37466
G1 X104.081 Y91.860 E43.56881
G1 X103.179 Y91.860 E43.59323
G1 X98.108 Y96.931 E43.78739
G1 X97.206 Y96.931 E43.81181
G1 X102.277 Y91.860 E44.00596
G1 X101.375 Y91.860 E44.03038
G1 X96.304 Y96.931 E44.22454
G1 X95.402 Y96.931 E44.24896
G1 X100.473 Y91.860 E44.44311
G1 X99.571 Y91.860 E44.46753
G1 X94.499 Y96.931 E44.66168
G1 X93.597 Y96.931 E44.68610
G1 X98.669 Y91.860 E44.88026
G1 X97.767 Y91.860 E44.90468
G1 X92.695 Y96.931 E45.09883
G1 X91.860 Y96.931 E45.12145
G1 X91.860 Y96.865 E45.12325
G1 X96.865 Y91.860 E45.31486
G1 X95.962 Y91.860 E45.33928
G1 X91.860 Y95.962 E45.49636
G1 X91.860 Y95.060 E45.52078
G1 X95.060 Y91.860 E45.64332
G1 X94.158 Y91.860 E45.66774
G1 X91.860 Y94.158 E45.75575
G1 X91.860 Y93.256 E45.78017
G1 X93.256 Y91.860 E45.83364
G1 X92.354 Y91.860 E45.85806
G1 X91.860 Y92.354 E45.87698
G1 X93.016 Y97.282 F7800.000
G1 F4800.000
G1 X92.435 Y97.282 E45.89079
G1 X92.568 Y97.776 E45.90298
G1 X92.110 Y98.234 E45.91838
G1 X92.529 Y99.797 E45.95689
G1 X93.154 Y99.965 E45.97229
G1 X93.573 Y101.528 E46.01080
G1 X93.115 Y101.986 E46.02620
G1 X93.534 Y103.549 E46.06470
G1 X94.160 Y103.717 E46.08011
G1 X94.578 Y105.280 E46.11861
G1 X94.121 Y105.738 E46.13402
G1 X94.539 Y107.301 E46.17252
G1 X95.165 Y107.468 E46.18793
G1 X95.289 Y107.931 E46.19931
G1 X95.869 Y107.931 E46.21312
G1 X95.706 Y107.323 E46.22808
G1 X96.164 Y106.866 E46.24348
G1 X95.745 Y105.302 E46.28199
G1 X95.120 Y105.135 E46.29739
G1 X94.701 Y103.572 E46.33590
G1 X95.159 Y103.114 E46.35130
G1 X94.740 Y101.551 E46.38981
G1 X94.115 Y101.383 E46.40521
G1 X93.696 Y99.820 E46.44372
G1 X94.153 Y99.362 E46.45912
G1 X93.735 Y97.799 E46.49763
G1 X93.109 Y97.631 E46.51303
G1 X93.016 Y97.282 E46.52164
G1 X95.918 Y97.282 F7800.000
G1 F4800.000
G1 X94.648 Y97.282 E46.55185
G1 X94.276 Y97.654 E46.56436
G1 X94.695 Y99.217 E46.60287
G1 X95.320 Y99.385 E46.61827
G1 X95.739 Y100.948 E46.65678
G1 X95.281 Y101.406 E46.67218
G1 X95.700 Y102.969 E46.71069
G1 X96.326 Y103.136 E46.72609
G1 X96.744 Y104.700 E46.76459
G1 X96.287 Y105.157 E46.78000
G1 X96.706 Y106.720 E46.81850
G1 X97.331 Y106.888 E46.83391
G1 X97.610 Y107.931 E46.85959
G1 X98.191 Y107.931 E46.87340
G1 X97.872 Y106.743 E46.90266
G1 X98.330 Y106.285 E46.91806
G1 X97.911 Y104.722 E46.95656
G1 X97.286 Y104.554 E46.97197
G1 X96.867 Y102.991 E47.01047
G1 X97.325 Y102.533 E47.02588
G1 X96.906 Y100.970 E47.06438
G1 X96.281 Y100.803 E47.07979
G1 X95.862 Y99.239 E47.11829
G1 X96.320 Y98.782 E47.13369
G1 X95.918 Y97.282 E47.17064
G1 X98.239 Y97.282 F7800.000
G1 F4800.000
G1 X96.498 Y97.282 E47.21207
G1 X96.861 Y98.637 E47.24544
G1 X97.486 Y98.804 E47.26084
G1 X97.905 Y100.367 E47.29935
G1 X97.447 Y100.825 E47.31475
G1 X97.866 Y102.388 E47.35326
G1 X98.492 Y102.556 E47.36866
G1 X98.911 Y104.119 E47.40717
G1 X98.453 Y104.577 E47.42257
G1 X98.872 Y106.140 E47.46108
G1 X99.497 Y106.308 E47.47648
G1 X99.916 Y107.871 E47.51499
G1 X99.856 Y107.931 E47.51700
G1 X101.093 Y107.931 E47.54642
G1 X101.083 Y107.893 E47.54734
G1 X100.457 Y107.726 E47.56274
G1 X100.038 Y106.163 E47.60125
G1 X100.496 Y105.705 E47.61665
G1 X100.077 Y104.142 E47.65516
G1 X99.452 Y103.974 E47.67056
G1 X99.033 Y102.411 E47.70907
G1 X99.491 Y101.953 E47.72447
G1 X99.072 Y100.390 E47.76298
G1 X98.447 Y100.222 E47.77838
G1 X98.028 Y98.659 E47.81689
G1 X98.486 Y98.201 E47.83229
G1 X98.239 Y97.282 E47.85494
G1 X100.561 Y97.282 F7800.000
G1 F4800.000
G1 X98.820 Y97.282 E47.89637
G1 X99.027 Y98.056 E47.91544
G1 X99.652 Y98.224 E47.93085
G1 X100.071 Y99.787 E47.96935
G1 X99.614 Y100.245 E47.98475
G1 X100.032 Y101.808 E48.02326
G1 X100.658 Y101.976 E48.03866
G1 X101.077 Y103.539 E48.07717
G1 X100.619 Y103.996 E48.09257
G1 X101.038 Y105.560 E48.13108
G1 X101.663 Y105.727 E48.14648
G1 X102.082 Y107.290 E48.18499
G1 X101.624 Y107.748 E48.20039
G1 X101.673 Y107.931 E48.20488
G1 X102.689 Y107.931 E48.22906
G1 X102.689 Y107.163 E48.24732
G1 X102.623 Y107.145 E48.24895
G1 X102.204 Y105.582 E48.28746
G1 X102.662 Y105.124 E48.30286
G1 X102.243 Y103.561 E48.34137
G1 X101.618 Y103.394 E48.35677
G1 X101.199 Y101.830 E48.39527
G1 X101.657 Y101.373 E48.41068
G1 X101.238 Y99.809 E48.44918
G1 X100.613 Y99.642 E48.46459
G1 X100.194 Y98.079 E48.50309
G1 X100.652 Y97.621 E48.51850
G1 X100.561 Y97.282 E48.52685
G1 X102.360 Y97.498 F7800.000
G1 F4800.000
G1 X102.576 Y97.282 E48.53413
G1 X101.141 Y97.282 E48.56828
G1 X101.193 Y97.476 E48.57306
G1 X101.818 Y97.643 E48.58846
G1 X102.237 Y99.207 E48.62697
G1 X101.780 Y99.664 E48.64237
G1 X102.198 Y101.228 E48.68088
G1 X102.692 Y101.360 E48.69303
G1 X102.693 Y98.741 E48.75533
G1 X102.360 Y97.498 E48.78595
G1 X92.574 Y102.131 F7800.000
G1 F4800.000
G1 X92.069 Y101.996 E48.79838
G1 X92.069 Y104.580 E48.85987
G1 X92.412 Y105.860 E48.89140
G1 X92.069 Y106.203 E48.90294
G1 X92.069 Y106.746 E48.91587
G1 X92.373 Y107.881 E48.94382
G1 X92.558 Y107.931 E48.94836
G1 X93.547 Y107.931 E48.97191
G1 X93.540 Y107.904 E48.97257
G1 X93.998 Y107.446 E48.98798
G1 X93.579 Y105.883 E49.02648
G1 X92.954 Y105.715 E49.04189
G1 X92.535 Y104.152 E49.08039
G1 X92.993 Y103.694 E49.09579
G1 X92.574 Y102.131 E49.13430
M106 S198.9
G1 Z18.450 F7800.000
G1 X108.529 Y108.529 F7800.000
G1 F3600.000
G1 X91.471 Y108.529 E49.59445
G1 X91.471 Y91.471 E50.05461
G1 X108.529 Y91.471 E50.51476
G1 X108.529 Y108.454 E50.97289
G1 X109.164 Y109.164 F7800.000
G1 F3600.000
G1 X90.836 Y109.164 E51.46734
G1 X90.836 Y90.836 E51.96178
G1 X109.164 Y90.836 E52.45623
G1 X109.164 Y109.089 E52.94865
G1 X109.725 Y109.725 F7800.000
G1 F1800.000
G1 X90.275 Y109.725 E53.34952
G1 X90.275 Y90.275 E53.75039
G1 X109.725 Y90.275 E54.15126
G1 X109.725 Y109.650 E54.55059
G1 X109.242 Y109.596 F7800.000
G1 X107.931 Y106.536 F7800.000
G1 F4800.000
G1 X107.208 Y106.342 E54.56840
G1 X107.208 Y107.931 E54.60619
G1 X107.784 Y107.931 E54.61991
G1 X107.931 Y107.784 E54.62484
G1 X107.931 Y106.536 E54.65454
G1 X107.931 Y104.214 F7800.000
G1 F4800.000
G1 X106.994 Y103.964 E54.67760
G1 X106.748 Y104.210 E54.68588
G1 X107.208 Y105.107 E54.70987
G1 X107.208 Y105.762 E54.72545
G1 X107.931 Y105.956 E54.74326
G1 X107.931 Y104.214 E54.78469
G1 X105.386 Y101.211 F7800.000
G1 F4800.000
G1 X105.186 Y101.158 E54.78961
G1 X105.875 Y102.503 E54.82557
G1 X106.972 Y102.797 E54.85259
G1 X107.139 Y103.422 E54.86800
G1 X107.931 Y103.634 E54.88749
G1 X107.931 Y101.893 E54.92891
G1 X107.575 Y101.798 E54.93768
G1 X107.117 Y102.255 E54.95308
G1 X105.554 Y101.836 E54.99159
G1 X105.386 Y101.211 E55.00699
G1 X105.967 Y99.045 F7800.000
G1 F4800.000
G1 X105.052 Y98.800 E55.02952
G1 X104.230 Y98.800 E55.04909
G1 X104.064 Y98.965 E55.05465
G1 X104.842 Y100.485 E55.09527
G1 X105.531 Y100.670 E55.11225
G1 X105.989 Y100.212 E55.12765
G1 X107.552 Y100.631 E55.16615
G1 X107.720 Y101.256 E55.18156
G1 X107.931 Y101.313 E55.18675
G1 X107.931 Y99.856 E55.22141
G1 X107.697 Y100.089 E55.22925
G1 X106.134 Y99.670 E55.26776
G1 X105.967 Y99.045 E55.28316
G1 X107.931 Y97.830 F7800.000
G1 F4800.000
G1 X107.392 Y97.686 E55.29642
G1 X107.392 Y98.266 E55.31023
G1 X107.931 Y98.411 E55.32349
G1 X107.931 Y97.830 E55.33730
G1 X107.931 Y95.509 F7800.000
G1 F4800.000
G1 X107.392 Y95.364 E55.35055
G1 X107.392 Y95.945 E55.36436
G1 X107.931 Y96.089 E55.37762
G1 X107.931 Y95.509 E55.39143
G1 X107.708 Y92.547 F7800.000
G1 F4800.000
G1 X107.392 Y92.462 E55.39920
G1 X107.392 Y94.051 E55.43701
G1 X107.730 Y93.714 E55.44837
G1 X107.931 Y93.767 E55.45331
G1 X107.931 Y93.187 E55.46712
G1 X107.875 Y93.172 E55.46848
G1 X107.708 Y92.547 E55.48388
G1 X107.042 Y92.354 F7800.000
G1 F1200.000
G1 X106.547 Y91.860 E55.50281
G1 X105.645 Y91.860 E55.52721
G1 X107.042 Y93.256 E55.58065
G1 X107.042 Y94.158 E55.60505
G1 X104.744 Y91.860 E55.69301
G1 X103.842 Y91.860 E55.71741
G1 X107.042 Y95.059 E55.83987
G1 X107.042 Y95.961 E55.86428
G1 X102.940 Y91.860 E56.02125
G1 X102.038 Y91.860 E56.04565
G1 X107.042 Y96.863 E56.23714
G1 X107.042 Y97.765 E56.26155
G1 X101.136 Y91.860 E56.48755
G1 X100.235 Y91.860 E56.51195
G1 X106.824 Y98.449 E56.76414
G1 X105.922 Y98.449 E56.78854
G1 X99.333 Y91.860 E57.04073
G1 X98.431 Y91.860 E57.06514
G1 X105.021 Y98.449 E57.31733
G1 X104.119 Y98.449 E57.34173
G1 X97.529 Y91.860 E57.59392
G1 X96.628 Y91.860 E57.61832
G1 X103.283 Y98.515 E57.87302
G1 X104.228 Y100.361 E57.92917
G1 X95.726 Y91.860 E58.25455
G1 X94.824 Y91.860 E58.27895
G1 X105.173 Y102.208 E58.67502
G1 X106.118 Y104.055 E58.73116
G1 X93.922 Y91.860 E59.19792
G1 X93.393 Y91.860 E59.21225
G1 X93.393 Y92.232 E59.22232
G1 X106.857 Y105.696 E59.73761
G1 X106.857 Y106.597 E59.76201
G1 X93.393 Y93.134 E60.27730
G1 X93.393 Y94.035 E60.30170
G1 X106.857 Y107.499 E60.81699
G1 X106.857 Y108.140 E60.83434
G1 X106.596 Y108.140 E60.84139
G1 X93.510 Y95.054 E61.34222
G1 X94.449 Y96.895 E61.39815
G1 X105.694 Y108.140 E61.82853
G1 X104.793 Y108.140 E61.85293
G1 X95.388 Y98.736 E62.21286
G1 X96.327 Y100.577 E62.26878
G1 X103.891 Y108.140 E62.55826
G1 X102.989 Y108.140 E62.58267
G1 X96.725 Y101.876 E62.82241
G1 X95.823 Y101.876 E62.84681
G1 X102.087 Y108.140 E63.08656
G1 X101.185 Y108.140 E63.11096
G1 X94.921 Y101.876 E63.35071
G1 X94.019 Y101.876 E63.37511
G1 X100.284 Y108.140 E63.61485
G1 X99.382 Y108.140 E63.63926
G1 X93.477 Y102.235 E63.86526
G1 X93.477 Y103.137 E63.88966
G1 X98.480 Y108.140 E64.08115
G1 X97.578 Y108.140 E64.10555
G1 X93.477 Y104.039 E64.26253
G1 X93.477 Y104.941 E64.28693
G1 X96.677 Y108.140 E64.40940
G1 X95.775 Y108.140 E64.43380
G1 X93.477 Y105.842 E64.52175
G1 X93.477 Y106.744 E64.54615
G1 X94.873 Y108.140 E64.59959
G1 X93.971 Y108.140 E64.62400
G1 X93.477 Y107.646 E64.64293
G1 X93.126 Y107.793 F7800.000
G1 F4800.000
G1 X92.069 Y107.510 E64.66895
G1 X92.069 Y107.931 E64.67897
G1 X93.126 Y107.931 E64.70411
G1 X93.126 Y107.793 E64.70739
G1 X92.390 Y104.694 F7800.000
G1 F4800.000
G1 X92.069 Y104.608 E64.71529
G1 X92.069 Y106.203 E64.75325
G1 X92.412 Y105.860 E64.76479
G1 X93.126 Y106.052 E64.78237
G1 X93.126 Y105.471 E64.79618
G1 X92.557 Y105.319 E64.81019
G1 X92.390 Y104.694 E64.82559
G1 X92.970 Y102.527 F7800.000
G1 F4800.000
G1 X92.069 Y102.286 E64.84778
G1 X92.069 Y104.027 E64.88921
G1 X92.535 Y104.152 E64.90068
G1 X92.993 Y103.694 E64.91608
G1 X93.126 Y103.730 E64.91936
G1 X93.126 Y103.108 E64.93415
G1 X92.970 Y102.527 E64.94846
G1 X93.551 Y100.361 F7800.000
G1 F4800.000
G1 X92.069 Y99.964 E64.98495
G1 X92.069 Y101.706 E65.02638
G1 X93.115 Y101.986 E65.05214
G1 X93.126 Y101.525 E65.06311
G1 X96.261 Y101.525 E65.13769
G1 X96.002 Y101.018 E65.15124
G1 X95.739 Y100.948 E65.15771
G1 X95.281 Y101.406 E65.17311
G1 X93.718 Y100.987 E65.21162
G1 X93.551 Y100.361 E65.22702
G1 X94.131 Y98.195 F7800.000
G1 F4800.000
G1 X92.568 Y97.776 E65.26553
G1 X92.110 Y98.234 E65.28093
G1 X92.069 Y98.223 E65.28193
G1 X92.069 Y99.165 E65.30434
G1 X92.133 Y99.401 E65.31015
G1 X93.696 Y99.820 E65.34866
G1 X94.153 Y99.362 E65.36406
G1 X95.316 Y99.674 E65.39270
G1 X94.973 Y99.001 E65.41066
G1 X94.299 Y98.821 E65.42727
G1 X94.131 Y98.195 E65.44267
G1 X93.258 Y95.640 F7800.000
G1 F4800.000
G1 X93.148 Y95.610 E65.44539
G1 X92.690 Y96.068 E65.46079
G1 X92.069 Y95.902 E65.47609
G1 X92.069 Y96.482 E65.48990
G1 X92.545 Y96.610 E65.50162
G1 X92.713 Y97.235 E65.51703
G1 X94.276 Y97.654 E65.55553
G1 X93.258 Y95.640 E65.60922
G1 X93.042 Y93.841 F7800.000
G1 F4800.000
G1 X92.069 Y93.580 E65.63318
G1 X92.069 Y94.161 E65.64699
G1 X93.042 Y94.421 E65.67094
G1 X93.042 Y93.841 E65.68475
G1 X93.042 Y92.100 F7800.000
G1 F4800.000
G1 X93.042 Y92.069 E65.68547
G1 X92.929 Y92.069 E65.68815
G1 X93.042 Y92.100 E65.69093
M106 S201.45
G1 Z18.750 F7800.000
G1 X108.529 Y108.529 F7800.000
G1 F3600.000
G1 X91.471 Y108.529 E66.15108
G1 X91.471 Y91.471 E66.61123
G1 X108.529 Y91.471 E67.07139
G1 X108.529 Y108.454 E67.52952
G1 X109.164 Y109.164 F7800.000
G1 F3600.000
G1 X90.836 Y109.164 E68.02396
G1 X90.836 Y90.836 E68.51841
G1 X109.164 Y90.836 E69.01285
G1 X109.164 Y109.089 E69.50528
G1 X109.725 Y109.725 F7800.000
G1 F1800.000
G1 X90.275 Y109.725 E69.90615
G1 X90.275 Y90.275 E70.30702
G1 X109.725 Y90.275 E70.70789
G1 X109.725 Y109.650 E71.10722
G1 X109.242 Y109.596 F7800.000
G1 X107.931 Y107.388 F7800.000
G1 F4800.000
G1 X107.931 Y105.802 E71.14494
G1 X107.581 Y106.152 E71.15672
G1 X107.208 Y106.052 E71.16591
G1 X107.208 Y107.931 E71.21061
G1 X107.388 Y107.931 E71.21490
G1 X107.931 Y107.388 E71.23316
G1 X107.931 Y103.924 F7800.000
G1 F4800.000
G1 X107.931 Y101.838 E71.28280
G1 X106.972 Y102.797 E71.31506
G1 X107.139 Y103.422 E71.33046
G1 X106.614 Y103.948 E71.34814
G1 X106.882 Y104.472 E71.36216
G1 X107.536 Y103.819 E71.38414
G1 X107.931 Y103.924 E71.39387
G1 X107.931 Y100.252 F7800.000
G1 F4800.000
G1 X107.931 Y99.460 E71.41273
G1 X107.156 Y100.234 E71.43880
G1 X106.531 Y100.067 E71.45420
G1 X105.386 Y101.211 E71.49271
G1 X105.554 Y101.836 E71.50811
G1 X105.541 Y101.850 E71.50856
G1 X105.809 Y102.374 E71.52258
G1 X105.950 Y102.233 E71.52733
G1 X106.576 Y102.400 E71.54273
G1 X107.720 Y101.256 E71.58124
G1 X107.552 Y100.631 E71.59664
G1 X107.931 Y100.252 E71.60937
G1 X105.967 Y99.045 F7800.000
G1 F4800.000
G1 X106.212 Y98.800 E71.61762
G1 X104.626 Y98.800 E71.65535
G1 X104.199 Y99.227 E71.66973
G1 X105.004 Y100.801 E71.71178
G1 X106.134 Y99.670 E71.74982
G1 X105.967 Y99.045 E71.76523
G1 X107.931 Y95.799 F7800.000
G1 F4800.000
G1 X107.691 Y95.735 E71.77112
G1 X107.392 Y96.034 E71.78118
G1 X107.392 Y97.976 E71.82740
G1 X107.736 Y98.068 E71.83587
G1 X107.931 Y97.874 E71.84241
G1 X107.931 Y95.799 E71.89178
G1 X107.931 Y93.910 F7800.000
G1 F4800.000
G1 X107.931 Y92.324 E71.92951
G1 X107.708 Y92.547 E71.93701
G1 X107.875 Y93.172 E71.95241
G1 X107.392 Y93.655 E71.96866
G1 X107.392 Y94.448 E71.98752
G1 X107.931 Y93.910 E72.00563
G1 X107.392 Y92.069 F7800.000
G1 F4800.000
G1 X107.392 Y92.069 E72.00563
G1 X105.850 Y98.449 F7800.000
G1 F1200.000
G1 X107.042 Y97.257 E72.05255
G1 X107.042 Y96.330 E72.07837
G1 X104.922 Y98.449 E72.16180
G1 X103.995 Y98.449 E72.18762
G1 X107.042 Y95.402 E72.30757
G1 X107.042 Y94.475 E72.33339
G1 X103.067 Y98.449 E72.48986
G1 X102.755 Y98.449 E72.49856
G1 X102.860 Y98.656 E72.50502
G1 X103.355 Y98.161 F7800.000
G1 F1200.000
G1 X93.477 Y108.039 E72.89390
G1 X93.477 Y108.140 E72.89672
G1 X94.303 Y108.140 E72.91972
G1 X103.669 Y98.775 E73.28843
G1 X103.983 Y99.389 E73.30762
G1 X95.231 Y108.140 E73.65216
G1 X96.159 Y108.140 E73.67798
G1 X104.297 Y100.002 E73.99838
G1 X104.611 Y100.616 E74.01756
G1 X97.086 Y108.140 E74.31380
G1 X98.014 Y108.140 E74.33962
G1 X104.925 Y101.229 E74.61170
G1 X105.239 Y101.843 E74.63089
G1 X98.941 Y108.140 E74.87881
G1 X99.869 Y108.140 E74.90463
G1 X105.553 Y102.456 E75.12839
G1 X105.867 Y103.070 E75.14758
G1 X100.797 Y108.140 E75.34719
G1 X101.724 Y108.140 E75.37301
G1 X106.181 Y103.684 E75.54847
G1 X106.495 Y104.297 E75.56765
G1 X102.652 Y108.140 E75.71895
G1 X103.579 Y108.140 E75.74477
G1 X106.809 Y104.911 E75.87191
G1 X106.857 Y105.004 E75.87484
G1 X106.857 Y105.791 E75.89673
G1 X104.507 Y108.140 E75.98923
G1 X105.435 Y108.140 E76.01505
G1 X106.857 Y106.718 E76.07104
G1 X106.857 Y107.646 E76.09686
G1 X106.362 Y108.140 E76.11633
G1 X96.778 Y101.955 F7800.000
G1 F1200.000
G1 X106.874 Y91.860 E76.51378
G1 X105.946 Y91.860 E76.53960
G1 X96.465 Y101.341 E76.91287
G1 X96.151 Y100.727 E76.93206
G1 X105.019 Y91.860 E77.28115
G1 X104.091 Y91.860 E77.30697
G1 X95.838 Y100.113 E77.63187
G1 X95.525 Y99.498 E77.65107
G1 X103.163 Y91.860 E77.95179
G1 X102.236 Y91.860 E77.97761
G1 X95.211 Y98.884 E78.25415
G1 X94.898 Y98.270 E78.27335
G1 X101.308 Y91.860 E78.52570
G1 X100.381 Y91.860 E78.55152
G1 X94.585 Y97.655 E78.77970
G1 X94.271 Y97.041 E78.79889
G1 X99.453 Y91.860 E79.00288
G1 X98.525 Y91.860 E79.02871
G1 X93.958 Y96.427 E79.20852
G1 X93.645 Y95.813 E79.22771
G1 X97.598 Y91.860 E79.38334
G1 X96.670 Y91.860 E79.40916
G1 X93.393 Y95.137 E79.53818
G1 X93.393 Y94.209 E79.56401
G1 X95.743 Y91.860 E79.65651
G1 X94.815 Y91.860 E79.68233
G1 X93.393 Y93.282 E79.73832
G1 X93.393 Y92.354 E79.76414
G1 X93.887 Y91.860 E79.78361
G1 X93.580 Y102.371 F7800.000
G1 F1200.000
G1 X93.477 Y102.371 E79.78649
G1 X93.477 Y102.474 E79.78936
G1 X94.074 Y101.876 E79.81288
G1 X95.002 Y101.876 E79.83871
G1 X93.477 Y103.401 E79.89875
G1 X93.477 Y104.329 E79.92457
G1 X95.930 Y101.876 E80.02113
G1 X96.857 Y101.876 E80.04696
G1 X93.477 Y105.257 E80.18004
G1 X93.477 Y106.184 E80.20586
G1 X107.042 Y92.619 E80.73988
G1 X107.042 Y93.547 E80.76570
G1 X93.477 Y107.112 E81.29972
G1 X93.126 Y107.931 F7800.000
G1 F4800.000
G1 X93.126 Y107.931 E81.29972
G1 X92.558 Y107.931 F7800.000
G1 F4800.000
G1 X92.373 Y107.881 E81.30426
G1 X92.324 Y107.931 E81.30592
G1 X92.558 Y107.931 E81.31148
G1 X93.126 Y105.761 F7800.000
G1 F4800.000
G1 X93.126 Y103.957 E81.35440
G1 X92.390 Y104.694 E81.37917
G1 X92.557 Y105.319 E81.39457
G1 X92.069 Y105.807 E81.41099
G1 X92.069 Y106.600 E81.42986
G1 X92.954 Y105.715 E81.45962
G1 X93.126 Y105.761 E81.46386
G1 X93.126 Y102.372 F7800.000
G1 F4800.000
G1 X93.126 Y101.579 E81.48272
G1 X92.574 Y102.131 E81.50130
G1 X92.069 Y101.996 E81.51373
G1 X92.069 Y104.221 E81.56668
G1 X93.126 Y103.165 E81.60223
G1 X93.126 Y103.108 E81.60357
G1 X92.970 Y102.527 E81.61788
G1 X93.126 Y102.372 E81.62312
G1 X96.261 Y101.525 F7800.000
G1 F4800.000
G1 X96.023 Y101.060 E81.63554
G1 X95.558 Y101.525 E81.65119
G1 X96.261 Y101.525 E81.66790
G1 X95.145 Y99.337 F7800.000
G1 F4800.000
G1 X94.695 Y99.217 E81.67897
G1 X93.551 Y100.361 E81.71748
G1 X93.718 Y100.987 E81.73288
G1 X93.180 Y101.525 E81.75100
G1 X93.973 Y101.525 E81.76987
G1 X94.115 Y101.383 E81.77465
G1 X94.645 Y101.525 E81.78771
G1 X94.765 Y101.525 E81.79058
G1 X95.755 Y100.535 E81.82390
G1 X95.145 Y99.337 E81.85588
G1 X94.416 Y97.910 F7800.000
G1 F4800.000
G1 X94.149 Y97.385 E81.86991
G1 X93.735 Y97.799 E81.88383
G1 X93.109 Y97.631 E81.89924
G1 X92.069 Y98.671 E81.93423
G1 X92.069 Y99.165 E81.94598
G1 X92.133 Y99.401 E81.95179
G1 X92.069 Y99.464 E81.95392
G1 X92.069 Y100.257 E81.97278
G1 X92.529 Y99.797 E81.98825
G1 X93.154 Y99.965 E82.00365
G1 X94.299 Y98.821 E82.04216
G1 X94.131 Y98.195 E82.05756
G1 X94.416 Y97.910 E82.06716
G1 X93.345 Y95.810 F7800.000
G1 F4800.000
G1 X93.077 Y95.285 E82.08118
G1 X92.149 Y96.213 E82.11242
G1 X92.069 Y96.192 E82.11438
G1 X92.069 Y97.879 E82.15451
G1 X92.713 Y97.235 E82.17617
G1 X92.545 Y96.610 E82.19157
G1 X93.345 Y95.810 E82.21848
G1 X93.042 Y93.735 F7800.000
G1 F4800.000
G1 X93.042 Y92.069 E82.25810
G1 X92.329 Y92.069 E82.27507
G1 X92.069 Y92.329 E82.28380
G1 X92.069 Y93.914 E82.32153
G1 X92.104 Y93.880 E82.32269
G1 X92.729 Y94.047 E82.33810
G1 X93.042 Y93.735 E82.34861
M106 S183.6
G1 Z19.050 F7800.000
G1 E80.34861 F2400.00000
G92 E0
G1 X108.529 Y108.529 F7800.000
G1 E2.00000 F2400.00000
G1 F3600.000
G1 X91.471 Y108.529 E2.46015
G1 X91.471 Y91.471 E2.92031
G1 X108.529 Y91.471 E3.38046
G1 X108.529 Y108.454 E3.83859
G1 X109.164 Y109.164 F7800.000
G1 F3600.000
G1 X90.836 Y109.164 E4.33303
G1 X90.836 Y90.836 E4.82748
G1 X109.164 Y90.836 E5.32193
G1 X109.164 Y109.089 E5.81435
G1 X109.725 Y109.725 F7800.000
G1 F1800.000
G1 X90.275 Y109.725 E6.21522
G1 X90.275 Y90.275 E6.61609
G1 X109.725 Y90.275 E7.01696
G1 X109.725 Y109.650 E7.41629
G1 X109.242 Y109.596 F7800.000
G1 X107.581 Y106.152 F7800.000
G1 F4800.000
G1 X107.208 Y106.052 E7.42548
G1 X107.208 Y107.931 E7.47018
G1 X107.784 Y107.931 E7.48390
G1 X107.931 Y107.784 E7.48882
G1 X107.931 Y107.458 E7.49659
G1 X107.581 Y106.152 E7.52875
G1 X105.989 Y100.212 F7800.000
G1 F4800.000
G1 X105.611 Y98.800 E7.56353
G1 X104.230 Y98.800 E7.59639
G1 X104.064 Y98.965 E7.60195
G1 X106.748 Y104.210 E7.74213
G1 X106.994 Y103.964 E7.75041
G1 X106.576 Y102.400 E7.78892
G1 X105.950 Y102.233 E7.80432
G1 X105.531 Y100.670 E7.84282
G1 X105.989 Y100.212 E7.85823
G1 X107.736 Y98.068 F7800.000
G1 F4800.000
G1 X107.393 Y97.976 E7.86670
G1 X107.393 Y98.800 E7.88630
G1 X106.191 Y98.800 E7.91488
G1 X106.531 Y100.067 E7.94609
G1 X107.156 Y100.234 E7.96149
G1 X107.575 Y101.798 E7.99999
G1 X107.117 Y102.255 E8.01540
G1 X107.536 Y103.819 E8.05390
G1 X107.931 Y103.924 E8.06363
G1 X107.931 Y100.960 E8.13417
G1 X107.697 Y100.089 E8.15561
G1 X107.931 Y99.856 E8.16346
G1 X107.931 Y98.794 E8.18873
G1 X107.736 Y98.068 E8.20660
G1 X107.931 Y92.295 F7800.000
G1 F4800.000
G1 X107.870 Y92.069 E8.21217
G1 X107.393 Y92.069 E8.22353
G1 X107.393 Y92.453 E8.23266
G1 X107.730 Y93.714 E8.26372
G1 X107.393 Y94.051 E8.27508
G1 X107.393 Y94.619 E8.28859
G1 X107.691 Y95.735 E8.31607
G1 X107.931 Y95.799 E8.32196
G1 X107.931 Y92.295 E8.40532
G1 X107.042 Y92.354 F7800.000
G1 F900.000
G1 X106.547 Y91.860 E8.42424
G1 X105.645 Y91.860 E8.44865
G1 X107.042 Y93.256 E8.50209
G1 X107.042 Y94.158 E8.52649
G1 X104.744 Y91.860 E8.61444
G1 X103.842 Y91.860 E8.63884
G1 X107.042 Y95.059 E8.76131
G1 X107.042 Y95.961 E8.78571
G1 X102.940 Y91.860 E8.94269
G1 X102.038 Y91.860 E8.96709
G1 X107.042 Y96.863 E9.15858
G1 X107.042 Y97.765 E9.18298
G1 X101.136 Y91.860 E9.40898
G1 X100.235 Y91.860 E9.43339
G1 X106.824 Y98.449 E9.68558
G1 X105.922 Y98.449 E9.70998
G1 X99.333 Y91.860 E9.96217
G1 X98.431 Y91.860 E9.98658
G1 X105.021 Y98.449 E10.23877
G1 X104.119 Y98.449 E10.26317
G1 X97.529 Y91.860 E10.51536
G1 X96.628 Y91.860 E10.53977
G1 X103.283 Y98.515 E10.79447
G1 X104.228 Y100.362 E10.85061
G1 X95.726 Y91.860 E11.17600
G1 X94.824 Y91.860 E11.20040
G1 X105.173 Y102.208 E11.59647
G1 X106.118 Y104.055 E11.65261
G1 X93.922 Y91.860 E12.11937
G1 X93.393 Y91.860 E12.13370
G1 X93.393 Y92.232 E12.14377
G1 X106.857 Y105.696 E12.65906
G1 X106.857 Y106.597 E12.68347
G1 X93.393 Y93.134 E13.19876
G1 X93.393 Y94.035 E13.22316
G1 X106.857 Y107.499 E13.73845
G1 X106.857 Y108.140 E13.75580
G1 X106.596 Y108.140 E13.76285
G1 X93.510 Y95.054 E14.26369
G1 X94.449 Y96.895 E14.31961
G1 X105.694 Y108.140 E14.74999
G1 X104.793 Y108.140 E14.77439
G1 X95.388 Y98.736 E15.13433
G1 X96.327 Y100.577 E15.19025
G1 X103.891 Y108.140 E15.47973
G1 X102.989 Y108.140 E15.50413
G1 X96.725 Y101.876 E15.74388
G1 X95.823 Y101.876 E15.76828
G1 X102.087 Y108.140 E16.00803
G1 X101.185 Y108.140 E16.03243
G1 X94.921 Y101.876 E16.27218
G1 X94.019 Y101.876 E16.29658
G1 X100.284 Y108.140 E16.53633
G1 X99.382 Y108.140 E16.56073
G1 X93.477 Y102.235 E16.78673
G1 X93.477 Y103.137 E16.81113
G1 X98.480 Y108.140 E17.00262
G1 X97.578 Y108.140 E17.02703
G1 X93.477 Y104.039 E17.18400
G1 X93.477 Y104.941 E17.20841
G1 X96.677 Y108.140 E17.33087
G1 X95.775 Y108.140 E17.35527
G1 X93.477 Y105.842 E17.44322
G1 X93.477 Y106.744 E17.46763
G1 X94.873 Y108.140 E17.52107
G1 X93.971 Y108.140 E17.54547
G1 X93.477 Y107.646 E17.56440
G1 X92.574 Y102.131 F7800.000
G1 F4800.000
G1 X92.069 Y101.996 E17.57683
G1 X92.069 Y104.580 E17.63832
G1 X92.412 Y105.860 E17.66985
G1 X92.069 Y106.203 E17.68139
G1 X92.069 Y106.746 E17.69431
G1 X92.373 Y107.881 E17.72227
G1 X92.558 Y107.931 E17.72681
G1 X93.126 Y107.931 E17.74033
G1 X93.126 Y105.761 E17.79194
G1 X92.954 Y105.715 E17.79618
G1 X92.535 Y104.152 E17.83469
G1 X92.993 Y103.694 E17.85009
G1 X92.574 Y102.131 E17.88860
G1 X93.126 Y102.025 F7800.000
G1 F4800.000
G1 X93.126 Y101.975 E17.88978
G1 X93.126 Y102.025 E17.89097
G1 X96.261 Y101.525 F7800.000
G1 F4800.000
G1 X95.488 Y100.011 E17.93141
G1 X95.739 Y100.948 E17.95448
G1 X95.281 Y101.406 E17.96989
G1 X95.313 Y101.525 E17.97283
G1 X96.261 Y101.525 E17.99537
G1 X95.145 Y99.337 F7800.000
G1 F4800.000
G1 X94.282 Y97.648 E18.04051
G1 X94.695 Y99.217 E18.07912
G1 X95.145 Y99.337 E18.09019
G1 X92.104 Y93.880 F7800.000
G1 F4800.000
G1 X92.069 Y93.750 E18.09338
G1 X92.069 Y96.192 E18.15148
G1 X92.149 Y96.213 E18.15345
G1 X92.568 Y97.776 E18.19195
G1 X92.110 Y98.234 E18.20735
G1 X92.529 Y99.797 E18.24586
G1 X93.154 Y99.965 E18.26126
G1 X93.572 Y101.525 E18.29970
G1 X94.645 Y101.525 E18.32522
G1 X94.115 Y101.383 E18.33828
G1 X93.696 Y99.820 E18.37678
G1 X94.153 Y99.362 E18.39219
G1 X93.735 Y97.799 E18.43069
G1 X93.109 Y97.631 E18.44610
G1 X92.690 Y96.068 E18.48460
G1 X93.148 Y95.610 E18.50001
G1 X92.729 Y94.047 E18.53851
G1 X92.104 Y93.880 E18.55391
M106 S206.55
G1 Z19.350 F7800.000
G1 E16.55391 F2400.00000
G92 E0
G1 X105.399 Y107.789 F7800.000
G1 E2.00000 F2400.00000
G1 F3600.000
G1 X94.935 Y107.789 E2.28227
G1 X94.935 Y103.334 E2.40245
G1 X99.214 Y103.334 E2.51789
G1 X94.851 Y94.781 E2.77692
G1 X94.851 Y92.536 E2.83749
G1 X105.583 Y92.536 E3.12701
G1 X105.583 Y96.991 E3.24719
G1 X101.022 Y96.991 E3.37025
G1 X105.399 Y105.543 E3.62942
G1 X105.399 Y107.714 E3.68798
G1 X104.763 Y107.154 F7800.000
G1 F3600.000
G1 X95.571 Y107.154 E3.93596
G1 X95.571 Y103.970 E4.02185
G1 X100.252 Y103.970 E4.14814
G1 X95.487 Y94.628 E4.43104
G1 X95.487 Y93.171 E4.47034
G1 X104.948 Y93.171 E4.72557
G1 X104.948 Y96.355 E4.81146
G1 X99.983 Y96.355 E4.94540
G1 X104.763 Y105.697 E5.22848
G1 X104.763 Y107.079 E5.26576
G1 X104.202 Y106.593 F7800.000
G1 F1800.000
G1 X96.131 Y106.593 E5.43211
G1 X96.131 Y104.530 E5.47462
G1 X101.167 Y104.530 E5.57842
G1 X96.047 Y94.493 E5.81065
G1 X96.047 Y93.732 E5.82634
G1 X104.387 Y93.732 E5.99823
G1 X104.387 Y95.795 E6.04074
G1 X99.066 Y95.795 E6.15041
G1 X104.202 Y105.832 E6.38279
G1 X104.202 Y106.518 E6.39694
G1 X104.276 Y107.088 F7800.000
G1 X108.529 Y108.529 F7800.000
G1 F3600.000
G1 X91.471 Y108.529 E6.85709
G1 X91.471 Y91.471 E7.31724
G1 X108.529 Y91.471 E7.77740
G1 X108.529 Y108.454 E8.23553
G1 X109.164 Y109.164 F7800.000
G1 F3600.000
G1 X90.836 Y109.164 E8.72997
G1 X90.836 Y90.836 E9.22442
G1 X109.164 Y90.836 E9.71887
G1 X109.164 Y109.089 E10.21129
G1 X109.725 Y109.725 F7800.000
G1 F1800.000
G1 X90.275 Y109.725 E10.61216
G1 X90.275 Y90.275 E11.01303
G1 X109.725 Y90.275 E11.41390
G1 X109.725 Y109.650 E11.81323
G1 X109.242 Y109.596 F7800.000
G1 X107.646 Y108.140 F7800.000
G1 F1200.000
G1 X108.140 Y107.646 E11.83216
G1 X108.140 Y106.744 E11.85659
G1 X106.744 Y108.140 E11.91008
G1 X106.105 Y108.140 E11.92737
G1 X106.105 Y107.877 E11.93451
G1 X108.140 Y105.841 E12.01245
G1 X108.140 Y104.939 E12.03688
G1 X105.787 Y107.293 E12.12700
G1 X105.787 Y106.390 E12.15143
G1 X108.140 Y104.037 E12.24154
G1 X108.140 Y103.135 E12.26597
G1 X105.736 Y105.539 E12.35802
G1 X105.431 Y104.942 E12.37617
G1 X108.140 Y102.232 E12.47992
G1 X108.140 Y101.330 E12.50435
G1 X105.126 Y104.345 E12.61979
G1 X104.820 Y103.748 E12.63794
G1 X108.140 Y100.428 E12.76508
G1 X108.140 Y99.526 E12.78951
G1 X104.515 Y103.151 E12.92834
G1 X104.209 Y102.555 E12.94649
G1 X108.140 Y98.624 E13.09701
G1 X108.140 Y97.721 E13.12144
G1 X103.904 Y101.958 E13.28366
G1 X103.599 Y101.361 E13.30182
G1 X108.140 Y96.819 E13.47573
G1 X108.140 Y95.917 E13.50016
G1 X103.293 Y100.764 E13.68577
G1 X102.988 Y100.167 E13.70392
G1 X105.776 Y97.379 E13.81068
G1 X104.873 Y97.379 E13.83511
G1 X102.682 Y99.570 E13.91901
G1 X102.377 Y98.974 E13.93716
G1 X103.971 Y97.379 E13.99821
G1 X103.069 Y97.379 E14.02264
G1 X102.071 Y98.377 E14.06084
G1 X101.814 Y97.874 E14.07614
G1 X102.575 Y97.874 E14.09673
G1 X105.972 Y97.183 F7800.000
G1 F1200.000
G1 X108.140 Y95.015 E14.17977
G1 X108.140 Y94.112 E14.20420
G1 X105.972 Y96.281 E14.28723
G1 X105.972 Y95.379 E14.31166
G1 X108.140 Y93.210 E14.39470
G1 X108.140 Y92.308 E14.41913
G1 X105.972 Y94.476 E14.50216
G1 X105.972 Y93.574 E14.52659
G1 X107.686 Y91.860 E14.59225
G1 X106.784 Y91.860 E14.61667
G1 X106.290 Y92.354 E14.63561
G1 X105.901 Y92.004 F7800.000
G1 F1200.000
G1 X94.533 Y92.004 E14.81152
G1 X91.860 Y92.354 F7800.000
G1 F1200.000
G1 X92.354 Y91.860 E14.83102
G1 X93.284 Y91.860 E14.85695
G1 X91.860 Y93.284 E14.91313
G1 X91.860 Y94.213 E14.93906
G1 X94.145 Y91.928 E15.02920
G1 X94.145 Y92.606 E15.04812
G1 X94.396 Y92.606 E15.05513
G1 X91.860 Y95.143 E15.15519
G1 X91.860 Y96.072 E15.18112
G1 X94.463 Y93.469 E15.28380
G1 X94.463 Y94.399 E15.30973
G1 X91.860 Y97.002 E15.41241
G1 X91.860 Y97.931 E15.43834
G1 X94.679 Y95.112 E15.54958
G1 X94.993 Y95.727 E15.56886
G1 X91.860 Y98.861 E15.69248
G1 X91.860 Y99.790 E15.71841
G1 X95.307 Y96.343 E15.85442
G1 X95.621 Y96.958 E15.87370
G1 X91.860 Y100.720 E16.02210
G1 X91.860 Y101.649 E16.04803
G1 X95.935 Y97.574 E16.20881
G1 X96.249 Y98.189 E16.22809
G1 X91.860 Y102.579 E16.40126
G1 X91.860 Y103.508 E16.42719
G1 X96.563 Y98.805 E16.61275
G1 X96.877 Y99.420 E16.63203
G1 X91.860 Y104.438 E16.82997
G1 X91.860 Y105.367 E16.85590
G1 X94.547 Y102.680 E16.96190
G1 X94.547 Y103.610 E16.98783
G1 X91.860 Y106.297 E17.09383
G1 X91.860 Y107.226 E17.11976
G1 X94.547 Y104.539 E17.22576
G1 X94.547 Y105.469 E17.25169
G1 X91.875 Y108.140 E17.35707
G1 X92.805 Y108.140 E17.38300
G1 X94.547 Y106.399 E17.45171
G1 X94.547 Y107.224 E17.47475
G1 X94.229 Y107.224 E17.48362
G1 X94.229 Y107.646 E17.49537
G1 X93.734 Y108.140 E17.51488
G1 X94.052 Y103.175 F7800.000
G1 F1200.000
G1 X94.052 Y102.946 E17.52127
G1 X94.281 Y102.946 E17.52766
G1 X97.191 Y100.036 E17.64246
G1 X97.505 Y100.651 E17.66174
G1 X95.211 Y102.946 E17.75226
G1 X96.140 Y102.946 E17.77819
G1 X97.819 Y101.267 E17.84443
G1 X98.133 Y101.882 E17.86371
G1 X97.070 Y102.946 E17.90566
G1 X94.617 Y108.159 F7800.000
G1 F1200.000
G1 X105.716 Y108.159 E17.92423
G1 Z19.650 F7800.000
G1 X105.399 Y107.789 F7800.000
G1 F3600.000
G1 X94.935 Y107.789 E18.20650
G1 X94.935 Y103.334 E18.32668
G1 X99.214 Y103.334 E18.44212
G1 X94.851 Y94.781 E18.70115
G1 X94.851 Y92.536 E18.76171
G1 X105.583 Y92.536 E19.05124
G1 X105.583 Y96.991 E19.17142
G1 X101.022 Y96.991 E19.29447
G1 X105.399 Y105.543 E19.55364
G1 X105.399 Y107.714 E19.61221
G1 X104.763 Y107.154 F7800.000
G1 F3600.000
G1 X95.571 Y107.154 E19.86019
G1 X95.571 Y103.970 E19.94608
G1 X100.252 Y103.970 E20.07236
G1 X95.487 Y94.628 E20.35527
G1 X95.487 Y93.171 E20.39456
G1 X104.948 Y93.171 E20.64979
G1 X104.948 Y96.355 E20.73568
G1 X99.983 Y96.355 E20.86963
G1 X104.763 Y105.697 E21.15270
G1 X104.763 Y107.079 E21.18999
G1 X104.202 Y106.593 F7800.000
G1 F1800.000
G1 X96.131 Y106.593 E21.35634
G1 X96.131 Y104.530 E21.39885
G1 X101.167 Y104.530 E21.50264
G1 X96.047 Y94.493 E21.73487
G1 X96.047 Y93.732 E21.75056
G1 X104.387 Y93.732 E21.92245
G1 X104.387 Y95.795 E21.96497
G1 X99.066 Y95.795 E22.07464
G1 X104.202 Y105.832 E22.30702
G1 X104.202 Y106.518 E22.32116
G1 X104.276 Y107.088 F7800.000
G1 X108.529 Y108.529 F7800.000
G1 F3600.000
G1 X91.471 Y108.529 E22.78132
G1 X91.471 Y91.471 E23.24147
G1 X108.529 Y91.471 E23.70162
G1 X108.529 Y108.454 E24.15975
G1 X109.164 Y109.164 F7800.000
G1 F3600.000
G1 X90.836 Y109.164 E24.65420
G1 X90.836 Y90.836 E25.14865
G1 X109.164 Y90.836 E25.64309
G1 X109.164 Y109.089 E26.13551
G1 X109.725 Y109.725 F7800.000
G1 F1800.000
G1 X90.275 Y109.725 E26.53639
G1 X90.275 Y90.275 E26.93726
G1 X109.725 Y90.275 E27.33813
G1 X109.725 Y109.650 E27.73745
G1 X109.242 Y109.596 F7800.000
G1 X106.599 Y108.140 F7800.000
G1 F1200.000
G1 X106.105 Y107.646 E27.75659
G1 X106.105 Y107.224 E27.76812
G1 X105.787 Y107.224 E27.77682
G1 X105.787 Y106.416 E27.79894
G1 X107.511 Y108.140 E27.86568
G1 X108.140 Y108.140 E27.88290
G1 X108.140 Y107.857 E27.89064
G1 X105.787 Y105.504 E27.98173
G1 X105.787 Y105.143 E27.99161
G1 X105.210 Y104.015 E28.02629
G1 X108.140 Y106.946 E28.13973
G1 X108.140 Y106.034 E28.16469
G1 X104.254 Y102.147 E28.31511
G1 X103.298 Y100.279 E28.37254
G1 X108.140 Y105.122 E28.55996
G1 X108.140 Y104.210 E28.58492
G1 X102.342 Y98.411 E28.80934
G1 X101.814 Y97.379 E28.84107
G1 X102.222 Y97.379 E28.85223
G1 X108.140 Y103.298 E29.08130
G1 X108.140 Y102.386 E29.10626
G1 X103.134 Y97.379 E29.30003
G1 X104.046 Y97.379 E29.32499
G1 X108.140 Y101.474 E29.48346
G1 X108.140 Y100.562 E29.50842
G1 X104.958 Y97.379 E29.63160
G1 X105.870 Y97.379 E29.65656
G1 X108.140 Y99.650 E29.74444
G1 X108.140 Y98.738 E29.76940
G1 X105.972 Y96.569 E29.85333
G1 X105.972 Y95.657 E29.87829
G1 X108.140 Y97.826 E29.96222
G1 X108.140 Y96.914 E29.98718
G1 X105.972 Y94.745 E30.07111
G1 X105.972 Y93.834 E30.09607
G1 X108.140 Y96.002 E30.18000
G1 X108.140 Y95.090 E30.20496
G1 X105.972 Y92.922 E30.28889
G1 X105.972 Y92.606 E30.29751
G1 X106.290 Y92.606 E30.30621
G1 X106.290 Y92.327 E30.31385
G1 X108.140 Y94.178 E30.38548
G1 X108.140 Y93.266 E30.41044
G1 X106.734 Y91.860 E30.46488
G1 X107.646 Y91.860 E30.48984
G1 X108.140 Y92.354 E30.50898
G1 X105.901 Y92.004 F7800.000
G1 F1200.000
G1 X94.533 Y92.004 E30.68489
G1 X94.145 Y92.354 F7800.000
G1 F1200.000
G1 X93.650 Y91.860 E30.70430
G1 X92.725 Y91.860 E30.72999
G1 X94.463 Y93.597 E30.79820
G1 X94.463 Y94.522 E30.82388
G1 X91.860 Y91.919 E30.92608
G1 X91.860 Y92.844 E30.95176
G1 X94.740 Y95.725 E31.06485
G1 X95.703 Y97.613 E31.12370
G1 X91.860 Y93.769 E31.27462
G1 X91.860 Y94.695 E31.30030
G1 X96.667 Y99.502 E31.48903
G1 X97.630 Y101.390 E31.54789
G1 X91.860 Y95.620 E31.77444
G1 X91.860 Y96.545 E31.80012
G1 X98.261 Y102.946 E32.05144
G1 X97.336 Y102.946 E32.07713
G1 X91.860 Y97.470 E32.29213
G1 X91.860 Y98.395 E32.31781
G1 X96.411 Y102.946 E32.49649
G1 X95.486 Y102.946 E32.52217
G1 X91.860 Y99.320 E32.66453
G1 X91.860 Y100.245 E32.69021
G1 X94.560 Y102.946 E32.79625
G1 X94.547 Y102.946 E32.79664
G1 X94.547 Y103.857 E32.82193
G1 X91.860 Y101.170 E32.92743
G1 X91.860 Y102.095 E32.95311
G1 X94.547 Y104.782 E33.05861
G1 X94.547 Y105.707 E33.08429
G1 X91.860 Y103.020 E33.18978
G1 X91.860 Y103.945 E33.21547
G1 X94.547 Y106.632 E33.32096
G1 X94.547 Y107.557 E33.34664
G1 X91.860 Y104.871 E33.45214
G1 X91.860 Y105.796 E33.47782
G1 X94.204 Y108.140 E33.56988
G1 X93.279 Y108.140 E33.59556
G1 X91.860 Y106.721 E33.65130
G1 X91.860 Y107.646 E33.67698
G1 X92.354 Y108.140 E33.69639
G1 X94.617 Y108.159 F7800.000
G1 F1200.000
G1 X105.716 Y108.159 E33.71495
G1 Z19.950 F7800.000
G1 X105.399 Y107.789 F7800.000
G1 F3600.000
G1 X94.935 Y107.789 E33.99722
G1 X94.935 Y103.334 E34.11741
G1 X99.214 Y103.334 E34.23285
G1 X94.851 Y94.781 E34.49188
G1 X94.851 Y92.536 E34.55244
G1 X105.583 Y92.536 E34.84196
G1 X105.583 Y96.991 E34.96215
G1 X101.022 Y96.991 E35.08520
G1 X105.399 Y105.543 E35.34437
G1 X105.399 Y107.714 E35.40294
G1 X104.763 Y107.154 F7800.000
G1 F3600.000
G1 X95.571 Y107.154 E35.65091
G1 X95.571 Y103.970 E35.73680
G1 X100.252 Y103.970 E35.86309
G1 X95.487 Y94.628 E36.14600
G1 X95.487 Y93.171 E36.18529
G1 X104.948 Y93.171 E36.44052
G1 X104.948 Y96.355 E36.52641
G1 X99.983 Y96.355 E36.66036
G1 X104.763 Y105.697 E36.94343
G1 X104.763 Y107.079 E36.98072
G1 X104.202 Y106.593 F7800.000
G1 F1800.000
G1 X96.131 Y106.593 E37.14706
G1 X96.131 Y104.530 E37.18958
G1 X101.167 Y104.530 E37.29337
G1 X96.047 Y94.493 E37.52560
G1 X96.047 Y93.732 E37.54129
G1 X104.387 Y93.732 E37.71318
G1 X104.387 Y95.795 E37.75569
G1 X99.066 Y95.795 E37.86537
G1 X104.202 Y105.832 E38.09775
G1 X104.202 Y106.518 E38.11189
G1 X104.276 Y107.088 F7800.000
G1 X108.529 Y108.529 F7800.000
G1 F3600.000
G1 X91.471 Y108.529 E38.57205
G1 X91.471 Y91.471 E39.03220
G1 X108.529 Y91.471 E39.49235
G1 X108.529 Y108.454 E39.95048
G1 X109.164 Y109.164 F7800.000
G1 F3600.000
G1 X90.836 Y109.164 E40.44493
G1 X90.836 Y90.836 E40.93937
G1 X109.164 Y90.836 E41.43382
G1 X109.164 Y109.089 E41.92624
G1 X109.725 Y109.725 F7800.000
G1 F1800.000
G1 X90.275 Y109.725 E42.32711
G1 X90.275 Y90.275 E42.72799
G1 X109.725 Y90.275 E43.12886
G1 X109.725 Y109.650 E43.52818
G1 X109.242 Y109.596 F7800.000
G1 X107.646 Y108.140 F7800.000
G1 F1200.000
G1 X108.140 Y107.646 E43.54712
G1 X108.140 Y106.744 E43.57155
G1 X106.744 Y108.140 E43.62503
G1 X106.105 Y108.140 E43.64233
G1 X106.105 Y107.877 E43.64946
G1 X108.140 Y105.841 E43.72741
G1 X108.140 Y104.939 E43.75184
G1 X105.787 Y107.293 E43.84195
G1 X105.787 Y106.390 E43.86638
G1 X108.140 Y104.037 E43.95650
G1 X108.140 Y103.135 E43.98093
G1 X105.736 Y105.539 E44.07298
G1 X105.431 Y104.942 E44.09113
G1 X108.140 Y102.232 E44.19487
G1 X108.140 Y101.330 E44.21930
G1 X105.126 Y104.345 E44.33474
G1 X104.820 Y103.748 E44.35290
G1 X108.140 Y100.428 E44.48003
G1 X108.140 Y99.526 E44.50446
G1 X104.515 Y103.151 E44.64329
G1 X104.209 Y102.555 E44.66144
G1 X108.140 Y98.624 E44.81197
G1 X108.140 Y97.721 E44.83640
G1 X103.904 Y101.958 E44.99862
G1 X103.599 Y101.361 E45.01677
G1 X108.140 Y96.819 E45.19069
G1 X108.140 Y95.917 E45.21511
G1 X103.293 Y100.764 E45.40072
G1 X102.988 Y100.167 E45.41888
G1 X105.776 Y97.379 E45.52563
G1 X104.873 Y97.379 E45.55006
G1 X102.682 Y99.570 E45.63396
G1 X102.377 Y98.974 E45.65212
G1 X103.971 Y97.379 E45.71316
G1 X103.069 Y97.379 E45.73759
G1 X102.071 Y98.377 E45.77579
G1 X101.814 Y97.874 E45.79109
G1 X102.575 Y97.874 E45.81169
G1 X105.972 Y97.183 F7800.000
G1 F1200.000
G1 X108.140 Y95.015 E45.89472
G1 X108.140 Y94.112 E45.91915
G1 X105.972 Y96.281 E46.00219
G1 X105.972 Y95.379 E46.02662
G1 X108.140 Y93.210 E46.10965
G1 X108.140 Y92.308 E46.13408
G1 X105.972 Y94.476 E46.21712
G1 X105.972 Y93.574 E46.24155
G1 X107.686 Y91.860 E46.30720
G1 X106.784 Y91.860 E46.33163
G1 X106.290 Y92.354 E46.35056
G1 X105.901 Y92.004 F7800.000
G1 F1200.000
G1 X94.533 Y92.004 E46.52647
G1 X91.860 Y92.354 F7800.000
G1 F1200.000
G1 X92.354 Y91.860 E46.54597
G1 X93.284 Y91.860 E46.57190
G1 X91.860 Y93.284 E46.62808
G1 X91.860 Y94.213 E46.65401
G1 X94.145 Y91.928 E46.74416
G1 X94.145 Y92.606 E46.76308
G1 X94.396 Y92.606 E46.77009
G1 X91.860 Y95.143 E46.87014
G1 X91.860 Y96.072 E46.89607
G1 X94.463 Y93.469 E46.99875
G1 X94.463 Y94.399 E47.02468
G1 X91.860 Y97.002 E47.12737
G1 X91.860 Y97.931 E47.15330
G1 X94.679 Y95.112 E47.26454
G1 X94.993 Y95.727 E47.28381
G1 X91.860 Y98.861 E47.40744
G1 X91.860 Y99.790 E47.43337
G1 X95.307 Y96.343 E47.56938
G1 X95.621 Y96.958 E47.58865
G1 X91.860 Y100.720 E47.73705
G1 X91.860 Y101.649 E47.76298
G1 X95.935 Y97.574 E47.92377
G1 X96.249 Y98.189 E47.94304
G1 X91.860 Y102.579 E48.11622
G1 X91.860 Y103.508 E48.14215
G1 X96.563 Y98.805 E48.32771
G1 X96.877 Y99.420 E48.34698
G1 X91.860 Y104.438 E48.54493
G1 X91.860 Y105.367 E48.57086
G1 X94.547 Y102.680 E48.67686
G1 X94.547 Y103.610 E48.70278
G1 X91.860 Y106.297 E48.80878
G1 X91.860 Y107.226 E48.83471
G1 X94.547 Y104.539 E48.94071
G1 X94.547 Y105.469 E48.96664
G1 X91.875 Y108.140 E49.07202
G1 X92.805 Y108.140 E49.09795
G1 X94.547 Y106.399 E49.16667
G1 X94.547 Y107.224 E49.18971
G1 X94.229 Y107.224 E49.19857
G1 X94.229 Y107.646 E49.21033
G1 X93.734 Y108.140 E49.22984
G1 X94.052 Y103.175 F7800.000
G1 F1200.000
G1 X94.052 Y102.946 E49.23623
G1 X94.281 Y102.946 E49.24261
G1 X97.191 Y100.036 E49.35742
G1 X97.505 Y100.651 E49.37669
G1 X95.211 Y102.946 E49.46722
G1 X96.140 Y102.946 E49.49315
G1 X97.819 Y101.267 E49.55939
G1 X98.133 Y101.882 E49.57866
G1 X97.070 Y102.946 E49.62062
G1 X94.617 Y108.159 F7800.000
G1 F1200.000
G1 X105.716 Y108.159 E49.63918
G1 Z20.250 F7800.000
G1 X105.399 Y107.789 F7800.000
G1 F3600.000
G1 X94.935 Y107.789 E49.92145
G1 X94.935 Y103.334 E50.04163
G1 X99.214 Y103.334 E50.15707
G1 X94.851 Y94.781 E50.41610
G1 X94.851 Y92.536 E50.47667
G1 X105.583 Y92.536 E50.76619
G1 X105.583 Y96.991 E50.88637
G1 X101.022 Y96.991 E51.00943
G1 X105.399 Y105.543 E51.26860
G1 X105.399 Y107.714 E51.32716
G1 X104.763 Y107.154 F7800.000
G1 F3600.000
G1 X95.571 Y107.154 E51.57514
G1 X95.571 Y103.970 E51.66103
G1 X100.252 Y103.970 E51.78732
G1 X95.487 Y94.628 E52.07022
G1 X95.487 Y93.171 E52.10952
G1 X104.948 Y93.171 E52.36475
G1 X104.948 Y96.355 E52.45064
G1 X99.983 Y96.355 E52.58458
G1 X104.763 Y105.697 E52.86766
G1 X104.763 Y107.079 E52.90494
G1 X104.202 Y106.593 F7800.000
G1 F1800.000
G1 X96.131 Y106.593 E53.07129
G1 X96.131 Y104.530 E53.11380
G1 X101.167 Y104.530 E53.21760
G1 X96.047 Y94.493 E53.44983
G1 X96.047 Y93.732 E53.46552
G1 X104.387 Y93.732 E53.63741
G1 X104.387 Y95.795 E53.67992
G1 X99.066 Y95.795 E53.78959
G1 X104.202 Y105.832 E54.02197
G1 X104.202 Y106.518 E54.03612
G1 X104.276 Y107.088 F7800.000
G1 X108.529 Y108.529 F7800.000
G1 F3600.000
G1 X91.471 Y108.529 E54.49627
G1 X91.471 Y91.471 E54.95642
G1 X108.529 Y91.471 E55.41658
G1 X108.529 Y108.454 E55.87471
G1 X109.164 Y109.164 F7800.000
G1 F3600.000
G1 X90.836 Y109.164 E56.36915
G1 X90.836 Y90.836 E56.86360
G1 X109.164 Y90.836 E57.35805
G1 X109.164 Y109.089 E57.85047
G1 X109.725 Y109.725 F7800.000
G1 F1800.000
G1 X90.275 Y109.725 E58.25134
G1 X90.275 Y90.275 E58.65221
G1 X109.725 Y90.275 E59.05308
G1 X109.725 Y109.650 E59.45241
G1 X109.242 Y109.596 F7800.000
G1 X106.599 Y108.140 F7800.000
G1 F1200.000
G1 X106.105 Y107.646 E59.47154
G1 X106.105 Y107.224 E59.48308
G1 X105.787 Y107.224 E59.49177
G1 X105.787 Y106.416 E59.51390
G1 X107.511 Y108.140 E59.58064
G1 X108.140 Y108.140 E59.59785
G1 X108.140 Y107.857 E59.60559
G1 X105.787 Y105.504 E59.69668
G1 X105.787 Y105.143 E59.70656
G1 X105.210 Y104.015 E59.74125
G1 X108.140 Y106.946 E59.85468
G1 X108.140 Y106.034 E59.87964
G1 X104.254 Y102.147 E60.03007
G1 X103.298 Y100.279 E60.08749
G1 X108.140 Y105.122 E60.27491
G1 X108.140 Y104.210 E60.29987
G1 X102.342 Y98.411 E60.52429
G1 X101.814 Y97.379 E60.55602
G1 X102.222 Y97.379 E60.56719
G1 X108.140 Y103.298 E60.79626
G1 X108.140 Y102.386 E60.82121
G1 X103.134 Y97.379 E61.01499
G1 X104.046 Y97.379 E61.03994
G1 X108.140 Y101.474 E61.19842
G1 X108.140 Y100.562 E61.22338
G1 X104.958 Y97.379 E61.34655
G1 X105.870 Y97.379 E61.37151
G1 X108.140 Y99.650 E61.45939
G1 X108.140 Y98.738 E61.48435
G1 X105.972 Y96.569 E61.56828
G1 X105.972 Y95.657 E61.59324
G1 X108.140 Y97.826 E61.67717
G1 X108.140 Y96.914 E61.70213
G1 X105.972 Y94.745 E61.78606
G1 X105.972 Y93.834 E61.81102
G1 X108.140 Y96.002 E61.89495
G1 X108.140 Y95.090 E61.91991
G1 X105.972 Y92.922 E62.00384
G1 X105.972 Y92.606 E62.01247
G1 X106.290 Y92.606 E62.02117
G1 X106.290 Y92.327 E62.02880
G1 X108.140 Y94.178 E62.10043
G1 X108.140 Y93.266 E62.12539
G1 X106.734 Y91.860 E62.17983
G1 X107.646 Y91.860 E62.20479
G1 X108.140 Y92.354 E62.22393
G1 X105.901 Y92.004 F7800.000
G1 F1200.000
G1 X94.533 Y92.004 E62.39984
G1 X94.145 Y92.354 F7800.000
G1 F1200.000
G1 X93.650 Y91.860 E62.41926
G1 X92.725 Y91.860 E62.44494
G1 X94.463 Y93.597 E62.51315
G1 X94.463 Y94.522 E62.53884
G1 X91.860 Y91.919 E62.64103
G1 X91.860 Y92.844 E62.66672
G1 X94.740 Y95.725 E62.77980
G1 X95.703 Y97.613 E62.83866
G1 X91.860 Y93.769 E62.98957
G1 X91.860 Y94.695 E63.01525
G1 X96.667 Y99.502 E63.20399
G1 X97.630 Y101.390 E63.26284
G1 X91.860 Y95.620 E63.48940
G1 X91.860 Y96.545 E63.51508
G1 X98.261 Y102.946 E63.76640
G1 X97.336 Y102.946 E63.79208
G1 X91.860 Y97.470 E64.00708
G1 X91.860 Y98.395 E64.03277
G1 X96.411 Y102.946 E64.21144
G1 X95.486 Y102.946 E64.23713
G1 X91.860 Y99.320 E64.37949
G1 X91.860 Y100.245 E64.40517
G1 X94.560 Y102.946 E64.51121
G1 X94.547 Y102.946 E64.51159
G1 X94.547 Y103.857 E64.53689
G1 X91.860 Y101.170 E64.64238
G1 X91.860 Y102.095 E64.66807
G1 X94.547 Y104.782 E64.77356
G1 X94.547 Y105.707 E64.79924
G1 X91.860 Y103.020 E64.90474
G1 X91.860 Y103.945 E64.93042
G1 X94.547 Y106.632 E65.03591
G1 X94.547 Y107.557 E65.06160
G1 X91.860 Y104.871 E65.16709
G1 X91.860 Y105.796 E65.19277
G1 X94.204 Y108.140 E65.28483
G1 X93.279 Y108.140 E65.31052
G1 X91.860 Y106.721 E65.36625
G1 X91.860 Y107.646 E65.39194
G1 X92.354 Y108.140 E65.41135
G1 X94.617 Y108.159 F7800.000
G1 F1200.000
G1 X105.716 Y108.159 E65.42991
G1 Z20.550 F7800.000
G1 X105.399 Y107.789 F7800.000
G1 F3600.000
G1 X94.935 Y107.789 E65.71218
G1 X94.935 Y103.334 E65.83236
G1 X99.214 Y103.334 E65.94780
G1 X94.851 Y94.781 E66.20683
G1 X94.851 Y92.536 E66.26739
G1 X105.583 Y92.536 E66.55692
G1 X105.583 Y96.991 E66.67710
G1 X101.022 Y96.991 E66.80016
G1 X105.399 Y105.543 E67.05933
G1 X105.399 Y107.714 E67.11789
G1 X104.763 Y107.154 F7800.000
G1 F3600.000
G1 X95.571 Y107.154 E67.36587
G1 X95.571 Y103.970 E67.45176
G1 X100.252 Y103.970 E67.57805
G1 X95.487 Y94.628 E67.86095
G1 X95.487 Y93.171 E67.90025
G1 X104.948 Y93.171 E68.15548
G1 X104.948 Y96.355 E68.24137
G1 X99.983 Y96.355 E68.37531
G1 X104.763 Y105.697 E68.65838
G1 X104.763 Y107.079 E68.69567
G1 X104.202 Y106.593 F7800.000
G1 F1800.000
G1 X96.131 Y106.593 E68.86202
G1 X96.131 Y104.530 E68.90453
G1 X101.167 Y104.530 E69.00833
G1 X96.047 Y94.493 E69.24056
G1 X96.047 Y93.732 E69.25625
G1 X104.387 Y93.732 E69.42814
G1 X104.387 Y95.795 E69.47065
G1 X99.066 Y95.795 E69.58032
G1 X104.202 Y105.832 E69.81270
G1 X104.202 Y106.518 E69.82685
G1 X104.276 Y107.088 F7800.000
G1 X108.529 Y108.529 F7800.000
G1 F3600.000
G1 X91.471 Y108.529 E70.28700
G1 X91.471 Y91.471 E70.74715
G1 X108.529 Y91.471 E71.20731
G1 X108.529 Y108.454 E71.66544
G1 X109.164 Y109.164 F7800.000
G1 F3600.000
G1 X90.836 Y109.164 E72.15988
G1 X90.836 Y90.836 E72.65433
G1 X109.164 Y90.836 E73.14878
G1 X109.164 Y109.089 E73.64120
G1 X109.725 Y109.725 F7800.000
G1 F1800.000
G1 X90.275 Y109.725 E74.04207
G1 X90.275 Y90.275 E74.44294
G1 X109.725 Y90.275 E74.84381
G1 X109.725 Y109.650 E75.24314
G1 X109.242 Y109.596 F7800.000
G1 X107.646 Y108.140 F7800.000
G1 F1200.000
G1 X108.140 Y107.646 E75.26207
G1 X108.140 Y106.744 E75.28650
G1 X106.744 Y108.140 E75.33999
G1 X106.105 Y108.140 E75.35728
G1 X106.105 Y107.877 E75.36442
G1 X108.140 Y105.841 E75.44236
G1 X108.140 Y104.939 E75.46679
G1 X105.787 Y107.293 E75.55691
G1 X105.787 Y106.390 E75.58134
G1 X108.140 Y104.037 E75.67145
G1 X108.140 Y103.135 E75.69588
G1 X105.736 Y105.539 E75.78793
G1 X105.431 Y104.942 E75.80609
G1 X108.140 Y102.232 E75.90983
G1 X108.140 Y101.330 E75.93426
G1 X105.126 Y104.345 E76.04970
G1 X104.820 Y103.748 E76.06786
G1 X108.140 Y100.428 E76.19499
G1 X108.140 Y99.526 E76.21942
G1 X104.515 Y103.151 E76.35825
G1 X104.209 Y102.555 E76.37641
G1 X108.140 Y98.624 E76.52693
G1 X108.140 Y97.721 E76.55136
G1 X103.904 Y101.958 E76.71358
G1 X103.599 Y101.361 E76.73173
G1 X108.140 Y96.819 E76.90565
G1 X108.140 Y95.917 E76.93008
G1 X103.293 Y100.764 E77.11569
G1 X102.988 Y100.167 E77.13384
G1 X105.776 Y97.379 E77.24060
G1 X104.873 Y97.379 E77.26503
G1 X102.682 Y99.570 E77.34893
G1 X102.377 Y98.974 E77.36708
G1 X103.971 Y97.379 E77.42813
G1 X103.069 Y97.379 E77.45256
G1 X102.071 Y98.377 E77.49076
G1 X101.814 Y97.874 E77.50606
G1 X102.575 Y97.874 E77.52665
G1 X105.972 Y97.183 F7800.000
G1 F1200.000
G1 X108.140 Y95.015 E77.60969
G1 X108.140 Y94.112 E77.63412
G1 X105.972 Y96.281 E77.71716
G1 X105.972 Y95.379 E77.74159
G1 X108.140 Y93.210 E77.82462
G1 X108.140 Y92.308 E77.84905
G1 X105.972 Y94.476 E77.93209
G1 X105.972 Y93.574 E77.95652
G1 X107.686 Y91.860 E78.02217
G1 X106.784 Y91.860 E78.04660
G1 X106.290 Y92.354 E78.06553
G1 X105.901 Y92.004 F7800.000
G1 F1200.000
G1 X94.533 Y92.004 E78.24144
G1 X91.860 Y92.354 F7800.000
G1 F1200.000
G1 X92.354 Y91.860 E78.26095
G1 X93.284 Y91.860 E78.28688
G1 X91.860 Y93.284 E78.34306
G1 X91.860 Y94.213 E78.36899
G1 X94.145 Y91.928 E78.45913
G1 X94.145 Y92.606 E78.47805
G1 X94.396 Y92.606 E78.48506
G1 X91.860 Y95.143 E78.58512
G1 X91.860 Y96.072 E78.61105
G1 X94.463 Y93.469 E78.71373
G1 X94.463 Y94.399 E78.73966
G1 X91.860 Y97.002 E78.84235
G1 X91.860 Y97.931 E78.86827
G1 X94.679 Y95.111 E78.97951
G1 X94.993 Y95.727 E78.99879
G1 X91.860 Y98.861 E79.12242
G1 X91.860 Y99.790 E79.14835
G1 X95.307 Y96.343 E79.28436
G1 X95.621 Y96.958 E79.30363
G1 X91.860 Y100.720 E79.45203
G1 X91.860 Y101.649 E79.47796
G1 X95.935 Y97.574 E79.63875
G1 X96.249 Y98.189 E79.65803
G1 X91.860 Y102.579 E79.83120
G1 X91.860 Y103.508 E79.85713
G1 X96.563 Y98.805 E80.04269
G1 X96.877 Y99.420 E80.06197
G1 X91.860 Y104.438 E80.25992
G1 X91.860 Y105.367 E80.28584
G1 X94.547 Y102.680 E80.39184
G1 X94.547 Y103.610 E80.41777
G1 X91.860 Y106.297 E80.52377
G1 X91.860 Y107.226 E80.54970
G1 X94.547 Y104.539 E80.65570
G1 X94.547 Y105.469 E80.68163
G1 X91.875 Y108.140 E80.78702
G1 X92.805 Y108.140 E80.81295
G1 X94.547 Y106.399 E80.88166
G1 X94.547 Y107.224 E80.90470
G1 X94.229 Y107.224 E80.91356
G1 X94.229 Y107.646 E80.92532
G1 X93.734 Y108.140 E80.94483
G1 X94.052 Y103.175 F7800.000
G1 F1200.000
G1 X94.052 Y102.946 E80.95122
G1 X94.281 Y102.946 E80.95760
G1 X97.191 Y100.036 E81.07241
G1 X97.505 Y100.651 E81.09169
G1 X95.211 Y102.946 E81.18221
G1 X96.140 Y102.946 E81.20814
G1 X97.819 Y101.267 E81.27438
G1 X98.133 Y101.882 E81.29366
G1 X97.070 Y102.946 E81.33561
G1 X94.617 Y108.159 F7800.000
G1 F1200.000
G1 X105.716 Y108.159 E81.35417
G1 Z20.850 F7800.000
G1 X105.399 Y107.789 F7800.000
G1 F3600.000
G1 X94.935 Y107.789 E81.63645
G1 X94.935 Y103.334 E81.75663
G1 X99.214 Y103.334 E81.87207
G1 X94.851 Y94.781 E82.13110
G1 X94.851 Y92.536 E82.19166
G1 X105.583 Y92.536 E82.48119
G1 X105.583 Y96.991 E82.60137
G1 X101.022 Y96.991 E82.72442
G1 X105.399 Y105.543 E82.98359
G1 X105.399 Y107.714 E83.04216
G1 X104.763 Y107.154 F7800.000
G1 F3600.000
G1 X95.571 Y107.154 E83.29013
G1 X95.571 Y103.970 E83.37602
G1 X100.252 Y103.970 E83.50231
G1 X95.487 Y94.628 E83.78522
G1 X95.487 Y93.171 E83.82451
G1 X104.948 Y93.171 E84.07974
G1 X104.948 Y96.355 E84.16563
G1 X99.983 Y96.355 E84.29958
G1 X104.763 Y105.697 E84.58265
G1 X104.763 Y107.079 E84.61994
G1 X104.202 Y106.593 F7800.000
G1 F1800.000
G1 X96.131 Y106.593 E84.78629
G1 X96.131 Y104.530 E84.82880
G1 X101.167 Y104.530 E84.93259
G1 X96.047 Y94.493 E85.16482
G1 X96.047 Y93.732 E85.18051
G1 X104.387 Y93.732 E85.35240
G1 X104.387 Y95.795 E85.39492
G1 X99.066 Y95.795 E85.50459
G1 X104.202 Y105.832 E85.73697
G1 X104.202 Y106.518 E85.75111
G1 X104.276 Y107.088 F7800.000
G1 X108.529 Y108.529 F7800.000
G1 F3600.000
G1 X91.471 Y108.529 E86.21127
G1 X91.471 Y91.471 E86.67142
G1 X108.529 Y91.471 E87.13157
G1 X108.529 Y108.454 E87.58970
G1 X109.164 Y109.164 F7800.000
G1 F3600.000
G1 X90.836 Y109.164 E88.08415
G1 X90.836 Y90.836 E88.57859
G1 X109.164 Y90.836 E89.07304
G1 X109.164 Y109.089 E89.56546
G1 X109.725 Y109.725 F7800.000
G1 F1800.000
G1 X90.275 Y109.725 E89.96634
G1 X90.275 Y90.275 E90.36721
G1 X109.725 Y90.275 E90.76808
G1 X109.725 Y109.650 E91.16740
G1 X109.242 Y109.596 F7800.000
G1 X106.599 Y108.140 F7800.000
G1 F1200.000
G1 X106.105 Y107.646 E91.18654
G1 X106.105 Y107.224 E91.19807
G1 X105.787 Y107.224 E91.20677
G1 X105.787 Y106.416 E91.22889
G1 X107.511 Y108.140 E91.29563
G1 X108.140 Y108.140 E91.31285
G1 X108.140 Y107.857 E91.32059
G1 X105.787 Y105.504 E91.41168
G1 X105.787 Y105.143 E91.42156
G1 X105.210 Y104.015 E91.45625
G1 X108.140 Y106.946 E91.56968
G1 X108.140 Y106.034 E91.59464
G1 X104.254 Y102.147 E91.74507
G1 X103.298 Y100.279 E91.80249
G1 X108.140 Y105.122 E91.98992
G1 X108.140 Y104.210 E92.01487
G1 X102.342 Y98.411 E92.23929
G1 X101.814 Y97.379 E92.27102
G1 X102.222 Y97.379 E92.28219
G1 X108.140 Y103.298 E92.51126
G1 X108.140 Y102.386 E92.53622
G1 X103.134 Y97.379 E92.72999
G1 X104.046 Y97.379 E92.75495
G1 X108.140 Y101.474 E92.91342
G1 X108.140 Y100.562 E92.93838
G1 X104.958 Y97.379 E93.06156
G1 X105.870 Y97.379 E93.08652
G1 X108.140 Y99.650 E93.17440
G1 X108.140 Y98.738 E93.19936
G1 X105.972 Y96.569 E93.28329
G1 X105.972 Y95.657 E93.30825
G1 X108.140 Y97.826 E93.39218
G1 X108.140 Y96.914 E93.41714
G1 X105.972 Y94.745 E93.50107
G1 X105.972 Y93.833 E93.52603
G1 X108.140 Y96.002 E93.60997
G1 X108.140 Y95.090 E93.63492
G1 X105.972 Y92.922 E93.71886
G1 X105.972 Y92.606 E93.72748
G1 X106.290 Y92.606 E93.73618
G1 X106.290 Y92.327 E93.74382
G1 X108.140 Y94.178 E93.81545
G1 X108.140 Y93.266 E93.84041
G1 X106.734 Y91.860 E93.89484
G1 X107.646 Y91.860 E93.91980
G1 X108.140 Y92.354 E93.93894
G1 X105.901 Y92.004 F7800.000
G1 F1200.000
G1 X94.533 Y92.004 E94.11485
G1 X94.145 Y92.354 F7800.000
G1 F1200.000
G1 X93.650 Y91.860 E94.13427
G1 X92.725 Y91.860 E94.15995
G1 X94.463 Y93.597 E94.22817
G1 X94.463 Y94.522 E94.25385
G1 X91.860 Y91.919 E94.35605
G1 X91.860 Y92.844 E94.38173
G1 X94.740 Y95.725 E94.49482
G1 X95.703 Y97.613 E94.55368
G1 X91.860 Y93.769 E94.70459
G1 X91.860 Y94.695 E94.73027
G1 X96.667 Y99.502 E94.91901
G1 X97.630 Y101.390 E94.97786
G1 X91.860 Y95.620 E95.20442
G1 X91.860 Y96.545 E95.23010
G1 X98.261 Y102.946 E95.48142
G1 X97.336 Y102.946 E95.50711
G1 X91.860 Y97.470 E95.72211
G1 X91.860 Y98.395 E95.74779
G1 X96.411 Y102.946 E95.92647
G1 X95.486 Y102.946 E95.95215
G1 X91.860 Y99.320 E96.09451
G1 X91.860 Y100.245 E96.12020
G1 X94.560 Y102.946 E96.22623
G1 X94.547 Y102.946 E96.22662
G1 X94.547 Y103.857 E96.25192
G1 X91.860 Y101.170 E96.35741
G1 X91.860 Y102.095 E96.38310
G1 X94.547 Y104.782 E96.48859
G1 X94.547 Y105.707 E96.51427
G1 X91.860 Y103.020 E96.61977
G1 X91.860 Y103.945 E96.64545
G1 X94.547 Y106.632 E96.75095
G1 X94.547 Y107.557 E96.77663
G1 X91.860 Y104.871 E96.88213
G1 X91.860 Y105.796 E96.90781
G1 X94.204 Y108.140 E96.99987
G1 X93.279 Y108.140 E97.02555
G1 X91.860 Y106.721 E97.08129
G1 X91.860 Y107.646 E97.10697
G1 X92.354 Y108.140 E97.12638
G1 X94.617 Y108.159 F7800.000
G1 F1200.000
G1 X105.716 Y108.159 E97.14494
M106 S196.35
G1 Z21.150 F7800.000
G1 X105.399 Y107.789 F7800.000
G1 F3600.000
G1 X94.935 Y107.789 E97.42721
G1 X94.935 Y103.334 E97.54740
G1 X99.214 Y103.334 E97.66284
G1 X94.851 Y94.781 E97.92187
G1 X94.851 Y92.536 E97.98243
G1 X105.583 Y92.536 E98.27195
G1 X105.583 Y96.991 E98.39214
G1 X101.022 Y96.991 E98.51519
G1 X105.399 Y105.543 E98.77436
G1 X105.399 Y107.714 E98.83293
G1 X104.763 Y107.154 F7800.000
G1 F3600.000
G1 X95.571 Y107.154 E99.08090
G1 X95.571 Y103.970 E99.16679
G1 X100.252 Y103.970 E99.29308
G1 X95.487 Y94.628 E99.57599
G1 X95.487 Y93.171 E99.61528
G1 X104.948 Y93.171 E99.87051
G1 X104.948 Y96.355 E99.95640
G1 X99.983 Y96.355 E100.09035
G1 X104.763 Y105.697 E100.37342
G1 X104.763 Y107.079 E100.41071
G1 X104.202 Y106.593 F7800.000
G1 F1800.000
G1 X96.131 Y106.593 E100.57705
G1 X96.131 Y104.530 E100.61957
G1 X101.167 Y104.530 E100.72336
G1 X96.047 Y94.493 E100.95559
G1 X96.047 Y93.732 E100.97128
G1 X104.387 Y93.732 E101.14317
G1 X104.387 Y95.795 E101.18568
G1 X99.066 Y95.795 E101.29536
G1 X104.202 Y105.832 E101.52774
G1 X104.202 Y106.518 E101.54188
G1 X104.276 Y107.088 F7800.000
G1 E99.54188 F2400.00000
G92 E0
G1 X108.529 Y108.529 F7800.000
G1 E2.00000 F2400.00000
G1 F3600.000
G1 X91.471 Y108.529 E2.46015
G1 X91.471 Y91.471 E2.92031
G1 X108.529 Y91.471 E3.38046
G1 X108.529 Y108.454 E3.83859
G1 X109.164 Y109.164 F7800.000
G1 F3600.000
G1 X90.836 Y109.164 E4.33303
G1 X90.836 Y90.836 E4.82748
G1 X109.164 Y90.836 E5.32193
G1 X109.164 Y109.089 E5.81435
G1 X109.725 Y109.725 F7800.000
G1 F1800.000
G1 X90.275 Y109.725 E6.21522
G1 X90.275 Y90.275 E6.61609
G1 X109.725 Y90.275 E7.01696
G1 X109.725 Y109.650 E7.41629
G1 X109.242 Y109.596 F7800.000
G1 E5.41629 F2400.00000
G92 E0
G1 X107.646 Y108.140 F7800.000
G1 E2.00000 F2400.00000
G1 F900.000
G1 X108.140 Y107.646 E2.01894
G1 X108.140 Y106.744 E2.04337
G1 X106.744 Y108.140 E2.09685
G1 X106.105 Y108.140 E2.11415
G1 X106.105 Y107.877 E2.12128
G1 X108.140 Y105.841 E2.19923
G1 X108.140 Y104.939 E2.22366
G1 X105.787 Y107.293 E2.31377
G1 X105.787 Y106.390 E2.33820
G1 X108.140 Y104.037 E2.42832
G1 X108.140 Y103.135 E2.45275
G1 X105.736 Y105.539 E2.54480
G1 X105.431 Y104.942 E2.56295
G1 X108.140 Y102.232 E2.66670
G1 X108.140 Y101.330 E2.69113
G1 X105.126 Y104.345 E2.80657
G1 X104.820 Y103.748 E2.82472
G1 X108.140 Y100.428 E2.95186
G1 X108.140 Y99.526 E2.97629
G1 X104.515 Y103.151 E3.11512
G1 X104.209 Y102.555 E3.13327
G1 X108.140 Y98.624 E3.28380
G1 X108.140 Y97.721 E3.30822
G1 X103.904 Y101.958 E3.47045
G1 X103.599 Y101.361 E3.48860
G1 X108.140 Y96.819 E3.66251
G1 X108.140 Y95.917 E3.68694
G1 X103.293 Y100.764 E3.87255
G1 X102.988 Y100.167 E3.89071
G1 X105.776 Y97.379 E3.99746
G1 X104.873 Y97.379 E4.02189
G1 X102.682 Y99.570 E4.10579
G1 X102.377 Y98.974 E4.12395
G1 X103.971 Y97.379 E4.18500
G1 X103.069 Y97.379 E4.20943
G1 X102.071 Y98.377 E4.24762
G1 X101.814 Y97.874 E4.26292
G1 X102.575 Y97.874 E4.28352
G1 E2.28352 F2400.00000
G92 E0
G1 X105.972 Y97.183 F7800.000
G1 E2.00000 F2400.00000
G1 F900.000
G1 X108.140 Y95.015 E2.08304
G1 X108.140 Y94.112 E2.10747
G1 X105.972 Y96.281 E2.19050
G1 X105.972 Y95.379 E2.21493
G1 X108.140 Y93.210 E2.29797
G1 X108.140 Y92.308 E2.32240
G1 X105.972 Y94.476 E2.40544
G1 X105.972 Y93.574 E2.42987
G1 X107.686 Y91.860 E2.49552
G1 X106.784 Y91.860 E2.51995
G1 X106.290 Y92.354 E2.53888
G1 X105.901 Y92.004 F7800.000
G1 F1200.000
G1 X94.533 Y92.004 E2.71479
G1 E0.71479 F2400.00000
G92 E0
G1 X91.860 Y92.354 F7800.000
G1 E2.00000 F2400.00000
G1 F900.000
G1 X92.354 Y91.860 E2.01950
G1 X93.284 Y91.860 E2.04543
G1 X91.860 Y93.284 E2.10161
G1 X91.860 Y94.213 E2.12754
G1 X94.145 Y91.928 E2.21769
G1 X94.145 Y92.606 E2.23661
G1 X94.396 Y92.606 E2.24362
G1 X91.860 Y95.143 E2.34367
G1 X91.860 Y96.072 E2.36960
G1 X94.463 Y93.469 E2.47229
G1 X94.463 Y94.399 E2.49822
G1 X91.860 Y97.002 E2.60090
G1 X91.860 Y97.931 E2.62683
G1 X94.679 Y95.111 E2.73807
G1 X94.993 Y95.727 E2.75735
G1 X91.860 Y98.861 E2.88097
G1 X91.860 Y99.790 E2.90690
G1 X95.307 Y96.343 E3.04291
G1 X95.621 Y96.958 E3.06219
G1 X91.860 Y100.720 E3.21059
G1 X91.860 Y101.649 E3.23652
G1 X95.935 Y97.574 E3.39731
G1 X96.249 Y98.189 E3.41658
G1 X91.860 Y102.579 E3.58976
G1 X91.860 Y103.508 E3.61569
G1 X96.563 Y98.805 E3.80125
G1 X96.877 Y99.420 E3.82052
G1 X91.860 Y104.438 E4.01847
G1 X91.860 Y105.367 E4.04440
G1 X94.547 Y102.680 E4.15040
G1 X94.547 Y103.610 E4.17633
G1 X91.860 Y106.297 E4.28233
G1 X91.860 Y107.226 E4.30826
G1 X94.547 Y104.539 E4.41426
G1 X94.547 Y105.469 E4.44019
G1 X91.875 Y108.140 E4.54557
G1 X92.805 Y108.140 E4.57150
G1 X94.547 Y106.399 E4.64022
G1 X94.547 Y107.224 E4.66325
G1 X94.229 Y107.224 E4.67212
G1 X94.229 Y107.646 E4.68388
G1 X93.734 Y108.140 E4.70339
G1 E2.70339 F2400.00000
G92 E0
G1 X94.052 Y103.175 F7800.000
G1 E2.00000 F2400.00000
G1 F900.000
G1 X94.052 Y102.946 E2.00639
G1 X94.281 Y102.946 E2.01278
G1 X97.191 Y100.036 E2.12758
G1 X97.505 Y100.651 E2.14686
G1 X95.211 Y102.946 E2.23738
G1 X96.140 Y102.946 E2.26331
G1 X97.819 Y101.267 E2.32955
G1 X98.133 Y101.882 E2.34883
G1 X97.070 Y102.946 E2.39078
G1 E0.39078 F2400.00000
G92 E0
G1 X94.617 Y108.159 F7800.000
G1 E2.00000 F2400.00000
G1 F1200.000
G1 X105.716 Y108.159 E2.01856
G1 E0.01856 F2400.00000
G92 E0
M107

Filament-specific end gcode \n
END gcode for filament\n
M104 S0 ; turn off temperature
G28 X0  ; home X axis
M84     ; disable motors

M140 S0 ; set bed temperature
; cog_x = -0.000000
; cog_y = -0.000000
; cog_z = -0.000000
; filament_length_m = 0.9749 
; filament_volume_cm3 = 6.8910
; total_filament_cost = 0.0

; avoid_crossing_perimeters = 0
; bed_shape = 0x0,200x0,200x200,0x200
; bed_temperature = 0
; before_layer_gcode = 
; between_objects_gcode = 
; bridge_acceleration = 0
; bridge_fan_speed = 100
; brim_connections_width = 0
; brim_ears = 0
; brim_ears_max_angle = 125
; brim_width = 0
; complete_objects = 0
; cooling = 1
; default_acceleration = 0
; disable_fan_first_layers = 3
; duplicate_distance = 6
; end_filament_gcode = ;"Filament-specific end gcode \\n";"END gcode for filament\\n"
; end_gcode = M104 S0 ; turn off temperature\nG28 X0  ; home X axis\nM84     ; disable motors\n
; extruder_clearance_height = 20
; extruder_clearance_radius = 20
; extruder_offset = 0x0
; extrusion_axis = E
; extrusion_multiplier = 1
; fan_always_on = 0
; fan_below_layer_time = 60
; fan_percentage = 0
; filament_colour = #FFFFFF
; filament_cost = 0
; filament_density = 0
; filament_diameter = 3
; filament_max_volumetric_speed = 0
; filament_notes = ""
; first_layer_acceleration = 0
; first_layer_bed_temperature = 0
; first_layer_extrusion_width = 200%
; first_layer_speed = 30
; first_layer_temperature = 200
; gcode_arcs = 0
; gcode_comments = 0
; gcode_flavor = reprap
; has_heatbed = 1
; infill_acceleration = 0
; infill_first = 0
; interior_brim_width = 0
; label_printed_objects = 0
; layer_gcode = 
; max_fan_speed = 100
; max_layer_height = 0.3
; max_print_speed = 80
; max_volumetric_speed = 0
; min_fan_speed = 35
; min_layer_height = 0.15
; min_print_speed = 10
; min_skirt_length = 0
; notes = 
; nozzle_diameter = 0.5
; only_retract_when_crossing_perimeters = 1
; ooze_prevention = 0
; output_filename_format = [input_filename_base].gcode
; perimeter_acceleration = 0
; post_process = 
; pressure_advance = 0
; printer_notes = 
; resolution = 0
; retract_before_travel = 2
; retract_layer_change = 0
; retract_length = 2
; retract_length_toolchange = 10
; retract_lift = 0
; retract_lift_above = 0
; retract_lift_below = 0
; retract_restart_extra = 0
; retract_restart_extra_toolchange = 0
; retract_speed = 40
; skirt_distance = 6
; skirt_height = 1
; skirts = 4
; slowdown_below_layer_time = 5
; spiral_vase = 0
; standby_temperature_delta = -5
; start_filament_gcode = ;"Filament gcode\\n"
; start_gcode = G28 ; home all axes\nG1 Z5 F5000 ; lift nozzle\n
; temperature = 200
; threads = 8
; toolchange_gcode = 
; travel_speed = 130
; use_firmware_retraction = 0
; use_relative_e_distances = 0
; use_set_and_wait_bed = 0
; use_set_and_wait_extruder = 0
; use_volumetric_e = 0
; vibration_limit = 0
; wipe = 0
; z_offset = 0
; z_steps_per_mm = 0
; adaptive_slicing = 0
; adaptive_slicing_quality = 75%
; dont_support_bridges = 1
; extrusion_width = 0
; first_layer_height = 0.2
; infill_only_where_needed = 0
; interface_shells = 0
; layer_height = 0.3
; match_horizontal_surfaces = 0
; raft_layers = 3
; regions_overlap = 0
; seam_position = aligned
; sequential_print_priority = 0
; support_material = 1
; support_material_angle = 0
; support_material_buildplate_only = 0
; support_material_contact_distance = 0.2
; support_material_enforce_layers = 0
; support_material_extruder = 1
; support_material_extrusion_width = 0
; support_material_interface_extruder = 1
; support_material_interface_extrusion_width = 0
; support_material_interface_layers = 3
; support_material_interface_spacing = 0
; support_material_interface_speed = 100%
; support_material_max_layers = 0
; support_material_pattern = pillars
; support_material_pillar_size = 2.5
; support_material_pillar_spacing = 10
; support_material_spacing = 2.5
; support_material_speed = 60
; support_material_threshold = 60%
; xy_size_compensation = 0
; bottom_infill_pattern = rectilinear
; bottom_solid_layers = 3
; bridge_flow_ratio = 1
; bridge_speed = 60
; external_perimeter_extrusion_width = 0
; external_perimeter_speed = 50%
; external_perimeters_first = 0
; extra_perimeters = 1
; fill_angle = 45
; fill_density = 50%
; fill_gaps = 1
; fill_pattern = honeycomb
; gap_fill_speed = 20
; infill_every_layers = 1
; infill_extruder = 1
; infill_extrusion_width = 0
; infill_overlap = 55%
; infill_speed = 80
; min_shell_thickness = 0
; min_top_bottom_shell_thickness = 0
; overhangs = 1
; perimeter_extruder = 1
; perimeter_extrusion_width = 0
; perimeter_speed = 60
; perimeters = 3
; small_perimeter_speed = 15
; solid_infill_below_area = 70
; solid_infill_every_layers = 0
; solid_infill_extruder = 1
; solid_infill_extrusion_width = 0
; solid_infill_speed = 20
; thin_walls = 1
; top_infill_extrusion_width = 0
; top_infill_pattern = rectilinear
; top_solid_infill_speed = 15
; top_solid_layers = 3
